企业代号,企业名称,"('金额', 'count')_x","('金额', 'mean')_x","('金额', 'std')_x","('金额', 'min')_x","('金额', '25%')_x","('金额', '50%')_x","('金额', '75%')_x","('金额', 'max')_x","('税额', 'count')_x","('税额', 'mean')_x","('税额', 'std')_x","('税额', 'min')_x","('税额', '25%')_x","('税额', '50%')_x","('税额', '75%')_x","('税额', 'max')_x","('价税合计', 'count')_x","('价税合计', 'mean')_x","('价税合计', 'std')_x","('价税合计', 'min')_x","('价税合计', '25%')_x","('价税合计', '50%')_x","('价税合计', '75%')_x","('价税合计', 'max')_x","('发票状态', 'count')_x","('发票状态', 'unique')_x","('发票状态', 'top')_x","('发票状态', 'freq')_x","('金额', 'count')","('金额', 'mean')","('金额', 'std')","('金额', 'min')","('金额', '25%')","('金额', '50%')","('金额', '75%')","('金额', 'max')","('税额', 'count')","('税额', 'mean')","('税额', 'std')","('税额', 'min')","('税额', '25%')","('税额', '50%')","('税额', '75%')","('税额', 'max')","('价税合计', 'count')","('价税合计', 'mean')","('价税合计', 'std')","('价税合计', 'min')","('价税合计', '25%')","('价税合计', '50%')","('价税合计', '75%')","('价税合计', 'max')","('发票状态', 'count')","('发票状态', 'unique')","('发票状态', 'top')","('发票状态', 'freq')"
E124,个体经营E124 ,17411.0,52971.025771064,124108.97885049199,-881892.24,530.97,9999.03,90909.09,5504587.16,17411.0,4014.8603336970255,9003.788644856191,-141102.76,46.35,1243.28,5589.225,495412.84,17411.0,56985.886104761295,130973.88614620962,-1022995.0,580.0,11576.11,100000.0,6000000.0,17411,2,有效发票,15264,1293.0,685080.2274091365,385106.56109483173,-970873.79,484054.05,900900.9,917431.19,999999.99,1293.0,61293.793047177816,36534.85198770562,-99099.1,30800.0,81818.18,90909.09,110000.0,1293.0,746374.0204563033,415753.23373241787,-1000000.0,527509.96,1000000.0,1000000.0,1109999.99,1293,2,有效发票,1099
E125,个体经营E125 ,20288.0,54017.35958251189,122409.03758164476,-970873.79,640.15,13643.74,91743.12,5504587.16,20288.0,4037.314563781554,8585.711920500777,-141102.76,47.59,1303.45,5937.365,495412.84,20288.0,58054.67414629335,128906.30583224563,-1022995.0,683.075,14850.0,100000.0,6000000.0,20288,2,有效发票,17776,1595.0,688308.2894608242,371485.25240964105,-970873.79,482457.77,900900.9,917431.19,999999.99,1595.0,60973.845611286146,35615.13584427463,-99099.1,29126.21,79883.78,90909.09,110000.0,1595.0,749282.1350721001,400992.4617397552,-1000000.0,519571.52,1000000.0,1000000.0,1109999.99,1595,2,有效发票,1380
E126,个体经营E126 ,533.0,220126.04878048785,300449.2609536251,-95774.37,6767.0,86150.86,293473.18,999961.31,533.0,31292.976810506592,45243.2326758847,-2873.23,291.26,12516.81,36856.86,167396.16,533.0,251419.02559099428,344080.5468993473,-98647.6,6970.0,99600.0,340428.89,1159955.1,533,2,有效发票,515,1516.0,414798.3843733512,394896.5529300169,-986702.91,69089.32,313012.75,854024.845,999296.12,1516.0,14165.362407651755,17946.090935610067,-29601.09,2328.13,9739.205,26124.2925,157276.23,1516.0,428963.74678100256,408119.4119512341,-1016304.0,71162.0,322403.13,881583.2250000001,1082430.5,1516,2,有效发票,1264
E127,个体经营E127 ,1450.0,1194.9272758620682,9323.02717597383,-513.27,172.745,286.74,549.2025,283018.87,1450.0,84.22647586206874,914.7552579463179,-66.73,12.4525,29.65,47.942499999999995,29931.03,1450.0,1279.1537517241375,10137.63057503621,-580.0,200.0,320.0,599.75,300000.0,1450,2,有效发票,1424,4026.0,173082.38929706125,241750.94091155997,-873786.41,97087.38,99902.91,99999.03,999999.99,4026.0,5195.472737208017,7252.130534931545,-26213.59,2912.62,2997.09,2999.97,30000.0,4026.0,178277.86203427718,249002.20851881066,-900000.0,100000.0,102900.0,102999.0,1029999.99,4026,2,有效发票,3904
E128,个体经营E128 ,3222.0,3197.470260707643,15130.191636043755,-92307.69,158.245,283.02,770.605,359223.3,3222.0,150.77302917442586,877.3546084847943,-15692.31,6.555,28.705,55.18,15692.31,3222.0,3348.243289882063,15783.480016630781,-108000.0,173.3025,319.5,800.0,370000.0,3222,2,有效发票,3134,1255.0,203731.37088445865,284770.7461370521,0.0,96116.5,96990.29,97077.67,970873.79,1255.0,7139.037976095637,8486.558044346926,0.0,2909.71,2912.33,9090.91,29126.21,1255.0,210870.4088605577,292912.26975716546,0.0,99500.0,99990.0,100000.0,1000000.0,1255,2,有效发票,1161
E129,个体经营E129 ,6326.0,14783.278465064679,64993.61022808101,-595052.99,194.17,398.23,5037.18,990709.4,6326.0,1785.3296332595578,9121.85420435721,-101159.01,7.34,27.465,291.26,168420.6,6326.0,16568.608098324366,73385.2954404483,-696212.0,205.0,420.0,5553.0,1159130.0,6326,2,有效发票,5928,5817.0,63295.23940691077,40198.65608855286,-99655.17,24487.17,84568.97,97435.9,99993.23,5817.0,9660.547765171063,6588.426628589431,-16686.16,3503.45,11737.93,15779.49,16998.13,5817.0,72955.78717208176,46475.2420397409,-115600.0,28296.0,96600.0,112642.5,116987.1,5817,2,有效发票,5181
E130,个体经营E130 ,3251.0,24637.30223008303,66096.67973740972,-88495.58,256.41,936.89,9980.064999999999,970873.79,3251.0,1674.5824207936087,4243.930080113555,-14781.28,25.05,60.74,1379.31,74311.93,3251.0,26311.884650876673,69450.07857649788,-101730.0,280.5,999.0,11503.02,1000000.0,3251,2,有效发票,3123,1382.0,83377.79574529771,29461.637550624397,-99000.0,90909.09,91743.12,91743.12,99090.91,1382.0,7600.425767004448,2778.6555178871927,-8910.0,8256.88,8256.88,8256.88,9909.09,1382.0,90978.22151230101,32068.62478081126,-107910.0,100000.0,100000.0,100000.0,109000.0,1382,2,有效发票,1321
E131,个体经营E131 ,7077.0,17386.70643351699,63241.17147625426,-99543.1,221.98,2200.82,10006.0,909090.91,7077.0,2165.515746785362,7123.749642586833,-15926.9,19.22,151.46,1502.03,99099.1,7077.0,19552.222180302404,70206.00147624266,-115470.0,240.0,2400.0,11600.0,1000000.0,7077,2,有效发票,6527,3336.0,68685.15886091121,140478.83647368397,-431939.66,5064.6575,21238.94,61876.815,984957.26,3336.0,10744.513396283002,21713.533059281945,-69110.34,776.6949999999999,3221.24,9890.689999999999,167442.74,3336.0,79429.67225719422,162047.32164683228,-501050.0,5800.0,24500.0,72000.0,1152400.0,3336,2,有效发票,3097
E132,个体经营E132 ,5159.0,13275.127865865546,34087.47146457117,-298291.5,172.41,258.62,2393.63,800884.96,5159.0,1270.136759061819,3836.655254118861,-38777.9,22.07,33.36,116.5,104115.04,5159.0,14545.264624927295,37286.025938444785,-337069.4,200.0,300.0,2530.0,905000.0,5159,2,有效发票,5050,1798.0,124245.81036707661,154969.0045256349,-805825.24,90090.09,90909.09,97087.38,970873.79,1798.0,10934.559254727645,12927.11101511702,-24174.76,8256.88,9090.91,9909.91,106148.22,1798.0,135180.36962180206,165874.43179430105,-830000.0,100000.0,100000.0,105000.0,1071132.02,1798,2,有效发票,1659
E133,个体经营E133 ,1645.0,25124.03946504557,77409.17943357893,-340.79,248.54,803.88,9627.18,970873.79,1645.0,1048.3490516717404,3746.087889694699,-44.31,15.85,55.94,284.5,50564.1,1645.0,26172.388516717325,80134.08547525796,-385.1,271.0,840.0,9975.0,1000000.0,1645,2,有效发票,1599,170.0,824464.6810588246,328495.24353280995,-970873.79,950000.0,970873.78,970873.79,973902.91,170.0,24733.940352941223,9854.857435406737,-29126.21,28500.0,29126.21,29126.21,29217.09,170.0,849198.6214117651,338350.10096821544,-1000000.0,978500.0,1000000.0,1000000.0,1003120.0,170,2,有效发票,140
E134,***工程咨询有限公司,1695.0,2402.4804542772968,30392.64885437959,-1446.87,133.98,230.09,505.82500000000005,1219827.59,1695.0,219.89676696165185,4766.741297055109,-188.1,4.82,19.57,41.38,195172.41,1695.0,2622.377221238939,35117.91355623839,-1634.97,139.1,250.0,537.0,1415000.0,1695,2,有效发票,1664,3070.0,42936.46968078225,36150.57487594768,-94339.62,13875.4375,33402.125,84905.66,94339.62,3070.0,2576.188905537441,2169.0353732759677,-5660.38,832.53,2004.125,5094.34,5660.38,3070.0,45512.6585863192,38319.610249221936,-100000.0,14707.9675,35406.25,90000.0,100000.0,3070,2,有效发票,2835
E135,***建设工程有限公司,2891.0,8847.712393635395,36246.07765980561,-194174.76,310.51,911.5,1221.05,968446.61,2891.0,657.6934763057869,2746.4627231832237,-10944.99,29.13,107.24,154.155,57522.12,2891.0,9505.405869941198,38316.48373284133,-200000.0,340.75,1000.0,1378.48,997500.0,2891,2,有效发票,2847,413.0,379678.3692978205,399390.56381134206,-999047.62,87475.73,258800.5,769697.09,999047.62,413.0,22254.841016949133,32365.163543927432,-21871.17,600.0,4808.58,29126.21,99099.1,413.0,401933.21031477,421875.46927917475,-1000000.0,90000.0,269776.34,823742.0,1070000.0,413,2,有效发票,367
E136,***机械有限责任公司,1288.0,89066.62186335433,14965.041851372316,-2400.7,86702.59,89655.17,98148.88,99983.01,1288.0,13679.084526397513,2415.0667395754704,-144.05,12778.54,13996.55,15487.7,16273.5,1288.0,102745.7063897513,17049.69566492626,-2544.75,98625.0,104000.0,112980.8,115976.0,1288,2,有效发票,1286,1355.0,91312.00531365321,12594.182494728677,-75641.03,87531.87,92307.69,98783.19,99993.49,1355.0,14084.903985239755,2288.5238982555215,-12858.97,12841.81,14246.9,15832.89,16998.56,1355.0,105396.90929889285,14516.03429622688,-88500.0,100950.0,105325.0,114518.7,116990.06,1355,2,有效发票,1284
E137,***建设工程有限公司,3281.0,35297.60301737229,98899.58924206016,-99823.01,256.7,834.95,46455.34,999523.81,3281.0,1768.0593447119927,7493.346540679634,-12976.99,15.76,52.3,813.53,155977.77,3281.0,37065.66236208472,104591.85546541023,-112800.0,284.0,900.0,50000.0,1130838.8,3281,2,有效发票,3141,254.0,625780.0214173225,360598.31032158044,-961165.05,363636.36,783369.0700000001,891891.89,961165.05,254.0,45567.27299212597,34245.460573838915,-50000.0,18960.9,29282.34,81743.12,98108.11,254.0,671347.2944094487,385698.25971200527,-990000.0,400000.0,857775.2949999999,990000.0,999000.0,254,2,有效发票,231
E138,个体经营E138 ,520.0,40598.03767307689,70081.11589158235,-1665.1,140.71,526.01,81367.52,728761.06,520.0,6032.040230769236,10346.90419114355,-266.42,13.9025,61.315,11819.85,94738.94,520.0,46630.077903846155,80325.3265396397,-1931.52,159.0,580.5,95200.0,823500.0,520,2,有效发票,512,1492.0,74512.15569705082,25528.665154064834,-97500.0,70940.17,81239.315,91884.61499999999,99974.36,1492.0,11294.385321715801,4016.6544571834784,-15600.0,10043.36,12275.86,13793.1,16995.64,1492.0,85806.54101876676,29333.03670445304,-113100.0,81000.0,93500.0,105120.0,116970.0,1492,2,有效发票,1439
E139,个体经营E139 ,472.0,3541.123241525424,17661.002448024825,-5754.72,81.03,224.14999999999998,2298.5525,355339.81,472.0,225.0689406779659,658.6795690270438,-345.28,11.004999999999999,27.59,174.76,10660.19,472.0,3766.19218220339,18244.91708854656,-6100.0,92.0,257.245,2510.0,366000.0,472,2,有效发票,457,12822.0,15979.688352051267,21158.406056243108,-93656.6,9800.0,9991.0,9996.66,99999.9,12822.0,846.2171119950077,2580.277638432635,-11111.75,0.0,0.0,0.0,12999.98,12822.0,16825.90546404627,23704.742350437315,-103958.83,9800.0,9991.0,9996.8,112999.88,12822,2,有效发票,12209
E140,***建筑工程有限公司,2074.0,3599.8205014465016,16978.277163143095,-99655.17,88.5,262.96000000000004,648.1375,148543.68,2074.0,257.33925747348104,1989.987048859024,-15944.83,3.6775,18.65,46.0275,16543.36,2074.0,3857.1597589199646,18679.29814182748,-115600.0,100.0,291.5,700.0,153000.0,2074,2,有效发票,2023,845.0,266489.58860355057,330770.9581315596,-970873.79,97086.41,97087.38,330715.53,970873.79,845.0,8430.685325443817,10017.43486732146,-29126.21,2912.59,2912.62,10956.17,35938.55,845.0,274920.27392899414,340553.1057563356,-1000000.0,99999.0,100000.0,340637.0,1000000.0,845,2,有效发票,726
E141,***食品有限公司,1413.0,28938.389087048843,39246.19082736745,-22531.07,1071.84,9937.65,49490.0,277692.67,1413.0,1458.0060792639777,3486.138491417818,-675.93,0.0,29.1,909.09,24992.33,1413.0,30396.39516631279,41339.62133137276,-23207.0,1130.0,9999.0,50761.7,302685.0,1413,2,有效发票,1357,4740.0,35433.67811814352,34372.209124155495,-97396.7,6983.325,25936.035,61309.1075,99999.0,4740.0,567.1482299578055,1449.151633734523,-7995.93,0.0,0.0,449.8025,14347.46,4740.0,36000.82634810129,34816.80936789182,-104631.03,7223.9175,26611.78,61982.58,106152.05,4740,2,有效发票,4458
E142,***运业有限公司,727.0,70323.7537414028,148721.19667897926,-179487.18,1529.725,12863.35,91743.12,884955.75,727.0,9581.969188445657,21873.201214331497,-30512.82,151.125,887.1,8256.88,145299.14,727.0,79905.72292984875,170240.60915534038,-210000.0,1725.0,13973.56,100000.0,1000000.0,727,2,有效发票,704,1476.0,70227.15813685603,32695.35089882869,-90639.64,46550.8925,90090.09,94581.86,99999.09,1476.0,6844.193929539303,3278.4526800567587,-9970.36,4319.59,8382.065,9090.91,10900.9,1476.0,77071.35206639567,35880.13538269791,-100610.0,51108.25,100000.0,104010.0,110000.0,1476,3,有效发票,1366
E143,***电子科技有限公司,3714.0,9291.013546041964,28482.290729567092,-52717.24,178.64,566.04,5651.635,411964.08,3714.0,1012.5273074851899,2982.0606100242453,-8434.76,9.09,31.06,329.825,32399.94,3714.0,10303.54085352718,31014.003420015146,-61152.0,200.0,599.5,6047.5,424323.02,3714,2,有效发票,3579,1150.0,82530.16233043409,106637.35615059691,-99396.55,60301.725,84482.76,87895.175,991150.44,1150.0,11409.96666956521,14020.070380960247,-15903.45,5915.09,11274.34,13517.24,128849.56,1150.0,93940.129,120496.00016027648,-115300.0,69555.0,98000.0,100000.0,1120000.0,1150,2,有效发票,1099
E144,***劳务有限公司,2478.0,3579.3138619854903,30852.39155656703,-83659.82,178.81,306.11,871.12,999285.71,2478.0,283.6954761904777,1593.809769043225,-10875.78,13.31,31.965,58.81,15724.14,2478.0,3863.009338175948,31479.612732950212,-94535.6,200.0,340.0,950.75,1000000.0,2478,2,有效发票,2434,1360.0,83973.23074999916,40015.22896143814,-99902.91,90909.09,97087.38,97087.38,99902.91,1360.0,4253.983544117715,3675.926089848488,-9909.91,2912.62,2912.62,2912.62,14653.79,1360.0,88227.21429411766,41596.23768361187,-102900.0,100000.0,100000.0,100000.0,109500.0,1360,2,有效发票,1245
E145,***工贸有限公司,2988.0,38614.156954484664,109419.65598559473,-110717.17,424.41999999999996,5765.620000000001,33881.417499999996,976143.73,2988.0,5481.094615127182,17383.471338922358,-14393.23,23.5925,338.9,3719.4325,161094.31,2988.0,44095.25156961175,126560.60509350066,-125110.4,468.9,6235.845,38802.0,1120529.0,2988,2,有效发票,2916,4271.0,30744.539831421298,35034.02568677937,-98920.02,3868.2799999999997,12792.46,58087.825,99999.06,4271.0,4328.51667291033,5294.008107966838,-16708.23,455.81,1700.08,7046.245,16999.39,4271.0,35073.05650433151,39980.054555507064,-114991.92,4345.71,14719.65,66588.93,116995.8,4271,3,有效发票,3844
E146,***基础建设工程有限公司,3250.0,41221.81215999951,142806.97215098306,-430036.62,176.99,431.53499999999997,9408.0,999991.28,3250.0,4847.912446153805,21606.4627367228,-68805.86,21.58,42.085,291.0,169998.52,3250.0,46069.72460615385,163142.13671334175,-498842.48,200.0,468.0,9865.175,1169989.8,3250,2,有效发票,3170,1612.0,92797.43387717096,68340.96477253371,-99099.1,90090.08,91743.12,99090.91,970873.79,1612.0,8472.345763027326,3483.1202711860574,-10900.9,8256.88,9090.91,9909.09,29126.21,1612.0,101269.77964019844,70706.84742756975,-110000.0,99999.99,100000.0,109000.0,1000000.0,1612,2,有效发票,1416
E147,***装饰工程有限责任公司,5991.0,26157.57482056394,71055.83932106468,-97087.38,1677.69,9707.77,9905.34,999523.81,5991.0,1586.3369253880585,3753.1041873174663,-15347.96,81.55,291.26,1150.44,73642.48,5991.0,27743.91174595232,72557.65201307226,-105630.0,1789.0,9999.99,10965.0,1000000.0,5991,2,有效发票,5603,2371.0,80846.5498608189,28791.038950250575,-97087.38,89003.34,91743.12,96116.5,97087.38,2371.0,5252.880759173409,3364.378852843165,-9883.45,2883.5,2912.62,9090.91,9909.91,2371.0,86099.43061999147,30423.12750445587,-100000.0,98000.0,99000.0,100000.0,100000.0,2371,2,有效发票,2314
E148,***商贸有限公司,546.0,56558.75373626369,179782.4861991597,-6728.16,304.84499999999997,1232.07,16753.8125,970873.79,546.0,2662.6028388278414,7399.008699370021,-201.84,25.3675,69.39500000000001,1183.3625,62432.43,546.0,59221.3565750916,186038.47794058724,-6930.0,330.0,1315.5,19093.85,1000000.0,546,2,有效发票,511,281.0,301005.62558718835,224202.92068039987,-648000.0,35238.1,413036.19,435518.1,892678.1,281.0,15050.329181494655,11935.748502535944,-58320.0,1761.9,20651.81,21775.9,58320.0,281.0,316055.95476868324,235957.6720350541,-706320.0,37000.0,433688.0,457294.0,937312.0,281,2,有效发票,270
E149,***建筑劳务有限公司,293.0,1963.7226279863492,7919.2149220889605,8.8,176.99,382.08,1709.4,131533.27,293.0,242.41399317406135,1340.0083337182432,0.0,6.79,23.01,100.46,22360.65,293.0,2206.13662116041,9252.82863870142,8.8,196.0,405.0,2000.0,153893.92,293,2,有效发票,285,1226.0,88219.15170473138,31404.755796270063,-90090.09,90909.09,97087.38,97087.38,99999.03,1226.0,5293.839730832023,3982.499950995484,-9909.91,2912.62,2970.87,9090.91,10900.9,1226.0,93512.9914355628,33885.758157572694,-100000.0,100000.0,100000.0,100000.0,110000.0,1226,2,有效发票,1147
E150,***建设工程有限公司,3379.0,25410.31976916236,64933.60838486939,-78398.06,341.88,7075.47,12476.74,999285.71,3379.0,1575.2864960047289,3694.8897844499543,-2351.94,36.555,258.32,1079.35,52908.85,3379.0,26985.606265167207,67433.0161100763,-80750.0,390.0,7560.0,13975.0,1000000.0,3379,2,有效发票,3268,464.0,271012.70956896537,272316.23887709546,-1485.0,46498.775,183745.11,391993.32,970873.79,464.0,21213.950301724148,24789.650493155383,-148.5,2921.9075000000003,11834.974999999999,29729.73,99099.1,464.0,292226.65987068973,294244.84837852366,-1633.5,50000.0,200000.0,420108.4875,1057949.0,464,2,有效发票,410
E151,***路桥工程有限公司,801.0,14471.632833957545,82797.67075512401,-169.81,258.62,696.54,4273.5,993140.34,801.0,2211.9486641697777,13916.229770701888,-10.19,18.14,67.88,689.66,168833.86,801.0,16683.581498127343,96668.80006000497,-180.0,298.0,805.0,5000.0,1161974.2,801,2,有效发票,781,148.0,731769.0195270274,338867.07172589516,26518.11,515551.46499999997,909090.91,971274.6075,990990.99,148.0,46594.20385135137,32957.34293209106,2651.81,29126.21,29708.74,87473.0275,109009.01,148.0,778363.2233783785,355921.84263006574,29169.92,554977.825,1000000.0,1016630.19,1100000.0,148,2,有效发票,140
E152,***运贸有限责任公司,912.0,7166.299385964906,14493.045114015544,-31597.08,213.59,2859.225,9731.25,247148.52,912.0,350.8334100877187,1139.6374108006864,-1001.86,0.0,7.705,115.495,12357.43,912.0,7517.132796052632,15429.320408629015,-32545.0,220.0,2915.0,9841.75,259505.95,912,2,有效发票,891,1525.0,79913.80228196702,29136.99923191154,-99999.0,82308.95,92232.59,95314.0,99999.01,1525.0,4662.605377049195,1985.0135206939033,-603.97,4883.87,5529.2,5691.66,15267.18,1525.0,84576.40765901635,30774.293898305452,-99999.0,87247.49,97766.55,100552.65,105440.96,1525,2,有效发票,1488
E153,个体经营E153 ,71.0,1238.258591549295,2716.3228842280223,10.34,172.41,262.14,341.71500000000003,9708.74,71.0,72.68507042253522,114.82324146111635,1.3,20.865000000000002,35.87,48.815,565.38,71.0,1310.9436619718308,2803.076625712356,12.0,200.0,300.0,390.5,10000.0,71,1,有效发票,71,355.0,855702.3979436646,232990.15093497426,-798351.35,900900.9,951456.31,970873.79,995145.63,355.0,48638.9155211267,33895.219570664565,-87818.65,29126.21,29126.21,90909.09,99099.1,355.0,904341.3134647886,245409.90827962395,-886170.0,990000.0,1000000.0,1000000.0,1025000.0,355,2,有效发票,280
E154,***汽车销售服务有限公司,2696.0,46315.870448812806,127012.78139479071,-699332.76,176.99,456.505,76616.38,816056.03,2696.0,6987.345879080135,19923.85520926243,-111893.24,23.01,47.620000000000005,11277.21,130568.97,2696.0,53303.2163278932,146748.24880218582,-811226.0,200.0,500.0,88875.0,946625.0,2696,2,有效发票,2657,1923.0,40467.98941757659,41620.22478028413,-69066.36,3992.2650000000003,15589.74,90181.03,99993.1,1923.0,6133.934903796145,6379.928218224762,-8978.64,592.06,2376.97,12792.845,16983.58,1923.0,46601.92432137295,47935.12692854396,-78045.0,4584.0,18086.0,104320.0,116887.0,1923,2,有效发票,1816
E155,个体经营E155 ,417.0,184406.73393285382,305528.7074709424,-92094.02,605.83,90265.49,203663.79,2865843.33,417.0,28358.80889688252,46583.88729745762,-15655.98,64.08,14684.29,31206.9,458534.92,417.0,212765.54282973617,351822.68373369705,-107750.0,645.68,105000.0,236250.0,3324378.25,417,2,有效发票,398,1083.0,74906.36016620506,25142.598520517535,-97500.0,74237.105,81709.4,90743.06,99568.97,1083.0,11353.544884579878,3948.170257443493,-15600.0,10123.89,12413.79,13793.1,16564.1,1083.0,86259.90505078486,28897.211777750606,-113100.0,85000.0,94100.0,104000.0,115500.0,1083,2,有效发票,1045
E156,个体经营E156 ,611.0,3876.828199672665,14502.150503054585,-20726.49,170.94,262.14,969.9,99902.91,611.0,173.1990016366609,643.5375648453119,-3523.51,14.53,33.78,58.480000000000004,7286.25,611.0,4050.027201309331,15015.622953508155,-24250.0,200.0,300.0,999.0,102900.0,611,2,有效发票,592,444.0,409244.65042792796,502467.1983359997,-970873.79,43131.1,266568.88,970873.79,990990.99,444.0,14899.066396396396,22394.481479446342,-29126.21,1293.93,8226.16,29126.21,109009.01,444.0,424143.716824324,520561.8721598612,-1000000.0,44425.03,274565.95,1000000.0,1100000.0,444,2,有效发票,384
E157,***环境设备工程有限公司,1553.0,34278.4237797812,62435.477342116414,-99898.23,375.47,9590.0,76258.41,970873.79,1553.0,3642.901983258207,6191.695122673227,-14115.68,41.38,291.26,8260.51,95326.65,1553.0,37921.32576303927,67837.971846506,-112885.0,415.0,9920.96,86172.0,1000000.0,1553,2,有效发票,1472,999.0,73953.19514514471,49976.19051324453,-97087.38,90909.09,91743.12,91743.12,97087.38,999.0,5847.704804804757,3668.8910719542864,-9909.91,2912.62,8256.88,8256.88,14529.91,999.0,79800.89994994995,52739.92726152218,-100000.0,100000.0,100000.0,100000.0,100047.66,999,2,有效发票,918
E158,***装饰工程有限公司,1174.0,58573.46084327087,185401.63322879424,-458620.43,189.0,442.48,9450.0,970873.79,1174.0,2213.8586286200966,5856.004722170331,-13758.61,13.55,41.38,299.2725,29126.21,1174.0,60787.319471891,190984.99038837384,-472379.04,200.0,480.0,9882.1375,1000000.0,1174,2,有效发票,1099,986.0,89508.6627789059,21654.539387965502,0.0,91743.12,97087.38,99090.91,99999.09,986.0,6436.686825557831,3433.8394316042386,0.0,2912.62,8256.88,9500.0,10999.89,986.0,95945.34960446249,23265.435636624054,0.0,100000.0,100000.0,102897.0,110998.89,986,2,有效发票,859
E159,个体经营E159 ,4684.0,15245.390527327063,50802.15095253259,-88495.58,175.48749999999998,486.75,8738.74,999285.71,4684.0,886.754549530312,2541.770480862915,-12312.4,8.89,36.81,291.26,16869.23,4684.0,16132.145076857389,51844.088468041264,-100000.0,200.0,523.0,9920.0,1000000.0,4684,2,有效发票,4472,253.0,423245.1767193676,366126.1169401306,-819150.94,75471.7,357798.17,812752.25,999346.68,253.0,36464.59189723321,36409.23826237998,-125503.58,3849.06,26992.08,58018.87,125503.58,253.0,459709.7686166008,399568.66508463153,-868300.0,80000.0,390000.0,868300.0,1100000.0,253,2,有效发票,233
E160,***钢结构工程有限公司,4384.0,35648.669555200555,60133.28331993936,-81802.74,669.415,9647.95,85470.09,999285.71,4384.0,4657.733957573005,7998.312498977495,-13906.47,41.38,519.745,9970.07,139487.18,4384.0,40306.40351277374,66749.98898038559,-95709.21,699.5,10000.0,99994.0,1000000.0,4384,2,有效发票,4245,3377.0,79547.62907610268,38210.37616370235,-99793.94,83393.11,97087.38,98620.69,99981.95,3377.0,9552.122149837136,6637.474133155573,-16782.05,2912.62,11391.45,15641.38,16996.51,3377.0,89099.75122594004,43168.55067042919,-115500.0,95000.0,100000.0,113100.0,116976.0,3377,2,有效发票,2814
E161,***建筑劳务有限责任公司,248.0,4057.068427419356,21721.187369061063,4.72,172.41,349.805,945.645,281965.81,248.0,351.42576612903224,3076.68414655877,0.0,8.9125,21.9,47.699999999999996,47934.19,248.0,4408.494193548388,24502.39289939635,5.0,188.75,375.99,1000.0,329900.0,248,2,有效发票,246,289.0,641585.2183737021,416514.0168402652,-970873.79,136665.15,900900.9,970873.79,976912.62,289.0,26132.14276816608,24189.36357365346,-29126.21,9909.91,29126.21,29126.21,99099.1,289.0,667717.3611418686,431602.6000937216,-1000000.0,140765.1,1000000.0,1000000.0,1006220.0,289,2,有效发票,238
E162,***网络信息安全有限公司,10363.0,14922.128380777782,78653.07239944121,-943396.23,234.91,792.45,4562.155,999056.6,10363.0,1088.7884714850934,5451.491080411802,-56603.77,8.83,33.12,239.28,120796.46,10363.0,16010.916852262844,83708.50898620911,-1000000.0,247.5,844.0,4904.5,1059000.0,10363,2,有效发票,9820,511.0,297223.1196086105,435750.5384862975,-943750.0,64858.49,172413.79,662085.23,998235.79,511.0,30629.317866927595,37405.8640642096,-137271.72,3891.51,14689.66,50840.665,157655.17,511.0,327852.4374755381,463728.42803784326,-995220.0,68750.0,192000.0,722500.0,1143000.0,511,2,有效发票,471
E163,***物流有限公司,2633.0,30120.33544625897,100045.1326082615,-121551.72,265.48,1056.03,9999.99,1280341.88,2633.0,3311.977280668388,9967.106302174216,-19448.28,33.64,73.19,1275.27,217658.12,2633.0,33432.31272692743,108113.34009118595,-141000.0,300.0,1200.0,11680.0,1498000.0,2633,2,有效发票,2576,1092.0,148368.24060439566,223016.40104170967,-988946.59,88433.7525,96395.5,99636.36,999999.97,1092.0,14512.378800366307,20165.629028898755,-98894.66,9278.24,10206.81,10958.87,100000.0,1092.0,162880.61940476185,242862.90747284592,-1087841.25,97670.17499999999,106220.0,110585.0,1099999.97,1092,2,有效发票,928
E164,个体经营E164 ,4194.0,17912.381533142507,39176.10288159222,-99904.76,172.41,407.77,9708.74,986460.18,4194.0,1290.703714830688,4203.384681217788,-9909.91,22.76,41.38,271.875,128239.82,4194.0,19203.085247973275,42171.979776945635,-100000.0,200.0,450.0,10000.0,1114700.0,4194,2,有效发票,4099,1661.0,82685.547332932,28233.655319064866,-99474.25,85470.08,91743.12,97087.38,99999.99,1661.0,7590.185996387701,5349.491352444037,-16910.63,2912.62,8256.88,12413.79,16999.86,1661.0,90275.73332931961,30677.200188201936,-116384.88,98827.0,100000.0,100232.0,116999.0,1661,2,有效发票,1453
E165,***文化传媒股份有限公司,4325.0,21733.186358381703,72406.40732795579,-943396.23,274.53,1801.8,9708.74,943396.23,4325.0,1535.4769364161639,5123.809297432416,-56603.77,21.86,83.45,561.51,137412.31,4325.0,23268.66329479768,76927.29611008725,-1000000.0,300.0,1950.0,10000.0,1000000.0,4325,2,有效发票,4147,2606.0,48746.684382195315,42880.0434286744,-99933.96,9417.45,47802.275,94339.62,99933.96,2606.0,3617.7854489639262,3666.1743782447907,-14424.69,697.38,3482.7650000000003,5660.38,14758.62,2606.0,52364.46983115887,45960.17739906142,-105930.0,10000.0,52443.5,100000.0,107000.0,2606,2,有效发票,2346
E166,***建筑工程有限公司,171.0,17902.59812865497,30363.876457837123,12.26,434.765,969.9,18278.760000000002,97087.38,171.0,1561.9883040935676,3297.307428883726,0.0,20.810000000000002,63.86,783.61,11504.42,171.0,19464.58643274854,33230.10267038818,13.0,491.0,999.0,19225.0,100000.0,171,2,有效发票,168,1572.0,56141.80422391924,70288.32855212878,-97087.38,46845.2475,94339.62,97087.38,97087.38,1572.0,2802.9040394402546,4218.632422732426,-9090.91,1456.31,2912.62,5660.38,9090.91,1572.0,58944.70826335878,73877.51130421917,-100000.0,50000.0,100000.0,100000.0,100000.0,1572,2,有效发票,1397
E167,***体育文化股份有限公司,7298.0,19751.44384214849,45134.27720151614,-96122.33,212.39,1742.4099999999999,12160.4,999984.08,7298.0,2779.16082899425,6925.3256157160795,-13539.12,13.75,128.82,1438.1175,153748.59,7298.0,22530.60467114278,51875.15794190639,-99006.0,236.925,1900.4,13498.35,1129982.0,7298,2,有效发票,7071,4979.0,25907.492540670908,37587.29232118439,-95575.22,488.46000000000004,3066.66,47232.375,99999.48,4979.0,3939.4233962642943,5839.096017556637,-15874.0,56.6,435.31,6896.5650000000005,16999.86,4979.0,29846.9159369352,43352.901968559156,-109250.4,559.5,3552.64,54730.265,116999.08,4979,2,有效发票,4642
E168,***建材有限公司,461.0,2953.501149674599,10016.938167226057,176.98,1681.41,1769.91,2212.36,97087.38,461.0,259.31720173535734,287.1054183740905,10.64,218.59,230.09,287.61,2912.62,461.0,3212.8183514099787,10299.361379215849,188.0,1900.0,2000.0,2499.97,100000.0,461,1,有效发票,461,415.0,224001.3992048191,274996.684254479,5615.53,96932.04,97069.59,97087.38,970872.82,415.0,6973.815469879513,8242.07735660132,168.47,2910.73,2912.33,5742.610000000001,29126.18,415.0,230975.21467469883,283108.3289694384,5784.0,99849.555,99990.0,100000.0,999999.0,415,2,有效发票,399
E169,***建筑设计有限公司,6036.0,13595.87060636184,62492.9972729585,-54430.09,209.71,449.095,7534.4349999999995,979160.0,6036.0,734.8761646785865,2446.993481482874,-7075.91,15.5475,44.41,291.26,54283.76,6036.0,14330.746771040414,64362.76898794529,-61506.0,228.0,496.0,8100.0,1000000.0,6036,2,有效发票,5811,1490.0,81425.56871140997,32739.1336432231,-96415.09,91743.12,94339.62,96415.09,99999.06,1490.0,5123.781228187879,2498.785435267766,-8256.88,3962.035,5660.38,5943.4,14529.91,1490.0,86549.34993959735,34811.67315400132,-102200.0,100000.0,100000.0,100000.0,108000.0,1490,2,有效发票,1410
E170,***建筑劳务有限公司,1330.0,27955.086503759412,96859.79935715925,-74827.59,172.41,918.45,10116.355,1254700.85,1330.0,1685.619436090227,9997.540868193168,-11972.41,21.79,45.52,509.21000000000004,213299.15,1330.0,29640.70593984964,103405.89576592688,-86800.0,200.0,970.5,11500.0,1468000.0,1330,2,有效发票,1247,796.0,91287.59884422121,30281.051223753766,-99999.03,97087.38,99999.08,99999.09,99999.1,796.0,7774.8173241206005,3407.844149665427,-2999.97,6038.6025,8999.92,9999.91,10999.9,796.0,99062.41616834172,32290.773691968418,-102999.0,100000.0,108999.0,109999.0,110999.0,796,2,有效发票,786
E171,***质量检验测试站,1923.0,24191.184087363472,62038.449335608995,-700.0,309.605,2582.53,9708.74,759805.05,1923.0,830.3204316172669,2598.360091875962,-78.62,15.145,67.71,291.26,83578.56,1923.0,25021.504518980757,63256.58639767647,-700.0,330.0,2798.0,10000.0,843383.61,1923,2,有效发票,1823,7508.0,15316.184054342142,27540.95913860203,-94339.62,1603.77,4245.28,11226.42,99528.3,7508.0,918.9742900905594,1652.4566001005455,-5660.38,96.23,254.72,673.58,5971.7,7508.0,16235.158344432615,29193.415721783895,-100000.0,1700.0,4500.0,11900.0,105500.0,7508,2,有效发票,7013
E172,***物流有限公司,471.0,88522.75481953286,93076.05934305965,-9433.96,27850.195,86062.39,98411.315,673018.94,471.0,11232.742696390671,13766.511108558843,-566.04,4119.415,8190.83,11983.564999999999,106316.39,471.0,99755.49751592353,106513.90031641099,-10000.0,31330.205,93808.0,108290.0,770793.82,471,2,有效发票,464,1273.0,62927.264603299576,33181.17996590695,0.0,32379.16,78883.64,90766.79,99924.32,1273.0,5781.743731343289,3037.5426999998863,0.0,3096.33,6322.2,8256.88,10991.68,1273.0,68709.00833464248,36053.85396846986,0.0,35869.3,86490.0,99244.75,110916.0,1273,2,有效发票,1171
E173,***贸易有限责任公司,1350.0,80968.65003703692,131146.37087078727,-39232.76,398.06,29383.565,99294.8675,1344494.28,1350.0,12678.433,20750.199366706845,-6277.24,38.095,4395.68,16514.0825,228564.03,1350.0,93647.08303703695,151753.45257754484,-45510.0,411.5,33772.875,115950.0,1573058.31,1350,2,有效发票,1314,2501.0,45443.48774490229,36359.180387984576,-96444.44,12874.47,36503.4,85308.3,99999.15,2501.0,7188.719804078375,5770.075506885638,-16395.56,2060.38,5794.6,12936.73,16999.86,2501.0,52632.20754898052,42068.312426420714,-112840.0,14937.3,42331.06,98936.6,116999.0,2501,2,有效发票,2370
E174,***工程技术有限公司,2399.0,34140.19160066693,58913.55592999748,-513189.74,344.83,3565.52,72879.605,685882.93,2399.0,4949.671821592333,8402.159513046969,-87242.26,28.105,345.13,10370.035,109741.27,2399.0,39089.86342225922,66688.85885176294,-600432.0,386.5,4050.0,84540.34,795624.2,2399,2,有效发票,2319,1249.0,79088.49373899131,30172.014015870387,-98112.25,68968.14,95320.0,99310.34,99999.52,1249.0,12191.741313050457,5014.737659394159,-15697.97,10050.27,12997.24,15999.79,16999.3,1249.0,91280.23505204161,34951.935594908864,-113810.22,79175.0,109451.3,115000.0,116995.2,1249,3,有效发票,1148
E175,***食品集团有限公司,4092.0,21175.78000977509,39381.629035670034,-94339.62,182.52,368.225,15872.1975,388349.51,4092.0,2897.552913000968,5701.193436972355,-14482.76,18.98,41.38,1233.2475,55365.52,4092.0,24073.332922776106,44803.39477972496,-105000.0,200.0,405.0,18354.13,401400.0,4092,2,有效发票,3930,4085.0,19627.54766217865,28870.785557222312,-94564.1,1914.53,5615.39,23801.75,99970.79,4085.0,2961.2134736842036,4376.615437140145,-16075.9,292.78,862.64,3720.82,16968.98,4085.0,22588.76113586294,33209.17700223231,-110640.0,2200.0,6500.0,27500.0,116786.4,4085,2,有效发票,3771
E176,***科技有限公司,3229.0,1376.4602322700666,7539.527307969969,-18754.79,150.94,244.25,509.73,313046.55,3229.0,158.25873335398066,1188.8511430122226,-1586.68,5.42,18.29,41.38,50087.45,3229.0,1534.718965624034,8706.552256946523,-19880.07,158.0,265.09,547.0,363134.0,3229,2,有效发票,3163,2167.0,43807.534822334936,37829.546345049974,-99173.98,8133.105,37931.03,82564.1,99999.99,2167.0,6729.089469312411,5857.251579200435,-15692.31,1274.025,5660.68,12331.03,16978.2,2167.0,50536.62429164744,43611.43890075123,-112066.6,9450.0,43700.0,95284.0,116850.0,2167,2,有效发票,1935
E177,***电力工程有限公司,3152.0,23281.32685596434,91682.00392282201,-952380.95,258.62,566.04,9708.74,1927116.5,3152.0,2802.046478426368,10163.890997954657,-54897.07,13.705,42.394999999999996,293.695,160456.04,3152.0,26083.373334390868,100302.05739577227,-1000000.0,297.0,592.0,10000.0,1984930.0,3152,2,有效发票,3061,970.0,120646.72301031147,164380.21915666395,-97087.38,90909.09,91743.12,97087.38,970873.79,970.0,9195.42913402071,11328.910786449907,-15111.11,7312.655,9090.91,9090.91,99099.1,970.0,129842.15214432988,173173.50651909618,-104000.0,100000.0,100000.0,100000.0,1000000.0,970,2,有效发票,835
E178,***贸易有限公司,340.0,241909.74602941165,376765.5170771309,-28831.27,59968.302500000005,98803.42,285638.5875,3369832.43,340.0,35515.22761764702,52697.041820852595,-3748.07,7528.87,15976.55,43146.2575,438078.22,340.0,277424.9736470588,429035.97464563226,-32579.34,69792.1125,115300.0,326004.39999999997,3807910.65,340,2,有效发票,333,1116.0,76526.19568996436,35182.658908657184,-99999.15,56636.8975,97692.305,99996.46,99999.15,1116.0,11474.954847670371,5395.824346431354,-16999.85,8919.1525,12999.42,15932.41,16999.87,1116.0,88001.15053763433,40398.26603310343,-116999.0,65270.5,112525.0,113299.0,116999.0,1116,2,有效发票,1019
E179,***园林有限公司,2125.0,20199.99666352934,57139.677883845805,-97087.38,172.41,491.45,9708.74,1223335.92,2125.0,737.1768094117687,2469.331666607913,-8776.55,13.69,40.68,291.26,41213.79,2125.0,20937.173472941184,58675.144997604366,-100000.0,200.0,531.0,10000.0,1260036.0,2125,2,有效发票,2000,805.0,81854.05927950247,36341.59892836908,-97087.38,90090.09,91743.12,97087.38,99999.0,805.0,6500.732484472023,3795.4497381259075,-10387.12,2912.62,8256.88,9909.91,14529.91,805.0,88354.79176397494,38948.748288093186,-100000.0,100000.0,100000.0,100000.0,109990.0,805,3,有效发票,718
E180,***电气有限公司,3674.0,17396.97879967345,101967.4248381228,-53608.49,167.97,373.305,2641.3900000000003,998460.17,3674.0,2410.4157403375016,15671.97087939147,-7645.51,8.6725,29.06,137.4,168730.81,3674.0,19807.394540010868,117539.4019883721,-56825.0,183.0,406.0,2800.0,1161265.0,3674,2,有效发票,3545,2110.0,36924.073606635015,36475.06685631242,-94358.97,4820.36,19715.93,77151.72,99893.81,2110.0,5677.727379146915,5629.051941017396,-16041.03,743.0675,3081.7650000000003,11231.62,16956.99,2110.0,42601.80098578199,42044.57089432184,-110400.0,5600.0,23000.0,89240.0,116704.0,2110,2,有效发票,2023
E181,***食品有限公司,3048.0,29330.315416666668,42233.35823725216,-93317.7,194.5525,4744.855,55368.705,465811.97,3048.0,3843.6172506561797,5922.137822868461,-12131.3,27.59,374.80499999999995,6542.389999999999,79188.03,3048.0,33173.93237204721,47885.81525039287,-105449.0,219.75,5158.0,62781.75,545000.0,3048,2,有效发票,2974,1571.0,51713.08485041374,38880.0274436572,-30716.78,8126.700000000001,54595.64,93250.5,99955.0,1571.0,7181.78863781031,6203.2948616465,-4914.69,624.2750000000001,6069.63,12910.66,16992.35,1571.0,58894.87348822403,44855.960043870014,-35631.47,8591.585,61229.76,106637.15,116947.35,1571,2,有效发票,1475
E182,***新材料科技有限公司,998.0,75035.48256513015,182266.82534643105,10.38,361.5175,5370.88,81967.79,993955.05,998.0,11511.75750500998,29077.492912533435,0.0,33.3725,290.475,11988.4025,163548.72,998.0,86547.2400701403,211222.097551353,11.0,400.0,5799.5,93995.5,1152987.85,998,2,有效发票,972,1078.0,74001.62888682747,22707.826364339122,269.03,60138.487499999996,80744.36,91706.80249999999,99972.31,1078.0,11595.730445269026,3765.66383266531,34.97,9394.42,12004.14,14689.150000000001,16995.29,1078.0,85597.35933209641,26308.110669187157,304.0,69231.6725,93012.69,106119.3875,116967.6,1078,2,有效发票,1049
E183,***建设工程有限公司,1461.0,18639.69959616695,56627.71686121183,-597087.38,252.21,566.04,9908.26,970873.79,1461.0,1164.446043805614,3597.795072472729,-17912.62,16.58,43.95,807.39,72649.57,1461.0,19804.14563997262,59307.04145954937,-615000.0,270.0,600.0,10800.0,1000000.0,1461,2,有效发票,1408,1028.0,68202.39560311251,36008.51825169124,-91743.12,34625.2325,90909.09,91743.12,97087.38,1028.0,4791.1482003890915,3697.7821301019167,-8256.88,1158.3249999999998,2912.62,8256.88,9909.91,1028.0,72993.543803502,38841.21650886442,-100000.0,36424.8525,100000.0,100000.0,100000.0,1028,2,有效发票,927
E184,***建筑装饰工程有限公司,2024.0,19832.88105237156,65704.80602911516,-412240.19,204.8175,695.2850000000001,9701.2125,998571.43,2024.0,1879.0117094861587,4802.056648894375,-12367.21,23.01,49.47,959.4075,111356.83,2024.0,21711.89276185771,68267.53875313535,-424607.4,224.5,737.0,10000.0,1000000.0,2024,2,有效发票,1967,657.0,82577.92538812777,35216.78695088505,-90909.09,90090.09,90909.09,97087.38,99999.86,657.0,6896.320334855408,4767.282581988249,-9090.91,2912.62,8256.88,9090.91,15999.98,657.0,89474.24572298324,38550.53920214897,-100000.0,100000.0,100000.0,100000.0,115999.84,657,2,有效发票,639
E185,***生态魔芋有限公司,68.0,10446.25573529412,47470.885167087305,-228203.85,170.94,314.58000000000004,7435.844999999999,228203.85,68.0,1236.1580882352941,3191.3836908095127,-6846.15,14.344999999999999,29.06,897.35,14036.7,68.0,11682.413823529412,50077.70181222945,-235050.0,200.0,347.5,8402.5075,235050.0,68,2,有效发票,67,5479.0,18072.45033400259,25212.502658345347,-84090.91,9600.0,9800.0,9990.0,99909.09,5479.0,953.3618141996621,2871.952135251988,-8409.09,0.0,0.0,0.0,13103.45,5479.0,19025.81214820223,28062.909704606245,-92500.0,9600.0,9800.0,9990.0,110000.0,5479,2,有效发票,5442
E186,***建筑劳务有限公司,989.0,3389.462184024269,14252.392862152443,-41322.59,256.64,405.3,1502.91,307758.62,989.0,227.44828109201225,1714.0656236354632,-1239.69,11.71,39.12,79.25,49241.38,989.0,3616.9104651162793,15776.120159643839,-42562.28,275.0,452.0,1564.0,357000.0,989,2,有效发票,941,1098.0,77779.20984517297,36288.2566105455,9708.74,97087.38,97087.38,97087.38,99999.99,1098.0,2282.102176684931,1185.8111582940378,9.52,2912.62,2912.62,2912.62,3000.0,1098.0,80061.31202185791,37472.81331570529,10000.0,100000.0,100000.0,100000.0,102999.99,1098,2,有效发票,1073
E187,个体经营E187 ,3880.0,20274.3299536081,51888.34400526265,-76952.6,226.21,943.4,9724.14,999285.71,3880.0,1463.785688144318,3641.574833703296,-12312.4,14.8875,63.905,1013.59,72494.75,3880.0,21738.11564175258,53749.67912081938,-89265.0,250.0,1000.0,11231.25,1000000.0,3880,2,有效发票,3694,176.0,452931.8792045454,361911.0303810994,-819150.94,96164.5925,393942.865,845735.25,999346.68,176.0,38094.77579545453,33801.63831987621,-49149.06,6649.3075,29243.53,61450.2325,109009.01,176.0,491026.655,392805.80456146854,-868300.0,100688.1225,425213.0,900000.0,1100000.0,176,2,作废发票,160
E188,***硬质合金有限公司,2561.0,32025.52200312369,71110.09216748441,-44721.41,681.55,6066.0,39292.04,936752.14,2561.0,4894.51917610308,11272.871105032415,-7155.44,51.04,582.52,5603.77,159247.86,2561.0,36920.04117922692,82296.9237743855,-51876.85,750.0,6800.0,44820.0,1096000.0,2561,2,有效发票,2484,2158.0,38856.08672845224,32721.30686522942,-97523.03,9337.6875,29865.864999999998,68383.7575,99846.0,2158.0,5296.570264133458,5145.1510669265745,-16578.89,882.6624999999999,3614.52,9490.96,16960.02,2158.0,44152.65699258568,37016.98350305804,-114101.92,10769.55,34241.71,78780.13,116724.95,2158,2,有效发票,2073
E189,***石油工程技术服务有限公司,3402.0,10210.742028218707,56075.66632502702,-2427.43,211.755,489.625,1746.9975,962546.65,3402.0,1157.361590241036,7362.882814949044,-315.57,11.62,36.2,150.755,163632.95,3402.0,11368.103618459725,63029.36340320455,-2743.0,228.0,518.0,1937.5949999999998,1126179.6,3402,2,有效发票,3337,641.0,81984.22117004642,30693.763211721554,-94339.62,85256.41,90909.09,94339.62,94339.62,641.0,6335.913369734755,3400.5804526681686,-5660.38,5400.0,5660.38,5660.38,14521.2,641.0,88320.13453978157,32673.76516974185,-100000.0,94193.42,99332.6,100000.0,100000.0,641,2,有效发票,606
E190,***劳务有限公司,128.0,12307.121562499993,45330.72347116732,-97087.38,273.5625,477.17999999999995,7037.59,429249.96,128.0,1223.5352343750003,3609.8433371112596,-2912.62,13.3725,38.45,291.26,14529.91,128.0,13530.656796874999,47958.151298209625,-100000.0,300.0,498.5,7388.105,442127.46,128,2,有效发票,122,401.0,346756.4872817969,404876.6792069441,-998428.57,97087.38,97087.38,755339.81,998428.57,401.0,9498.407431421441,15149.468892862602,-22043.64,2912.62,2912.62,9909.91,99099.1,401.0,356254.894713217,414050.0276600424,-1000000.0,100000.0,100000.0,778000.0,1000000.0,401,2,有效发票,344
E191,***商贸有限责任公司,1210.0,216585.97123966896,778825.6428917382,-14871.79,2451.8525,9611.65,97333.33,7579487.18,1210.0,35823.23814049602,132242.34774620214,-2528.21,137.7725,734.925,16346.15,1288512.82,1210.0,252409.209380165,911040.2012942396,-17400.0,2699.0,9900.0,113880.0,8868000.0,1210,2,有效发票,1177,2871.0,92903.18295715786,21429.25967427905,-1630.77,99056.6,99520.44,99743.03,99995.69,2871.0,15364.833991639956,3749.990173461619,-277.23,15906.98,16784.96,16930.98,16996.22,2871.0,108268.01694879832,25004.67091207041,-1908.0,115325.6,115995.0,116525.02,116974.0,2871,2,有效发票,2731
E192,***建设工程有限公司,111.0,174328.29981981992,245561.2137627067,-603448.28,84070.8,87333.89,292035.395,999285.71,111.0,15599.03531531531,23054.404279822425,-96551.72,678.575,13192.73,14855.17,97787.61,111.0,189927.33513513522,257997.1243296271,-700000.0,95000.0,100000.0,319025.0,1000000.0,111,2,有效发票,98,86.0,569560.2620930233,382277.2357163013,-909090.91,238492.63499999998,635206.855,917431.19,970873.79,86.0,36764.42872093025,35808.081552019445,-90909.09,11149.0525,27338.325,82568.81,90909.09,86.0,606324.6908139538,411403.90619225625,-1000000.0,249690.27000000002,678402.625,1000000.0,1000000.0,86,2,有效发票,68
E193,个体经营E193 ,1616.0,11291.837716584163,21585.608413036687,-72547.17,893.4425,3250.035,9360.68,99957.27,1616.0,1624.6442821782152,3268.6661922102944,-5572.95,56.04,364.41999999999996,1434.7575,16992.74,1616.0,12916.481998762385,24798.504493180317,-76900.0,968.25,3662.5,10675.5,116950.0,1616,2,有效发票,1539,32311.0,4061.4206072237,13472.267995956212,-72025.86,273.5,620.69,2029.06,897435.9,32311.0,646.4067642598526,2227.2777399096963,-11524.14,39.12,87.18,296.485,152564.1,32311.0,4707.827371483393,15693.408414859898,-83550.0,300.0,720.0,2332.0299999999997,1050000.0,32311,2,有效发票,30077
E194,***文化传播有限公司,4849.0,2388.2562239637186,11850.992821117643,-44843.24,131.07,224.14,375.22,99000.0,4849.0,226.51111569395832,1333.957040529765,-4932.76,4.51,13.43,37.51,15337.78,4849.0,2614.767339657666,13043.260969932742,-49776.0,138.0,240.0,410.0,109986.0,4849,2,有效发票,4757,11741.0,8221.424188740308,18318.495257979295,-90000.0,456.0,1800.0,7784.0,99999.0,11741.0,5.957610084319905,211.03378182799767,0.0,0.0,0.0,0.0,8181.82,11741.0,8227.381798824628,18340.51706575835,-90000.0,456.0,1800.0,7784.0,99999.0,11741,2,有效发票,11053
E195,***医药有限公司,2336.0,34071.624880137024,95740.97708447906,-72705.13,285.845,1255.845,22051.28,989723.02,2336.0,5143.357970890407,15417.500071310817,-12359.87,18.4025,61.77,2861.925,168252.88,2336.0,39214.98285102736,110968.90220717936,-85065.0,310.0,1342.0,25800.0,1157975.9,2336,2,有效发票,2267,4857.0,23674.73479102331,29026.31413662535,-51982.76,3282.05,8391.45,41025.64,99623.93,4857.0,3767.83707020794,4616.030789614124,-8317.24,483.19,1365.81,6578.23,16936.07,4857.0,27442.57186123123,33605.47161701347,-60300.0,3840.0,9630.0,48000.0,116560.0,4857,2,有效发票,4626
E196,***地质制图印刷厂,1386.0,31104.344538239533,37124.64174480293,-11013.69,3310.38,9914.53,63079.4825,99999.15,1386.0,4794.704689754689,5918.363827926267,-1321.71,348.28499999999997,1572.4850000000001,9703.9625,16999.85,1386.0,35899.04922799419,42991.75627413645,-12335.4,3820.0,11557.7,72893.12,116999.0,1386,2,有效发票,1336,2962.0,26835.40226873734,30513.204673573422,-93747.42,5213.672500000001,14436.645,42453.542499999996,99997.93,2962.0,4000.536677920312,4540.709476638606,-15937.05,789.3475,2231.0,6372.42,16945.75,2962.0,30835.938946657654,34945.17007547923,-109684.47,6000.0,16681.0,48755.850000000006,116626.62,2962,2,有效发票,2755
E197,***医疗设备有限公司,6509.0,16242.85632969727,67334.4745194641,-1600.0,172.41,398.23,2944.34,1513274.33,6509.0,2368.273991396491,10240.285223879851,-160.0,6.93,29.06,311.65,196725.67,6509.0,18611.13032109378,77492.77651818901,-1760.0,195.5,439.0,3336.0,1710000.0,6509,2,有效发票,6349,4319.0,44756.28000463186,39242.48533280493,-99655.17,6720.48,38053.09,85668.1,99999.14,4319.0,6721.904565871795,5911.673235388129,-15944.83,1034.48,5742.35,12917.04,16810.23,4319.0,51478.184570502504,45068.26958428292,-115600.0,7664.0,44020.6,100000.0,115999.0,4319,2,有效发票,4050
E198,***商贸有限公司,1147.0,52352.57191804704,72795.92207498853,6.67,386.14,27610.62,97831.86,782608.68,1147.0,7644.822519616347,11346.759772631913,0.0,29.1,3623.91,12989.29,133043.48,1147.0,59997.3944376635,84020.80406820065,7.0,432.5,31200.0,111370.0,915652.16,1147,2,有效发票,1109,809.0,79938.67126081572,50963.98152959947,-99776.99,94199.12,99145.3,99603.45,99998.23,809.0,11846.350568603151,7512.989775538978,-15913.79,12864.82,12986.19,15931.03,16985.47,809.0,91785.02182941903,58310.35831489505,-115375.0,106790.0,112800.0,115375.0,116900.0,809,2,有效发票,728
E199,***建筑劳务有限公司,48.0,4075.466458333333,10622.526108378603,14.56,218.20749999999998,522.815,1188.565,47169.81,48.0,243.67604166666663,642.0536764388778,0.44,10.795,18.29,101.565,2830.19,48.0,4319.142500000001,11260.553524917408,15.0,224.75,538.5,1315.5,50000.0,48,2,有效发票,47,820.0,74073.46050000071,60576.73796756234,-97087.38,90909.09,97087.38,97087.38,99029.13,820.0,3211.6708536585984,3102.8294393628885,-2912.62,2912.62,2912.62,2912.62,9272.73,820.0,77285.13135365854,62711.25286747671,-100000.0,100000.0,100000.0,100000.0,102000.0,820,2,有效发票,808
E200,个体经营E200 ,1238.0,39790.24399030695,63461.535949548044,-12284.48,264.15,9708.74,85766.78,990046.75,1238.0,6023.612924071088,10419.13078467543,-1965.52,34.5725,1481.76,12214.135,168307.92,1238.0,45813.856914377975,73836.352055505,-14250.0,300.0,10940.0,98374.0,1158354.67,1238,2,有效发票,1201,613.0,84077.87644371916,30475.591725571252,-97522.12,85470.09,95811.97,97522.12,99655.17,613.0,12874.499494290365,4625.108881271086,-12677.88,12516.81,14529.91,15624.83,16500.17,613.0,96952.37593800978,34916.5862869163,-110200.0,100000.0,109200.0,112000.0,115600.0,613,2,有效发票,564
E201,***物流有限责任公司,480.0,85510.77831250012,177968.00342581188,-16207.08,810.3425,3774.63,93950.69,996330.28,480.0,10047.983916666677,20432.7819461615,-972.42,49.4975,381.71,12989.67,137311.18,480.0,95558.76222916666,197649.91695218475,-17179.5,858.0,4280.0,102440.1875,1086000.0,480,2,有效发票,463,1207.0,45415.89565865783,37489.04049489831,-94619.39,9471.855,36149.54,89954.13,99981.65,1207.0,4343.3149627174835,3561.833118765319,-8515.74,912.9449999999999,3398.27,8256.88,10900.9,1207.0,49759.21062137531,41026.73870442025,-103135.13,10415.0,39566.0,98075.58,110000.0,1207,2,有效发票,1084
E202,个体经营E202 ,404.0,29363.657178217825,48789.92654458769,-76324.79,424.72,9285.395,48543.69,533980.58,404.0,2929.0527970297067,4758.198520036941,-12975.21,41.1875,1017.38,2912.62,16998.33,404.0,32292.70997524753,52223.58926844417,-89300.0,455.875,9998.605,50000.0,550000.0,404,2,有效发票,364,1106.0,90587.03724231586,12086.220330906324,1306.8,90090.09,90909.09,97087.38,99857.14,1106.0,6876.997839059759,3348.598559620992,39.2,2912.62,9090.91,9909.91,9909.91,1106.0,97464.03508137433,12731.274715790147,1346.0,100000.0,100000.0,100000.0,100000.0,1106,2,有效发票,1096
E203,***建设工程有限公司,1207.0,22478.931425020728,56921.48630969506,-97087.38,240.78,528.16,7551.6,572413.79,1207.0,1625.505592377801,5236.344705482925,-2912.62,8.65,24.4,602.565,91586.21,1207.0,24104.437017398515,61420.362789776926,-100000.0,252.0,549.0,8082.0,664000.0,1207,2,有效发票,1142,637.0,77129.44254317075,31426.48620472755,-6936.94,79885.71,90909.09,91743.12,99959.22,637.0,6672.810816326523,3979.9730611775485,-763.06,2158.53,8256.88,9090.91,10976.22,637.0,83802.25335949766,34336.572004675574,-7700.0,85000.0,100000.0,100000.0,110760.0,637,2,有效发票,578
E204,***科技发展有限公司,5217.0,12399.191061912881,38583.589908475005,-94709.4,176.99,430.1,5514.56,837606.84,5217.0,1787.0134483419354,6029.2042930024545,-16100.6,11.57,36.73,409.08,142393.16,5217.0,14186.20451025492,44399.434393424366,-110810.0,200.0,473.0,6000.0,980000.0,5217,2,有效发票,5029,1680.0,67706.72382142897,36620.17158186233,-91538.46,42771.024999999994,85470.09,94934.83,99999.12,1680.0,8641.269880952408,5961.127077138351,-15561.54,3447.7475000000004,8896.55,14384.62,16980.24,1680.0,76347.99370238099,41334.49044108983,-107100.0,48282.0,97500.0,107095.89749999999,116864.0,1680,3,有效发票,1339
E205,个体经营E205 ,151.0,188073.00622516553,245414.62741805147,-888070.79,76548.67,91858.41,200785.4,990125.01,151.0,28001.11629139072,36679.69216947431,-115449.21,9951.33,13149.57,28456.195,158419.99,151.0,216074.1225165563,281793.4165527735,-1003520.0,86500.0,103800.0,229700.0,1148545.0,151,2,有效发票,137,1008.0,76695.02133928564,25386.201016594743,-97790.6,74944.69,84934.76999999999,92307.69,99957.26,1008.0,12156.947609126986,4277.212312103021,-16624.4,10829.404999999999,13103.45,15061.035,16992.74,1008.0,88851.9689484127,29500.182321930628,-114415.0,86000.0,98309.5,106800.0,116950.0,1008,2,有效发票,967
E206,***建设工程有限公司,3679.0,21601.28807012762,76242.83729990486,-97087.38,189.66,391.26,4716.98,1553398.05,3679.0,1280.1079287849989,4234.854212209877,-5660.38,10.08,34.51,137.935,71196.58,3679.0,22881.39599891273,78806.62721107657,-100000.0,201.6,425.0,5000.0,1600000.0,3679,2,有效发票,3557,963.0,105138.50668743625,110177.42504303946,-31401.8,90090.09,90909.09,97087.38,970873.79,963.0,7600.51263759091,10106.787829298386,-3454.2,2912.62,8243.67,9090.91,82568.81,963.0,112739.01932502596,119519.10363849907,-34856.0,100000.0,100000.0,100000.0,1000000.0,963,2,有效发票,913
E207,个体经营E207 ,3386.0,21889.233603071334,42563.62553855146,-97087.38,8860.4075,9854.37,9998.06,999285.71,3386.0,1412.4935617247415,3622.232712132592,-2912.62,234.935,297.96,849.66,72557.41,3386.0,23301.72716479627,44581.30502024181,-100000.0,9750.0,10230.0,11000.0,1000000.0,3386,2,有效发票,3298,1458.0,86418.49829904128,24039.25641216087,-91743.12,90090.09,91743.12,97087.38,99514.56,1458.0,6057.115898491138,3449.38610694928,-8256.88,2912.62,7201.23,9090.91,10900.9,1458.0,92475.61419753089,25575.235927694444,-100000.0,100000.0,100000.0,100000.0,110000.0,1458,2,有效发票,1393
E208,个体经营E208 ,976.0,78394.85965163968,46387.65029958668,-11681.42,85470.09,99997.17,99998.29,881817.55,976.0,12349.173668032805,7654.176945779755,-1518.58,12025.8625,15999.56,16709.4,149908.98,976.0,90744.03331967213,53923.36860027102,-13200.0,98347.0,112998.85,115999.8,1031726.53,976,2,有效发票,963,1028.0,83795.38306420262,30001.136128895032,-99823.01,85470.09,88497.48,99823.01,99999.83,1028.0,13283.114114785982,4697.877964281355,-14530.42,12999.19,13948.9,15999.72,16999.65,1028.0,97078.49717898869,34510.359628910475,-112800.0,100000.0,100683.1,112996.4,116997.6,1028,2,有效发票,897
E209,***工程检测有限公司,8360.0,5676.624934210542,29050.37576706853,-29841.75,172.41,266.83000000000004,884.96,999047.62,8360.0,303.592418660284,1661.590059639477,-1478.42,12.7,29.06,57.5225,62446.46,8360.0,5980.21735287081,29931.37236449989,-30737.0,200.0,300.0,979.25,1000000.0,8360,2,有效发票,8128,1475.0,51851.69247457617,42934.70272885695,-94339.62,18867.92,51886.79,94339.62,99183.96,1475.0,3132.3898915253985,2587.404722180572,-5660.38,1132.08,3169.81,5660.38,9090.91,1475.0,54984.0823661017,45514.109943180825,-100000.0,20000.0,55000.0,100000.0,105135.0,1475,2,有效发票,1223
E210,***建筑工程有限公司,550.0,11020.812381818192,27689.16809032768,-55371.68,230.0825,1048.22,5880.719999999999,209316.24,550.0,635.4245090909086,2257.98979788563,-8275.86,23.012500000000003,55.099999999999994,282.895,35583.76,550.0,11656.236890909087,29384.75983953384,-62570.0,253.515,1137.27,6445.735,244900.0,550,2,有效发票,536,597.0,96104.59192629886,12727.875235444879,0.0,97087.38,99029.13,99514.56,99708.74,597.0,2892.357504187635,440.6094230793824,0.0,2912.62,2970.87,2985.44,8256.88,597.0,98996.94943048575,13108.48244492296,0.0,100000.0,102000.0,102500.0,102700.0,597,2,有效发票,557
E211,个体经营E211 ,418.0,52838.191937799136,152253.9580607309,-29886.68,489.08,7689.845,97087.38,999523.81,418.0,1673.7192822966492,4630.676351816897,-896.62,39.505,421.265,2912.62,47619.05,418.0,54511.911220095695,154622.9668899998,-30783.3,503.75,8302.675,100000.0,1000000.0,418,2,有效发票,403,1636.0,32118.04564792169,26598.39945051478,-78180.19,10849.06,27687.12,41951.655,97924.53,1636.0,1926.7161858190661,1596.1400196192728,-4690.81,650.94,1661.23,2517.095,5875.47,1636.0,34044.76183374083,28194.47444761865,-82871.0,11500.0,29348.35,44468.75,103800.0,1636,2,有效发票,1470
E212,***建电管理咨询有限公司,138.0,1183.9983333333344,3964.2659879514376,8.49,86.21,172.41,349.77,39805.83,138.0,72.83891304347829,178.57415631381116,0.0,6.1425,13.89,33.51,1194.17,138.0,1256.8372463768114,4115.63551630359,9.6,100.0,186.8,386.7425,41000.0,138,2,有效发票,133,1681.0,52205.54061273062,38610.74947016415,-94339.62,14150.94,51886.79,94339.62,94339.63,1681.0,3132.3333075549945,2316.6459177395286,-5660.38,849.06,3113.21,5660.38,5660.38,1681.0,55337.87392028552,40927.39538790204,-100000.0,15000.0,55000.0,100000.0,100000.0,1681,2,有效发票,1497
E213,***科技有限公司,2192.0,21929.742522810222,121141.11447658578,-419210.26,145.63,372.26,9401.71,4138230.09,2192.0,2804.246149635034,16710.80883813044,-71265.74,4.64,25.865000000000002,566.04,537969.91,2192.0,24733.988672445263,137212.0077580776,-490476.0,150.0,400.0,10000.0,4676200.0,2192,2,有效发票,2103,1270.0,50078.26905511793,37296.177048213685,-88495.58,14052.82,52222.22,86876.86,99829.06,1270.0,6610.162692913381,5720.176364807297,-12641.03,1281.1525000000001,4708.7,12622.9175,16970.94,1270.0,56688.43174803154,42547.36580096799,-100000.0,15000.0,60000.0,99765.4,116800.0,1270,2,有效发票,1148
E214,***建筑工程有限公司,739.0,52797.371921515594,78924.36844414327,-264.15,8800.0,26620.0,92621.36,947332.86,739.0,2748.9929228687483,4076.8641192407854,-15.85,279.61,1181.94,2912.62,16948.85,739.0,55546.36484438424,80881.29833786764,-280.0,9600.0,29010.0,100000.0,948000.0,739,2,有效发票,692,868.0,89764.01290322583,119804.69876861348,-164708.74,36324.119999999995,90090.09,91743.12,970873.79,868.0,7552.353433179755,11360.302685056968,-18117.96,2912.62,5698.26,9090.91,99099.1,868.0,97316.3663364056,130216.9134428544,-182826.7,39575.0,100000.0,100000.0,1000000.0,868,2,有效发票,713
E215,***建筑工程有限公司,176.0,1244.3876704545448,4345.89776259336,19.05,284.48,460.17,731.66,49009.43,176.0,129.14761363636364,447.80212006770364,0.0,22.7,45.77,68.75999999999999,3567.09,176.0,1373.5352840909093,4740.468215195015,20.0,327.75,504.0,785.0,52000.0,176,2,有效发票,172,833.0,87251.06624249787,27684.975152383515,3441.39,97087.38,97087.38,99099.1,99952.38,833.0,2893.175606242544,3063.2346251254276,4.76,47.62,2912.62,2912.62,10900.9,833.0,90144.24184873949,28674.99796087047,3544.63,100000.0,100000.0,100000.0,110000.0,833,2,有效发票,756
E216,***建设工程有限公司,3445.0,10636.634298984,40738.45656694217,-83894.48,170.94,310.68,3313.69,1844660.19,3445.0,921.0833149492005,3090.3391883701083,-13423.12,7.46,28.77,145.63,55339.81,3445.0,11557.71761393324,43020.61276711999,-97317.6,189.0,349.0,3700.0,1900000.0,3445,2,有效发票,3340,774.0,85633.52089147254,21302.2446948685,-91743.12,90909.09,90909.09,91743.12,99999.99,774.0,8389.865801033598,2339.0969322158357,-8256.88,8256.88,9090.91,9090.91,11000.0,774.0,94023.38669250648,23461.36490306236,-100000.0,100000.0,100000.0,100000.0,110999.99,774,2,有效发票,685
E217,个体经营E217 ,214.0,266978.72976635484,276035.6425125081,169.81,78329.6425,98290.6,448986.14749999996,994188.04,214.0,41753.08775700934,44919.567374560575,10.19,11476.5525,15737.93,68767.8475,169011.96,214.0,308731.8175233645,320683.7041598767,180.0,89037.5,112332.5,514587.5,1163200.0,214,2,有效发票,202,749.0,74839.28746328439,27276.741329363336,-97790.6,73504.27,83327.43,91794.87,99851.29,749.0,11772.883364485982,4504.230831688149,-16624.4,10577.78,13034.48,14620.69,16905.56,749.0,86612.17082777036,31636.526023550025,-114415.0,85000.0,96250.0,105600.0,116350.0,749,2,作废发票,715
E218,***建设工程有限公司,1104.0,40080.87775362317,114968.05714083242,-71844.66,344.83,2093.3999999999996,38310.6775,873786.41,1104.0,2717.389130434779,11199.78086851527,-3440.77,29.13,92.225,1966.3175,112309.86,1104.0,42798.266884057964,124432.55826826024,-74000.0,380.0,2215.7,39460.0,976231.9,1104,2,有效发票,1026,232.0,213023.45637930982,321878.5912237485,0.0,8737.86,91743.12,96116.5,917431.19,232.0,17985.284655172407,29520.41769752134,0.0,262.14,2883.5,9090.82,82568.81,232.0,231008.74103448278,351323.8803481238,0.0,9000.0,99000.0,100000.0,1000000.0,232,2,有效发票,137
E219,***品牌营销策划有限公司,4455.0,8663.340747474731,21890.21637702882,-97087.38,90.82,539.82,6607.629999999999,254858.97,4455.0,1076.6169629629644,3060.7934492838012,-2912.62,5.1,36.06,438.14,43326.03,4455.0,9739.957710437695,24714.772519653274,-100000.0,99.845,592.0,7235.3,298185.0,4455,2,有效发票,4299,623.0,69324.40926163722,47335.5774481662,-99900.0,45738.44,94339.62,97635.0,99999.99,623.0,8909.096340288928,6639.711765586966,-15969.89,5660.38,12376.0,13891.2,16979.66,623.0,78233.50560192618,53309.670454893945,-115781.68,52221.41,103000.0,111465.25,116860.0,623,3,有效发票,491
E220,***文化传播有限公司,5938.0,9981.41341023918,31054.909004948357,-76990.57,194.4275,732.53,6067.96,970873.79,5938.0,583.7457898282174,1865.2997337599306,-4619.43,12.25,40.75,285.44,29126.21,5938.0,10565.159200067332,32704.235296676063,-81610.0,209.0,781.0,6497.5,1000000.0,5938,2,有效发票,5708,1297.0,65302.34435620672,35663.31987219763,-94339.62,29081.0,94339.62,94339.62,99967.18,1297.0,3918.142320740121,2139.8002732022883,-5660.38,1744.86,5660.38,5660.38,5998.03,1297.0,69220.48667694675,37803.120145399225,-100000.0,30825.86,100000.0,100000.0,105965.21,1297,2,有效发票,1233
E221,***测绘服务有限公司,4494.0,7833.754492656852,50006.91695490232,-4633.72,150.4075,258.62,601.6975,1079766.99,4494.0,146.8185002225199,826.3352991967422,-741.4,7.46,20.83,41.42,32393.01,4494.0,7980.57299287938,50373.169908806354,-5375.12,160.0,294.91999999999996,630.75,1112160.0,4494,2,有效发票,4429,694.0,69567.36925072009,37696.33220054269,-94339.62,41946.4725,94339.62,94339.62,94339.62,694.0,4174.04387608065,2261.781166207268,-5660.38,2516.7925,5660.38,5660.38,5660.38,694.0,73741.41312680113,39958.11336674947,-100000.0,44463.265,100000.0,100000.0,100000.0,694,2,有效发票,652
E222,***数码科技有限公司,4628.0,12772.060998271416,39744.647651587155,-376923.08,223.22750000000002,776.28,7729.6425,999047.62,4628.0,1279.0162186689615,3950.325244123551,-64076.92,19.755000000000003,51.555,565.635,91538.47,4628.0,14051.077216940363,42430.51803005008,-441000.0,246.0,829.5,8725.0,1000000.0,4628,2,有效发票,4325,1376.0,54040.78109011648,43733.78576107166,-98215.05,6617.6775,68740.01000000001,98000.0,99999.99,1376.0,5687.612354651172,5177.766905992929,-15547.02,847.9825,4722.22,9090.91,17000.0,1376.0,59728.39344476725,48041.85785065324,-110983.0,7546.5,75266.08499999999,103820.0,116999.99,1376,2,有效发票,1023
E223,***科技有限公司,2624.0,15795.524805640194,53064.87466238123,-16293.81,248.735,969.9,8075.515,788793.1,2624.0,2056.3635365853593,8127.500396919141,-2118.19,13.807500000000001,67.375,713.7275,126206.9,2624.0,17851.8883422256,61110.39930132447,-18412.0,266.6,1003.85,8800.0,915000.0,2624,2,有效发票,2505,529.0,66641.77865784506,41265.58021814843,-97079.65,48573.81,85055.17,95575.22,99934.52,529.0,8833.966011342161,5743.925473260212,-14758.62,5464.6,11268.47,12620.35,15988.97,529.0,75475.74466918714,46840.221098159185,-109700.0,55464.0,96480.0,108000.0,115920.0,529,2,有效发票,477
E224,***纸业有限公司,759.0,144171.75546772077,214164.71973526015,-116430.77,7650.0,93436.07,158055.555,1941353.99,759.0,23153.790052700955,33488.61660769889,-19793.23,420.345,15169.23,25267.239999999998,252376.01,759.0,167325.5455204216,247381.6476996057,-136224.0,7771.5,109250.0,184925.0,2193730.0,759,2,有效发票,723,1127.0,86261.17094942326,24869.512821008084,-97435.9,83034.48,95000.0,99047.01,99984.62,1127.0,13970.400949423274,4306.170907448252,-16564.1,12782.085,15200.0,16680.34,16997.38,1127.0,100231.5718988465,29023.340511129,-114000.0,96618.75,110000.0,115200.0,116982.0,1127,2,有效发票,1110
E225,***物业服务有限责任公司***分公司,4332.0,10684.458469529072,23996.48241395936,-92172.91,182.895,569.415,5171.047500000001,108116.5,4332.0,1066.9798591874394,3183.907177374434,-1156.77,7.012499999999999,27.545,233.01,16854.7,4332.0,11751.438328716513,26792.19899698268,-92172.96,198.865,600.0,5482.25,116000.0,4332,2,有效发票,4173,8872.0,8418.6613074842,15773.410941779548,-73624.8,680.985,2158.87,8930.692500000001,94339.62,8872.0,748.3787657799782,1320.7819506943142,-5800.15,80.47,256.68,801.9925000000001,14529.91,8872.0,9167.04007326417,16936.609942273353,-78042.3,766.35,2406.65,9583.5,100000.0,8872,2,有效发票,8315
E226,***建设工程有限公司,1047.0,45960.489751671405,104116.80732123711,-625000.0,370.745,5982.91,86206.9,877105.33,1047.0,5713.565854823277,16023.702471801635,-100000.0,19.689999999999998,110.68,3819.635,137931.03,1047.0,51674.05560649474,119456.0630245896,-725000.0,400.0,6497.25,100000.0,1000000.0,1047,2,有效发票,1022,554.0,85624.88198555949,28816.407241151894,-91743.12,90090.09,94006.02,99115.04,99999.09,554.0,8817.299115523467,3695.957355081725,-9090.91,8917.43,9263.39,9999.91,15721.37,554.0,94442.18110108304,31709.326626224938,-100000.0,100000.0,102999.0,109999.0,112000.0,554,2,有效发票,516
E227,***安全技术有限公司,2942.0,18753.635577838213,39537.186154081166,-81034.48,728.16,9320.39,9958.225,899571.43,2942.0,1739.1948708361651,3531.1813859947088,-12965.52,34.52,291.26,1572.41,26195.58,2942.0,20492.83044867438,41559.892882100634,-94000.0,750.0,9996.0,11552.0,900000.0,2942,2,有效发票,2778,742.0,79589.93936657665,29529.103955705872,-90909.09,90090.09,91743.12,97087.38,99099.1,742.0,6450.478463611857,3493.092569359762,-13103.29,2912.62,8256.88,9090.91,13103.42,742.0,86040.41783018866,31842.01047769967,-100000.0,100000.0,100000.0,100000.0,110000.0,742,2,有效发票,687
E228,***文化发展有限公司,2743.0,11498.840517681234,47985.451283490365,-84955.75,239.565,867.26,8758.62,916410.26,2743.0,1149.7172074371022,7043.630585972099,-11044.25,23.01,48.35,298.78999999999996,155789.74,2743.0,12648.557725118468,54636.89599873163,-96000.0,266.0,900.0,9413.0,1072200.0,2743,2,有效发票,2665,1176.0,61985.23954081609,53744.692539762254,-98290.6,46580.1875,94339.62,94339.62,99999.99,1176.0,4125.236692176826,4091.675493385135,-16709.4,2830.19,5660.38,5660.38,17000.0,1176.0,66110.4762329932,57427.296256187146,-115000.0,49945.75,100000.0,100000.0,116999.99,1176,2,有效发票,993
E229,***家贸易有限公司,1621.0,35934.02032695863,50647.55985177605,-73712.77,718.97,17094.02,66241.87,924528.3,1621.0,5207.970086366432,6543.085113821469,-11794.04,62.62,2317.08,9280.63,82758.62,1621.0,41141.99041332516,56579.90161641057,-85506.81,791.0,19621.44,76378.7,980000.0,1621,2,有效发票,1570,862.0,70099.37941995348,35040.884404749144,-44330.34,36099.1625,89909.93,99353.0175,99999.96,862.0,11142.028445475653,5712.721407073675,-7092.84,5758.86,12999.75,15998.49,16999.58,862.0,81241.40786542925,40650.49642301825,-51423.18,41857.8275,104219.33,114321.565,116997.09,862,3,有效发票,773
E230,***建筑劳务有限公司,84.0,1438.0828571428572,2914.5523465139636,85.47,185.6225,248.29000000000002,743.6875,9708.74,84.0,59.961547619047614,81.19560127402664,8.16,21.3525,33.31,43.615,291.26,84.0,1498.0444047619048,2994.897259012704,100.0,213.8975,280.0,766.0,10000.0,84,2,有效发票,83,676.0,81628.07584319588,40563.85278884135,-99857.14,97087.38,97087.38,99857.14,99857.14,676.0,1681.8741863905343,1477.1980212784965,-2912.62,142.86,2912.62,2912.62,2912.62,676.0,83309.95002958582,41406.026588432695,-100000.0,100000.0,100000.0,100000.0,100000.0,676,2,有效发票,592
E231,***建筑科技有限公司,695.0,53616.96071942439,141882.8373741462,0.97,265.265,3758.55,88657.95000000001,999285.71,695.0,2736.118546762607,6013.535129303911,0.0,27.59,261.34,2912.62,47142.86,695.0,56353.079266187044,146121.57714350717,1.0,300.0,4221.0,100000.0,1000000.0,695,2,有效发票,681,408.0,89813.95536764724,16416.7168802525,6593.8,91743.12,91743.12,97087.38,99999.99,408.0,7212.987671568599,3318.8733683723303,627.17,2912.62,8256.88,8917.43,16375.21,408.0,97026.94303921568,17766.519944243755,7451.0,100000.0,100000.0,100000.0,115000.0,408,2,有效发票,370
E232,***投资发展有限责任公司,828.0,43177.96617149743,53240.63338640775,-97087.38,679.2825,13951.08,90909.09,429962.26,828.0,2866.208466183581,3984.0095189823546,-5660.38,23.3,591.75,2912.62,25797.74,828.0,46044.17463768114,56366.1266015967,-100000.0,706.5250000000001,13958.22,100000.0,455760.0,828,2,有效发票,782,118.0,412221.36838983017,576474.7815401378,-943396.23,9433.96,403036.815,943396.23,943396.23,118.0,24733.28127118645,34588.48435831434,-56603.77,566.04,24182.21,56603.77,56603.77,118.0,436954.649661017,611063.2658984525,-1000000.0,10000.0,427219.025,1000000.0,1000000.0,118,2,有效发票,113
E233,***劳务有限公司,727.0,565.8181292984867,1563.0628260887734,0.88,145.825,216.81,314.36,17475.73,727.0,46.60656121045391,153.4352966771185,0.0,11.265,23.01,35.95,2151.33,727.0,612.4246905089409,1692.2437058466376,1.0,158.0,236.0,352.0,18700.0,727,2,有效发票,718,238.0,86061.73857142864,32114.26545107342,900.9,99082.57,99902.91,99902.91,99999.09,238.0,6158.0242016806915,3693.466851975211,99.1,2997.09,8917.43,9909.09,9999.91,238.0,92219.76277310924,34400.57435503157,1000.0,102900.0,108000.0,109000.0,109999.0,238,2,有效发票,223
E234,***机电设备商贸有限公司,946.0,4892.902547568704,20034.259590917747,-140.47,150.5825,353.775,1769.03,485344.83,946.0,489.0631818181814,2902.803947944984,-22.48,6.09,17.18,109.89,77655.17,946.0,5381.965729386893,22815.397819335725,-162.95,158.25,374.0,1866.75,563000.0,946,2,有效发票,919,604.0,68920.89521523166,29888.500995316404,-94219.34,61935.895,76551.72,90811.97,99975.42,604.0,10126.681556291396,4580.750361421611,-5653.16,8711.720000000001,11231.48,13324.14,16936.43,604.0,79047.57677152322,34018.86127229821,-99872.5,71400.0,87500.0,103040.0,116562.5,604,2,有效发票,580
E235,个体经营E235 ,612.0,23667.319166666708,85481.74760665296,0.03,441.6575,2133.525,8534.48,769230.77,612.0,3593.2115522875883,13196.49587377942,0.0,41.3675,193.325,1365.52,130769.23,612.0,27260.530718954233,98605.3038668795,0.03,500.0,2288.0,9900.0,900000.0,612,2,有效发票,593,1014.0,41851.96620315578,37594.24301546134,-95752.21,7888.8875,26423.9,84189.6575,99973.45,1014.0,6395.612041420104,5724.394058897226,-12447.79,1200.7824999999998,4009.865,12152.885,16912.82,1014.0,48247.57824457594,43251.173623321796,-108200.0,9205.0,30040.0,97187.5,116400.0,1014,2,有效发票,944
E236,个体经营E236 ,204.0,25134.57318627454,36939.394611627526,-5056.03,300.0,8964.599999999999,35530.840000000004,99029.13,204.0,1702.9700980392167,3187.1272129632384,-808.97,13.99,291.26,2912.62,13797.93,204.0,26837.543284313724,39174.08762154188,-5865.0,315.75,9800.0,41153.1875,102000.0,204,2,有效发票,197,667.0,88047.73470764652,28689.35155678052,-97087.38,90909.09,97087.38,97087.38,99568.97,667.0,6486.354902548741,5089.662243474854,-9090.91,2912.62,2912.62,9090.91,15931.03,667.0,94534.0896101949,30941.662834290917,-100000.0,100000.0,100000.0,100000.0,115500.0,667,2,有效发票,518
E237,个体经营E237 ,1937.0,9579.160547238014,34251.302455450365,-94339.62,129.31,248.72,1202.66,320388.35,1937.0,864.4794734124974,2954.2523997651597,-5660.38,7.59,24.83,115.86,15688.28,1937.0,10443.64002065049,36848.12300509832,-100000.0,150.0,276.0,1319.27,330000.0,1937,2,有效发票,1900,295.0,80732.95142372881,30164.288898525978,0.0,90909.09,91743.12,91743.12,99825.69,295.0,7572.722338983023,2799.984937535829,0.0,8256.88,8256.88,9090.91,9090.91,295.0,88305.67376271186,32931.08705536296,0.0,100000.0,100000.0,100000.0,108810.0,295,2,有效发票,221
E238,个体经营E238 ,3899.0,4442.295255193644,25830.81975125804,-17094.02,172.4,319.42,1453.925,605344.83,3899.0,312.87238009746136,2479.6503486981965,-2905.98,7.46,24.93,68.97,96855.17,3899.0,4755.167635291102,27981.033597600144,-20000.0,190.0,350.0,1553.425,702200.0,3899,2,有效发票,3808,12084.0,5049.748604766691,4381.678707627354,-9905.66,1981.13,5660.38,9245.28,9995.28,12084.0,302.9854071499529,262.8922129093981,-594.34,118.87,339.62,554.72,599.72,12084.0,5352.734011916584,4644.56808817965,-10500.0,2100.0,6000.0,9800.0,10595.0,12084,2,有效发票,11256
E239,个体经营E239 ,379.0,78653.15424802116,137598.01606928816,-29168.14,380.525,94964.6,99920.315,968617.86,379.0,10502.952031662257,21931.223056546783,-3791.86,49.25,11504.42,12998.33,153413.81,379.0,89156.10627968344,158484.58167498675,-32960.0,429.0,100000.0,112985.51,1055848.0,379,2,有效发票,367,348.0,85484.11379310356,26704.812969299383,-86206.9,86473.875,94017.09,99992.92,99999.14,348.0,12255.321925287355,4131.197233179364,-13793.1,11504.535,12999.36,14529.91,16982.57,348.0,97739.43571839062,30570.701005427913,-100000.0,100000.0,110000.0,112994.4,116880.0,348,2,有效发票,306
E240,个体经营E240 ,1122.0,28456.321229946472,90232.27326336046,-2.26,247.86,1026.695,9684.47,970873.79,1122.0,1426.553074866319,4466.829626711732,-0.14,15.662500000000001,64.22,291.26,50564.1,1122.0,29882.874304812824,93558.72325367513,-2.4,269.25,1063.0,9975.0,1000000.0,1122,2,有效发票,1085,124.0,812927.5576612913,354298.7142831187,-970873.79,958737.5,970873.78,970873.79,973902.91,124.0,24387.826532258063,10628.961639448604,-29126.21,28762.125,29126.21,29126.2125,29217.09,124.0,837315.3841935485,364927.67592256574,-1000000.0,987499.625,1000000.0,1000000.0,1003120.0,124,2,作废发票,104
E241,个体经营E241 ,427.0,14553.216018735377,23432.97760935495,-24957.26,235.85,5300.0,16635.43,120337.79,427.0,1918.8201873536289,3375.038047715628,-4242.74,23.01,528.12,2068.625,16181.23,427.0,16472.036206088993,26461.850889213267,-29200.0,254.0,6144.0,19055.0,124330.0,427,2,有效发票,415,794.0,52288.00964735517,35263.741003733405,-75884.36,16991.405,58946.09,86215.895,99966.7,794.0,8167.952821158692,5532.43533970292,-9864.96,2850.0225,8959.73,12799.025,16994.07,794.0,60455.962468513884,40709.55798188104,-85749.32,19808.9375,68017.10500000001,99951.76999999999,116959.17,794,2,有效发票,721
E242,个体经营E242 ,513.0,37015.80130604295,57922.888839180436,85.47,265.49,603.45,88494.69,466019.47,513.0,4820.006374269009,6442.589342064337,0.0,27.59,66.27,11862.09,41119.66,513.0,41835.80768031186,63424.5558686764,100.0,300.0,678.0,100172.8,480000.05,513,2,有效发票,503,263.0,78003.29049429644,36798.59722073747,-86206.9,69931.86,97363.43,99778.76,99973.45,263.0,11062.593231939161,5345.54800560733,-13793.1,10496.244999999999,12971.24,12994.75,16985.47,263.0,89065.88372623577,41947.12001752876,-100000.0,79950.0,110056.32,112860.0,116900.0,263,2,作废发票,245
E243,***科技有限公司,697.0,6707.828550932615,11822.840956513024,-4740.52,338.83,7692.31,9708.74,99940.0,697.0,443.1289956958396,1455.0894264995452,-758.48,16.92,291.26,291.26,12992.2,697.0,7150.957546628408,13187.322966120375,-5499.0,349.0,9000.0,10000.0,112932.2,697,2,有效发票,681,711.0,46858.28721518984,35889.58145754798,191.6,9437.515,43481.82,83409.70999999999,99985.9,711.0,7294.027805907173,5652.44526732679,30.66,1413.85,6911.73,12617.46,16997.6,711.0,54152.315021097085,41473.77759883407,222.26,10803.075,50354.11,95190.62,116983.5,711,2,有效发票,677
E244,个体经营E244 ,1151.0,13296.483353605592,33084.47642243327,-36921.7,172.41,293.1,9145.3,517009.49,1151.0,2045.133605560385,5103.611566128504,-6276.68,27.58,41.39,1379.31,82721.51,1151.0,15341.616959165936,38148.668562460654,-43198.38,200.0,335.0,10566.5,599731.0,1151,2,有效发票,1105,536.0,78941.08091417905,35831.959773970506,-97087.38,76290.29,94124.7,97525.645,99999.99,536.0,10075.193171641806,6063.398021541981,-7741.97,2912.62,12085.4,15774.9,17000.0,536.0,89016.27408582093,39417.816875366814,-100000.0,87375.45000000001,100000.0,112489.27,116999.99,536,2,有效发票,443
E245,***建筑劳务有限公司,265.0,502.0531320754722,1158.5246314613485,54.37,205.26,264.15,345.13,9708.74,265.0,57.180037735849105,98.68470806401766,1.63,27.59,41.42,54.48,1150.44,265.0,559.2331698113209,1239.6396344483412,56.0,231.94,300.0,400.0,10000.0,265,2,有效发票,264,353.0,79612.59866855506,45943.00658948598,-97087.38,97087.38,97087.38,97087.38,97087.38,353.0,2388.376827195464,1378.2895587860505,-2912.62,2912.62,2912.62,2912.62,2912.62,353.0,82000.97549575071,47321.296148271984,-100000.0,100000.0,100000.0,100000.0,100000.0,353,2,有效发票,309
E246,***物业服务有限公司,1368.0,5063.289298245613,34892.13975846331,-18867.92,200.0,458.37,1657.3174999999999,1000000.0,1368.0,446.67403508771946,5131.35584052458,-1132.08,10.475,28.25,87.55499999999999,160000.0,1368.0,5509.963333333337,39724.5092135192,-20000.0,216.0,483.7,1800.0,1160000.0,1368,2,有效发票,1298,829.0,41543.314137515146,37532.94606292948,-94339.62,6579.25,40253.78,71832.04,99056.6,829.0,2512.770434258135,2347.390727899041,-5660.38,407.55,2381.33,4298.94,14529.91,829.0,44056.084571773266,39753.605732242424,-100000.0,7027.56,42669.01,77429.39,105000.0,829,2,有效发票,749
E247,***石化有限公司,943.0,13716.366638388141,25915.94010347663,-216.45,271.53499999999997,802.91,13256.41,263203.88,943.0,1677.9191728525993,3270.824149778148,-33.35,16.005,42.07,1589.52,16976.75,943.0,15394.285811240723,28866.90432840005,-249.8,300.0,850.0,14691.2,271100.0,943,2,有效发票,915,359.0,64549.59715877445,29320.875660664868,394.55,46385.21,75641.03,86283.19,99827.59,359.0,9609.967381615601,4606.325319247683,39.45,6612.015,11216.81,12965.52,16491.46,359.0,74159.56454038993,33790.688835334455,434.0,53005.0,87994.0,99600.0,115800.0,359,2,有效发票,333
E248,***智能科技有限公司,1511.0,9946.041317008583,35159.083941415265,-128417.95,292.04,1206.79,9708.74,685000.0,1511.0,905.9703573792189,4163.769846807317,-21831.05,25.31,82.76,298.19,109600.0,1511.0,10852.011674387819,38789.081315091375,-150249.0,320.0,1243.0,10080.0,794600.0,1511,2,有效发票,1466,405.0,58992.98456790135,39227.844164919996,-97087.38,17924.53,81218.87,91743.12,99999.09,405.0,4244.258172839496,3621.6338253858353,-2912.62,1132.08,2912.62,9090.91,10900.9,405.0,63237.24274074074,41970.52205503923,-100000.0,19000.0,86092.0,100000.0,110000.0,405,2,有效发票,353
E249,***建筑工程有限公司,719.0,52910.520556328236,138320.08626947438,-26637.93,369.81,1379.3,96990.29,961165.05,719.0,1992.6134492350443,4623.593880102583,-4262.07,36.82,151.73,2912.62,28834.95,719.0,54903.13400556325,142537.47254255862,-30900.0,400.01,1590.0,99900.0,990000.0,719,2,有效发票,620,472.0,110184.32027542463,112170.60181298974,13970.68,97087.38,97087.38,97087.38,970873.79,472.0,3839.2627966102114,3773.5835778677597,419.12,2912.62,2912.62,2972.315,29126.21,472.0,114023.58307203389,115454.7506090343,14389.8,100000.0,100000.0,100000.0,1000000.0,472,2,有效发票,470
E250,***塑料厂,439.0,20659.487835990873,48684.285407709176,-16887.01,230.09,650.49,16887.01,698865.09,439.0,2288.5799088838266,7169.155730425745,-2701.92,17.275,56.95,2108.675,118807.06,439.0,22948.06774487471,55260.37216268128,-19588.93,255.0,678.0,19588.93,817672.15,439,2,有效发票,427,778.0,48820.200385604105,37120.83627698486,-87179.49,19022.865,50892.63,82084.8575,99382.04,778.0,7519.121593830335,5892.039659109171,-14820.51,2869.985,7823.01,12349.4725,16854.7,778.0,56339.32197943442,42932.451665736575,-102000.0,21767.68,58647.0,94600.0,116000.0,778,2,有效发票,660
E251,***医疗器械有限责任公司,1457.0,7090.837865477003,19495.2353899437,-221238.94,176.92,848.11,6922.33,221238.94,1457.0,797.7611187371318,2404.8457002720456,-28761.06,12.97,56.55,505.52,28761.06,1457.0,7888.598984214148,21783.84287437007,-250000.0,200.0,918.0,7480.0,250000.0,1457,2,有效发票,1355,315.0,49538.061936507955,41954.07490527299,-97345.13,10619.47,64911.2,86206.9,99391.15,315.0,6601.081873015873,6036.019133428473,-13793.1,1379.92,8628.32,11792.03,15862.07,315.0,56139.14380952381,47913.986942839394,-110000.0,12000.0,74761.4,100000.0,115000.0,315,2,有效发票,274
E252,***印务有限公司,958.0,29830.465929018752,54435.01455774543,-16545.49,4475.56,9634.32,31583.445,532885.52,958.0,4616.775730688944,8794.653763964305,-2812.73,607.0699999999999,1488.62,4358.97,85261.68,958.0,34447.241659707724,63156.73708552991,-19358.22,5094.975,11092.2,35950.0,618147.2,958,2,有效发票,905,541.0,75261.56048059148,105168.51297061743,-99852.93,51282.05,71551.72,86967.79,952380.95,541.0,10655.367097966724,6606.649611444958,-15976.47,8220.49,11021.89,13948.72,47619.05,541.0,85916.92757855833,110737.84708915796,-115829.4,60000.0,83125.0,100719.79,1000000.0,541,2,有效发票,517
E253,***钢结构工程有限公司,1237.0,15497.463096200465,29104.530137021044,-13867.92,215.52,1724.14,9813.59,184359.11,1237.0,1301.8451738075978,3356.9784696802863,-832.08,27.59,137.93,303.45,29497.47,1237.0,16799.30827000809,31626.86179315438,-14700.0,237.0,1998.0,10150.0,213856.58,1237,2,有效发票,1196,381.0,74598.1746719162,30086.5451987853,-97087.38,54766.99,90909.09,91743.12,136721.36,381.0,5120.235669291324,3253.964920333403,-2912.62,2501.03,4101.64,8256.88,9090.91,381.0,79718.41034120736,32185.011169403195,-100000.0,60000.0,100000.0,100000.0,140823.0,381,2,有效发票,318
E254,***设备安装工程有限公司,237.0,16502.65548523208,71096.12624352661,37.74,129.31,235.34,2806.61,707964.6,237.0,2121.8743881856544,10280.78936796371,1.68,20.69,32.21,168.39,110344.83,237.0,18624.52987341773,81275.07861510217,40.0,150.0,270.76,2975.0,800000.0,237,2,有效发票,236,493.0,80857.02843813405,26392.523704260973,-85042.74,71834.95,97087.38,97087.38,97087.38,493.0,2425.710344827595,1204.1978087642483,-14457.26,2155.05,2912.62,2912.62,14457.26,493.0,83282.73878296146,27350.340791827915,-99500.0,73990.0,100000.0,100000.0,100000.0,493,2,有效发票,456
E255,个体经营E255 ,1377.0,9428.87567901236,46142.16393757196,-99106.52,188.68,437.74,1620.75,868602.82,1377.0,1329.8335584604226,7623.099173327003,-15857.04,9.5,24.99,84.6,147662.48,1377.0,10758.709237472776,53648.77250484643,-114963.56,200.0,470.0,1799.0,1016265.3,1377,2,有效发票,1331,639.0,63536.90998435048,44627.312429015336,-98717.95,26415.120000000003,85377.76,98472.515,99999.99,639.0,10111.503098591544,7141.850123639981,-16782.05,3797.59,12654.87,15999.57,16999.71,639.0,73648.41308294203,51687.28372438256,-115500.0,30410.36,99691.34,114777.8,116998.0,639,2,有效发票,599
E256,***物资有限公司,280.0,38090.96889285714,31402.06114685138,-5825.24,9194.7625,32343.29,63432.2725,99987.18,280.0,6151.37285714286,5194.943178072415,-475.72,1367.9825,5147.625,10274.807499999999,16997.82,280.0,44242.34175000002,36563.962589400144,-6000.0,10659.470000000001,37679.9,72875.825,116985.0,280,2,有效发票,270,919.0,33325.433188248135,29103.16699316231,-27291.48,9219.380000000001,21935.09,55153.85,99845.74,919.0,5240.360163220895,4635.8027193028265,-4366.64,1469.205,3459.57,8640.335,16973.76,919.0,38565.79335146902,33693.02358487939,-31658.12,10707.525,25444.7,63901.375,116819.5,919,2,有效发票,892
E257,***门窗安装有限公司,352.0,45289.060909090906,66494.82455799906,-88495.58,426.1075,9708.74,86206.9,557052.78,352.0,7024.333465909091,10711.460487938664,-11504.42,43.6875,761.005,12654.87,89128.43,352.0,52313.394375000025,77157.20050636775,-100000.0,481.5,10000.0,100000.0,646181.21,352,2,有效发票,337,361.0,75041.09853185574,35961.70212239305,-97087.38,71681.42,86206.9,97087.38,99655.17,361.0,8794.971578947367,5392.901691751599,-6896.55,2912.62,10531.28,13793.1,16273.5,361.0,83836.07011080332,39081.87438057303,-100000.0,79380.0,100000.0,100000.0,115600.0,361,2,有效发票,317
E258,***国际货运有限公司,2318.0,6988.625332182936,18444.79461603675,-41564.5,258.52,865.315,5899.225,274695.0,2318.0,214.32129853321877,744.9635509992925,-1089.77,0.0,28.98,101.9275,9909.91,2318.0,7202.946630716136,18738.058316683233,-41564.5,287.1375,942.4200000000001,6149.5,274695.0,2318,2,有效发票,2233,2495.0,29033.358513026087,34904.39473183967,-99999.0,2882.94,10880.0,49596.05,99999.99,2495.0,1527.4077755511053,3312.9514112728657,-1317.08,0.0,0.0,441.615,9909.91,2495.0,30560.766288577186,37231.88661998278,-99999.0,2945.5,11085.0,50071.9,105332.2,2495,2,有效发票,2380
E259,***文化传媒有限公司,2462.0,8305.810231519055,17405.73540698613,-26497.67,452.0375,3894.58,9523.81,291262.14,2462.0,578.969845653939,1213.5031429270557,-1517.1,34.06,238.1,642.86,14529.91,2462.0,8884.780077173042,18423.804178194336,-27822.55,500.0,4298.0,10000.0,300000.0,2462,2,有效发票,2321,818.0,42277.69111246941,34527.65613084039,-94339.62,15849.06,39622.64,70754.72,99339.62,818.0,2536.6616503667447,2071.6596531333666,-5660.38,950.94,2377.36,4245.28,5960.38,818.0,44814.35276283619,36599.31578397182,-100000.0,16800.0,42000.0,75000.0,105300.0,818,2,有效发票,707
E260,***广告有限公司,1365.0,13662.569267399278,27077.250498318277,-9949.51,249.51,1941.75,9999.14,414741.38,1365.0,1903.8968424908417,4082.4364516670053,-298.49,23.01,143.59,1599.86,66358.62,1365.0,15566.466109890127,31093.4703333354,-10248.0,275.0,2000.0,11616.0,481100.0,1365,2,有效发票,1343,1588.0,15789.59460957176,25271.950804433392,-82151.87,1545.4475,5953.73,16144.585,99618.73,1588.0,2232.011227959696,3675.6027068297903,-11200.0,215.0975,722.995,2245.485,16709.4,1588.0,18021.60583753149,28891.461622468236,-92831.61,1759.6,6818.49,18427.215,115000.0,1588,2,有效发票,1405
E261,***医疗器械有限公司,1386.0,6576.250209235217,19344.235103676056,-2585.35,138.83,300.97,1229.6825,99557.52,1386.0,935.8770923520913,2948.849087059113,-413.65,5.7325,17.985,105.0775,16738.47,1386.0,7512.12730158731,22234.165160975463,-2999.0,149.0,321.0,1353.0,115200.0,1386,2,有效发票,1338,1548.0,11927.95187984495,15152.606550075627,-39658.11,3154.865,6695.4,14610.6175,97787.61,1548.0,1799.2915633075027,2325.477384602012,-6741.89,469.38,987.59,2220.3525,15558.62,1548.0,13727.243443152453,17459.555073639993,-46400.0,3600.0,7600.0,16555.0,112800.0,1548,2,有效发票,1367
E262,个体经营E262 ,329.0,50841.26246200606,45124.467558508244,53.77,9734.51,52307.69,88495.57,424366.82,329.0,7535.593860182382,7154.365751314827,3.23,1265.49,8204.03,12971.24,67898.68,329.0,58376.856322188454,52141.503610649335,57.0,11000.0,61200.0,100000.0,492265.5,329,2,有效发票,320,692.0,36995.9127312139,38955.30946355619,-40264.11,2196.95,14587.625,84021.1725,99899.12,692.0,5645.649898843938,6012.991399474697,-6844.89,326.765,2314.245,12268.205,16972.69,692.0,42641.56263005779,44898.88049378134,-47109.0,2520.0,16921.64,97715.0,116812.0,692,2,有效发票,656
E263,***通信工程有限公司,496.0,29232.66124999997,96017.35481466995,-388.35,172.42,517.845,8688.355,998244.42,496.0,1417.6441129032266,4527.736738819897,-11.65,11.5,31.775,559.8025,56603.77,496.0,30650.305362903233,99720.54236631437,-400.0,200.0,537.0,9388.875,1000000.0,496,2,有效发票,490,496.0,63366.262762096834,39484.7936330013,-94339.62,32083.545,90000.0,91743.12,99999.0,496.0,5469.929052419339,3737.7925912091355,-9090.91,2596.0825,5999.94,8365.73,10596.17,496.0,68836.19181451615,42867.912643031166,-100000.0,34569.8975,98065.76999999999,100000.0,109998.9,496,2,有效发票,404
E264,个体经营E264 ,1610.0,18244.281440993826,49189.13694196513,-99106.52,280.3025,970.87,9739.8125,868602.82,1610.0,2774.210167701867,8098.982752234998,-15857.04,15.28,55.175,1451.54,147662.48,1610.0,21018.49160869564,57184.604418560506,-114963.56,300.0,1000.0,11006.0,1016265.3,1610,2,有效发票,1502,423.0,64862.731182033036,44393.71401137072,-98230.09,32710.345,85377.76,98569.965,99999.99,423.0,10458.966028368784,7053.740737103159,-15645.86,4883.84,13771.14,15996.48,16999.71,423.0,75321.69721040188,51390.95467405155,-113432.65,37364.0,99691.34,114851.01999999999,116998.0,423,2,作废发票,399
E265,***净化工程有限公司,2035.0,12385.766289926256,44662.64505976615,-14155.75,170.94,383.62,6712.735000000001,695876.75,2035.0,1178.1093513513506,4052.0282447770533,-1840.25,7.865,36.23,262.87,102255.44,2035.0,13563.87564127765,47728.94109242491,-15996.0,200.0,425.0,7369.45,716753.05,2035,2,有效发票,1968,475.0,56091.46943157895,43452.11469799158,-90090.09,16666.67,81719.64,90090.09,99300.0,475.0,6108.444399999992,4880.669342955316,-11325.78,1833.33,8256.88,9909.91,14529.91,475.0,62199.9138315789,48196.89260776066,-100000.0,18650.0,91352.01,100000.0,112209.0,475,2,有效发票,401
E266,***煤矿机械有限公司,295.0,4725.506644067792,18009.049056568594,-3196.18,298.22,416.38,680.8,188679.25,295.0,413.50494915254234,1671.3536937010706,-191.77,20.375,52.35,78.56,14503.63,295.0,5139.011593220339,19504.8408688382,-3387.95,329.0,472.0,764.5,200000.0,295,2,有效发票,289,484.0,59233.32807851243,36319.086191817056,-99409.48,33489.6575,63512.485,92377.14749999999,99913.79,484.0,9324.994731404959,5927.386153030561,-15905.52,5293.8675,9788.080000000002,14836.28,16963.68,484.0,68558.32280991739,42169.168461820664,-115315.0,38818.75,73318.0,107157.48999999999,116750.0,484,2,有效发票,450
E267,***林园艺场,192.0,5439.409218749996,17965.971736603926,71.84,197.60500000000002,280.09000000000003,758.255,99970.0,192.0,43.288697916666706,302.2014757013886,0.0,3.7525,23.01,34.074999999999996,4195.45,192.0,5482.697916666667,18007.146941889554,74.0,227.75,307.5,781.0,99970.0,192,2,有效发票,189,227.0,87328.5933039648,29626.92978368498,-99200.0,91759.17,98172.48,99942.5,99999.9,227.0,1212.1100881057264,2801.424962737316,-3368.81,0.0,0.0,0.0,9090.76,227.0,88540.70339207049,29835.564820980526,-99200.0,95200.0,99080.0,99979.0,108992.0,227,2,有效发票,202
E268,***建筑劳务有限公司,47.0,129050.06425531914,207111.09405789955,115.53,527.75,97087.38,97087.38,776699.03,47.0,3859.0421276595735,6220.888381610479,0.0,26.33,2912.62,2912.62,23300.97,47.0,132909.10638297873,213331.61419532762,119.0,571.5,100000.0,100000.0,800000.0,47,2,有效发票,42,360.0,74018.30197222243,42630.365764354035,-97087.38,86818.1825,91743.12,97087.38,99999.99,360.0,4211.492194444432,3505.260930394534,-2912.62,2912.62,2912.62,8256.88,11000.0,360.0,78229.7941666667,44815.422141928495,-100000.0,90928.67,100000.0,100000.0,110999.99,360,2,有效发票,342
E269,***节能服务有限公司,170.0,5518.825705882357,23304.859578456268,33.62,258.62,377.555,2510.1,273504.27,170.0,586.4934117647059,3703.601503797871,0.0,24.2425,45.435,101.945,46495.73,170.0,6105.319117647059,26848.095328080388,39.0,288.75,427.525,2543.75,320000.0,170,2,有效发票,169,223.0,151263.8471748878,235106.25140346217,-97087.38,34876.240000000005,80649.0,99037.945,997655.56,223.0,22436.766547085183,40035.109982429705,-4125.49,480.995,4277.89,16836.45,169601.44,223.0,173700.61372197312,274862.55061180476,-100000.0,37890.0,80649.0,115874.39499999999,1167257.0,223,2,有效发票,194
E270,个体经营E270 ,561.0,10605.473065953682,22703.957871152248,-8108.11,176.99,2521.37,9692.31,99774.16,561.0,1586.2542245989275,3629.667213229877,-891.89,24.76,188.89,1323.01,16825.64,561.0,12191.727290552575,26298.59370686185,-9000.0,200.0,2950.0,11110.0,115800.0,561,2,有效发票,548,415.0,60409.507493975936,36407.63844445239,-95378.85,33654.89,73134.74,91034.295,99988.37,415.0,9068.278506024097,5695.432897826396,-16214.42,4951.98,10370.03,13794.220000000001,16974.64,415.0,69477.78600000002,41986.32770334643,-111593.27,39206.75,84585.0,104528.5,116825.5,415,2,有效发票,335
E271,***科技有限公司,1698.0,16474.698875147173,48276.67338438349,-85470.09,279.1325,873.22,9267.24,976923.08,1698.0,2512.783780918736,7945.169616129293,-14529.91,22.095,82.24000000000001,1314.96,166076.92,1698.0,18987.482656065968,56178.11071053667,-100000.0,310.0,977.5,10000.0,1143000.0,1698,2,有效发票,1638,557.0,79998.74601436274,207565.94491760893,-941350.41,3398.23,13415.93,46902.65,946902.66,557.0,12831.351490125673,34277.310157278785,-160029.59,517.7,2034.19,6945.32,156138.46,557.0,92830.09750448834,241741.23611973296,-1101380.0,3840.0,15160.0,53000.0,1074600.0,557,2,有效发票,440
E272,个体经营E272 ,1206.0,3934.4570563847424,11887.661905683517,-77497.71,176.70499999999998,427.265,2405.61,109944.92,1206.0,355.9275041459374,1241.99306899396,-3874.89,7.0875,26.475,217.95,17591.23,1206.0,4290.38456053068,12969.859808074865,-81372.6,193.0,469.0,2643.75,127536.15,1206,2,有效发票,1168,595.0,25778.18331092432,37307.09924837986,-98275.86,2586.205,9734.51,51293.1,99137.93,595.0,3925.393731092435,5782.403369917966,-15724.14,411.03499999999997,1534.36,8139.3099999999995,16794.11,595.0,29703.57704201681,43054.35326618244,-114000.0,3000.0,11232.0,59500.0,115583.0,595,2,有效发票,542
E273,个体经营E273 ,1546.0,7179.701384217319,24404.0347364725,-145631.07,176.99,424.27,3716.99,469664.29,1546.0,371.8911448900393,1188.89805585409,-4761.9,8.462499999999999,37.66,140.865,9654.16,1546.0,7551.592529107371,25336.226573392476,-150000.0,200.0,470.315,3935.5,470000.0,1546,2,有效发票,1460,8046.0,2893.249871986053,2058.3599116539554,-6990.29,1735.92,2425.24,3262.14,9825.24,8046.0,103.25457370121765,102.3432899274512,-987.97,54.085,78.29,113.24,1452.13,8046.0,2996.504445687298,2138.400145048073,-7200.0,1788.0,2498.0,3380.0,10120.0,8046,2,有效发票,7961
E274,***建筑劳务有限公司,12.0,2964.0891666666666,6782.896144424201,110.68,253.9375,404.855,432.04499999999996,22718.45,12.0,101.57749999999999,199.4891931055642,3.32,8.23,14.129999999999999,68.97,681.55,12.0,3065.6666666666665,6981.243641922174,114.0,267.5,417.0,500.0,23400.0,12,1,有效发票,12,154.0,84948.57603896121,27431.51118648975,-58419.3,97087.38,97087.38,97087.38,97087.38,154.0,2548.4560389610365,822.9448834055804,-1752.58,2912.62,2912.62,2912.62,2912.62,154.0,87497.03207792208,28254.456069894357,-60171.88,100000.0,100000.0,100000.0,100000.0,154,2,有效发票,136
E275,***网络工程有限公司,379.0,4746.518627968341,19490.884408110676,-3011.32,162.39499999999998,453.42,1934.27,305512.82,379.0,509.7063324538263,2871.8015811183327,-180.68,11.434999999999999,31.72,136.565,51937.18,379.0,5256.224960422163,22194.855097635485,-3192.0,183.5,492.95,2061.825,357450.0,379,2,有效发票,364,441.0,58973.591179138355,45339.67585236844,-90909.09,30193.44,90090.09,90909.09,97087.38,441.0,4455.511269841274,4493.37132035621,-9909.91,2110.14,3355.42,9090.91,9909.91,441.0,63429.10244897958,49145.92110535669,-100000.0,32005.05,96066.52,100000.0,100000.0,441,2,有效发票,357
E276,***体育设施工程有限公司,1040.0,4412.06915384616,18947.728204853523,-1659.43,172.42,256.64,626.1424999999999,307724.25,1040.0,259.98442307692284,1172.1276591376682,-99.57,14.212499999999999,27.59,45.52,12910.35,1040.0,4672.053576923078,19750.517567462397,-1759.0,200.0,290.0,669.0,308017.6,1040,2,有效发票,1022,212.0,64956.39693396207,42201.513650074965,-87172.0,46480.74,87172.0,91743.12,99933.21,212.0,5446.0716981132055,4223.577557905001,-8717.2,2786.54,8256.88,8263.46,9993.32,212.0,70402.46863207546,45946.63400573074,-95889.2,50769.774999999994,95889.2,100000.0,109926.53,212,2,有效发票,169
E277,***消防设备制造有限公司,334.0,39213.39005988023,38050.32619804807,-23423.42,5660.38,19444.445,83541.66500000001,136785.93,334.0,5020.309101796407,5664.789742409716,-2576.58,289.3375,2313.755,11088.485,23253.61,334.0,44233.69916167665,43040.61726840232,-26000.0,6000.0,22750.0,92966.0,160039.54,334,2,有效发票,319,271.0,70905.94630996304,31358.638806759354,-90256.41,58544.955,87236.2,92555.555,99561.06,271.0,11108.96940959409,5107.132217100907,-15343.59,9267.415,12350.43,15111.11,16800.94,271.0,82014.91571955722,36333.11390144691,-105600.0,67001.5,99543.0,106093.0,115630.0,271,2,有效发票,254
E278,***贸易有限公司,405.0,30181.37254320987,35811.30103209767,-1680.53,244.25,9923.89,55487.08,157345.13,405.0,4514.221283950613,5503.913833145637,-218.47,25.2,1397.49,8437.35,23448.81,405.0,34695.59382716052,41264.66708697457,-1899.0,276.0,11250.0,63459.6,177800.0,405,2,有效发票,389,238.0,58504.423487394946,36588.34463198467,-91448.43,24169.942499999997,62630.07,93881.7025,99833.63,238.0,8782.961218487395,5656.851593478877,-14631.75,3786.5625,9638.21,13435.6525,16795.08,238.0,67287.38470588239,42136.48951177981,-106080.18,27493.5375,72760.0,107997.54999999999,115589.65,238,2,有效发票,222
E279,***环保包装有限公司,619.0,28320.38302100162,34080.85236698636,-97021.24,550.955,11183.96,52862.495,156123.71,619.0,3602.176542810984,4927.382260852423,-15523.4,46.02,1173.45,6239.64,26541.04,619.0,31922.559563812592,38644.43385119669,-112544.64,575.625,11855.0,60231.240000000005,182664.75,619,2,有效发票,600,526.0,45942.15064638783,47407.653147407684,-99685.57,12618.435000000001,39856.72,92525.1825,99999.67,526.0,701.2218060836501,2569.8707912938034,-1770.9,0.0,0.0,0.0,13695.9,526.0,46643.372452471456,47757.51691535226,-99685.57,12839.0,43150.03,94092.33499999999,100000.0,526,2,有效发票,500
E280,个体经营E280 ,555.0,22264.16744144148,34790.47824024966,54.37,344.82,1580.57,33031.595,248377.3,555.0,3434.7188648648685,5415.471414289456,0.0,44.58,94.83,5148.725,32289.05,555.0,25698.886306306318,40170.3248793011,56.0,390.0,1675.4,38122.575,280666.35,555,2,有效发票,544,588.0,31506.387517006784,27031.581640779263,-95596.46,11270.58,21632.010000000002,45223.515,99998.23,588.0,4907.6923469387775,4195.077104610987,-12427.54,1772.5974999999999,3437.52,7080.585,16903.67,588.0,36414.07986394557,31178.26720557487,-108024.0,13101.349999999999,24978.2,51756.585,116555.45,588,2,有效发票,549
E281,***商业管理有限责任公司,1062.0,19125.78236346517,71151.14396014114,0.01,296.70000000000005,2189.3199999999997,9707.77,1247906.12,1062.0,1884.5452919020752,10683.423054894198,0.0,10.61,42.34,220.99,162227.8,1062.0,21010.327655367237,81531.68854371336,0.01,320.34000000000003,2281.0,10000.0,1410133.92,1062,2,有效发票,1002,581.0,29944.601015490593,32061.87642177205,-14678.9,2780.38,16778.76,51330.38,97849.72,581.0,2656.781290877799,2548.7844275490975,-1321.1,358.62,2179.49,5094.34,13076.92,581.0,32601.38230636832,34330.749064957745,-16000.0,3200.0,18919.0,60000.0,104604.57,581,2,有效发票,551
E282,***影城有限公司***分公司,795.0,16041.116088050305,36005.377621863845,-57855.28,565.13,1839.6,11213.59,275585.32,795.0,1206.8234842767324,2816.5881332966082,-6907.47,34.08,119.21,699.03,25115.34,795.0,17247.939572327046,38430.4690377077,-60748.04,600.15,1920.0,11794.5,298261.8,795,2,有效发票,752,2711.0,8153.907897454824,19935.262485641804,-39603.77,59.355000000000004,1359.22,5825.24,97456.56,2711.0,379.38243083732874,973.3365119939498,-2376.23,2.6,50.97,264.55,5660.38,2711.0,8533.290328292136,20854.8532235949,-41980.0,63.5,1440.0,6000.0,100380.26,2711,2,有效发票,1959
E283,***机械铸造有限责任公司,609.0,26187.69911330048,30287.94172336867,86.21,2564.1,9957.26,40927.59,99833.57,609.0,3746.4625451559928,4676.287354624568,0.0,206.9,1612.82,5902.78,16869.23,609.0,29934.16165845646,34729.06367058093,100.0,3000.0,11650.0,46888.0,116100.0,609,2,有效发票,582,299.0,67432.04602006687,23482.140966479285,5628.0,48837.235,72955.56,86271.215,99783.26,299.0,10468.389230769231,3838.640098841597,956.76,7803.525,10716.08,13757.205,16963.16,299.0,77900.4352508361,27157.73497226378,6584.76,56880.0,84010.5,99787.0,116746.42,299,2,有效发票,291
E284,***成焊科技有限公司,1058.0,10933.450945179564,17249.00867333608,-8547.01,727.425,3649.06,9911.5,99120.0,1058.0,1517.1862854442318,2553.9518417149056,-1452.99,38.5025,446.96000000000004,1544.83,15859.2,1058.0,12450.637230623823,19673.15444290343,-10000.0,794.4100000000001,4000.0,11497.5,114979.2,1058,2,有效发票,1007,466.0,36296.546072961384,32579.805418282165,-6307.68,3315.0725,29159.85,69230.77,99829.06,466.0,5551.261866952788,5030.076429945615,-1072.32,523.0725,4427.245,9790.25,16970.94,466.0,41847.807939914164,37547.8346652872,-7380.0,3815.0,33475.0,80000.0,116800.0,466,2,有效发票,429
E285,个体经营E285 ,772.0,23867.497707253897,53471.42378147048,-89893.16,238.5575,647.085,32038.83,660377.36,772.0,3510.151360103633,7011.231161470204,-15281.84,11.0025,57.52,2912.62,99240.28,772.0,27377.649067357503,59925.174498956265,-105175.0,252.0,666.5,34020.7125,719492.0,772,2,有效发票,730,564.0,60775.45485815608,39394.81246625359,-95500.0,20549.6675,78274.78,94955.75,99987.93,564.0,7603.97549645391,5955.957793832281,-15280.0,2962.7225,5660.38,12991.49,16997.95,564.0,68379.43035460995,44525.970148512504,-110780.0,23808.0,86900.0,106000.0,116985.88,564,2,有效发票,458
E286,***印务有限公司,305.0,38655.003934426204,43112.61701759666,10.38,3343.6,16116.81,82123.89,344827.59,305.0,5477.511672131145,6380.408666513242,0.0,287.15,2151.33,11032.88,55172.41,305.0,44132.51560655737,49431.5253738042,11.0,3608.0,18212.0,94000.0,400000.0,305,2,有效发票,290,258.0,60944.26701550389,36152.55260722797,-95575.2,31321.5875,71033.935,91685.1275,99999.34,258.0,8693.618914728671,5144.231916398652,-12424.8,4217.7875,10426.630000000001,12831.69,15999.3,258.0,69637.88593023253,41184.91202939168,-108000.0,35636.14,80507.37,105229.49250000001,115994.94,258,2,有效发票,199
E287,***鞋材有限公司,462.0,33928.63357142853,34781.14785853249,-39632.48,8849.56,22566.37,51333.33,347844.83,462.0,5265.037251082249,5466.233715178089,-6737.52,1452.99,3599.4300000000003,8053.1,55655.17,462.0,39193.67082251082,40200.304897749884,-46370.0,10020.960000000001,26140.0,59995.0,403500.0,462,2,有效发票,422,309.0,56297.109158576044,27764.65826153368,-70349.91,31554.7,58672.57,85470.08,88938.05,309.0,8707.565598705498,4396.196132406786,-11959.49,5101.31,8996.52,12255.11,14929.78,309.0,65004.67475728155,32044.60902561444,-82309.4,36919.0,68005.0,100000.0,102752.0,309,2,有效发票,267
E288,个体经营E288 ,582.0,23263.854432989683,34082.29274512459,-79.41,357.7025,2441.6800000000003,43935.7775,99994.87,582.0,3501.7232302405514,5379.743289244157,-13.49,27.5825,294.235,5616.844999999999,16999.13,582.0,26765.577663230262,39403.89101000401,-92.9,400.0,2723.24,49647.435,116994.0,582,2,有效发票,575,308.0,66625.70366883122,30064.832348616947,-88076.93,55209.5125,76250.935,86534.405,99871.55,308.0,10600.30350649351,4954.623563192471,-14973.07,8714.5325,11526.02,14247.995,16877.95,308.0,77226.00717532466,34894.834929374905,-103050.0,64559.725,88044.8,100000.045,116160.0,308,2,有效发票,240
E289,***运业有限公司***分公司,3335.0,2311.7995562219066,7182.536362675199,-5303.76,313.82,788.31,1544.8000000000002,290598.29,3335.0,212.63330134932392,928.0824357262137,-318.23,37.28,77.08,137.79,49401.71,3335.0,2524.432857571216,7981.4389694554975,-5621.99,360.0,900.0,1749.87,340000.0,3335,2,有效发票,3307,1679.0,13061.117403216218,22291.00401610309,-33009.71,1456.31,3398.06,11553.4,95904.66,1679.0,391.8334663490168,668.7301125306524,-990.29,43.69,101.94,346.6,2877.14,1679.0,13452.950869565222,22959.734128627606,-34000.0,1500.0,3500.0,11900.0,98781.8,1679,2,有效发票,1567
E290,***机电有限公司,871.0,6200.473432835818,17535.518450228094,-3940.45,217.265,485.44,3935.74,99568.97,871.0,925.1184730195178,2726.4630974676193,-669.88,15.805,37.96,456.66999999999996,16704.32,871.0,7125.591905855336,20242.566838610965,-4610.33,240.0,535.0,4475.65,115500.0,871,2,有效发票,859,1125.0,17606.112524444437,25748.52270419457,-55931.03,2134.52,5623.93,19055.17,99319.46,1125.0,2606.6420355555583,3896.8970620095197,-8948.97,328.67,868.89,2724.37,16884.33,1125.0,20212.754559999983,29510.952149633013,-64880.0,2448.0,6488.0,22104.0,116203.79,1125,2,有效发票,988
E291,***文业建设工程有限公司,393.0,46243.261348600456,209142.0731010057,-59223.3,431.04,4568.97,91465.52,3840282.86,393.0,5142.5726717557145,16202.575572991489,-1776.7,43.44,174.76,4794.87,192014.14,393.0,51385.834020356226,223004.76574558995,-61000.0,480.0,5000.0,100000.0,4032297.0,393,2,有效发票,372,162.0,72377.61555555555,42559.33788784702,-78258.62,41726.340000000004,96917.93,99789.26,99997.26,162.0,11441.6913580247,6869.6083865474,-12521.38,4683.945,15506.869999999999,15966.28,15999.56,162.0,83819.30691358018,49378.74248704092,-90780.0,47608.255,112424.8,115755.54,115996.82,162,2,有效发票,129
E292,***物流有限公司,335.0,20691.664388059726,29481.01711555584,13.21,417.255,7883.78,28683.56,115323.16,335.0,1969.9060597014904,3253.1162072324814,0.0,19.81,373.0,2209.4049999999997,18451.71,335.0,22661.570447761187,32584.51882783222,14.0,457.5,8770.0,30987.98,133774.87,335,2,有效发票,323,1317.0,9062.071389521754,1822.3923267122336,-7504.5,9433.96,9433.96,9909.09,17517.36,1317.0,676.5111313591505,241.37167289409712,-825.5,566.04,594.34,990.91,1090.09,1317.0,9738.582520880791,1984.1082162816633,-8330.0,10000.0,10000.0,10700.0,18568.4,1317,2,有效发票,1278
E293,***物资有限公司,59.0,143813.30186440685,228673.79143598245,169.81,5062.9349999999995,34983.33,94339.62,834651.66,59.0,20423.31762711864,33848.9001600374,8.62,479.82,5106.84,13427.63,133544.27,59.0,164236.6194915254,262250.71586203057,180.0,5902.75,40930.5,104423.5,968195.93,59,2,有效发票,56,117.0,72368.17675213682,29933.69429200357,7478.63,54970.26,87619.78,91211.33,99534.48,117.0,10706.194786324791,4522.244366353183,1176.21,8795.24,11412.39,14341.21,16738.46,117.0,83074.37153846148,34308.14659921121,8750.0,63765.5,99200.0,103973.8,115460.0,117,2,有效发票,107
E294,个体经营E294 ,867.0,5111.740369088811,16544.95493831959,-9660.19,164.385,270.87,1179.94,98290.6,867.0,598.2247520184542,2277.741173143429,-289.81,5.83,26.44,65.78999999999999,16709.4,867.0,5709.965121107271,18626.513834114678,-9950.0,175.5,300.0,1299.5,115000.0,867,2,有效发票,845,359.0,73499.83601671304,26386.978263614455,-98717.95,60596.15,84203.54,90965.38,99829.06,359.0,11498.453426183847,4489.044101257887,-16782.05,8803.445,12742.3,14820.51,16970.94,359.0,84998.28944289693,30645.282605517205,-115500.0,70297.5,97253.5,105000.0,116800.0,359,2,有效发票,310
E295,***电器设备制造有限公司,854.0,14096.603782201439,45035.49725114846,-23988.25,258.62,468.145,8717.665,927929.35,854.0,2117.9577400468424,6242.764136332402,-4078.0,24.8825,63.58,1280.44,120630.81,854.0,16214.561522248237,51197.32069752959,-28066.25,300.0,534.0,10009.5,1048560.16,854,2,有效发票,818,251.0,67435.47079681279,32271.98143010378,-88426.86,50351.275,79219.64,92856.395,99984.42,251.0,10455.839282868532,4991.324710791343,-11495.49,8014.015,12159.14,14206.39,16997.34,251.0,77891.3100796813,37109.15534998055,-99922.35,58910.985,91927.0,106559.785,116981.76,251,2,有效发票,206
E296,***装饰设计工程有限公司,1544.0,4804.143490932642,16741.525010041994,-97087.38,172.41,308.68,2232.2525,98079.72,1544.0,312.6884326424872,1517.900287841408,-12855.17,7.1850000000000005,27.59,99.7575,14479.45,1544.0,5116.831923575131,17984.17704399059,-100000.0,191.75,332.5,2327.125,104976.0,1544,2,有效发票,1446,252.0,57746.367301587175,55352.82772106292,-99999.0,15083.945,91743.12,99999.0,99999.0,252.0,3866.8491269841275,4257.108933156139,-9999.9,1134.5975,2999.97,8256.88,9999.9,252.0,61613.21642857146,58765.63470883022,-109998.9,16441.5,100000.0,102998.97,109998.9,252,2,有效发票,219
E297,***建筑机械租赁有限公司,50.0,205939.35700000002,182756.69437966112,169.81,105555.5525,170912.715,270481.8725,963362.07,50.0,30439.843000000008,27943.871546661743,10.19,17726.5,26971.765,38079.65,154137.93,50.0,236379.2,210397.9058659961,180.0,123500.0,196490.0,314400.0,1117500.0,50,1,有效发票,50,183.0,82867.16169398907,16040.357403998465,6637.17,79646.02,86062.93,94796.45999999999,99627.35,183.0,12388.499508196715,2819.2664149708744,862.83,11216.81,12654.87,13813.585,16936.65,183.0,95255.66120218579,18536.279740278515,7500.0,90484.0,99447.0,108000.0,116564.0,183,2,有效发票,162
E298,***电器维护服务有限公司,909.0,6105.169328932953,4304.837829272406,-9657.26,1560.07,7966.01,9708.74,27851.72,909.0,312.416600660068,392.22520390455514,-1641.74,98.68,291.26,291.26,4456.28,909.0,6417.58592959296,4533.960668278876,-11299.0,1656.8,8500.0,10000.0,32308.0,909,2,有效发票,902,2813.0,6568.6933416280035,4088.7534464812315,-9707.77,2150.49,9707.77,9707.77,9708.74,2813.0,213.1977106292231,146.95694147543927,-291.23,71.97,291.23,291.26,1150.44,2813.0,6781.891052257378,4213.525271899498,-9999.0,2247.0,9999.0,9999.0,10000.0,2813,2,有效发票,2436
E299,***压缩天然气有限责任公司,592.0,41566.4895945945,115604.61245898,-174093.16,176.99,576.6949999999999,9972.135,884955.75,592.0,4534.005405405405,13436.22702891562,-18535.64,23.01,35.69,679.25,115044.25,592.0,46100.49499999999,128833.36992470275,-192628.8,200.0,600.0,11264.35,1000000.0,592,2,有效发票,570,545.0,41704.181357798436,79525.01251606768,-90490.91,825.69,916.51,81896.55,796460.18,545.0,4632.879009174327,9542.655534512689,-9049.09,78.44,90.45,8700.0,103539.82,545.0,46337.060366972495,88951.65402932007,-99540.0,900.0,999.0,92800.0,900000.0,545,2,有效发票,495
E300,***建设工程有限公司,771.0,19892.153463035047,33108.82924965709,-81973.75,300.88,2106.91,15663.720000000001,154867.25,771.0,1878.7198832684828,3473.977285508795,-9311.64,20.185000000000002,146.04,1568.245,20132.75,771.0,21770.873346303502,36091.8269842294,-91285.39,326.0,2325.0,17700.004999999997,175000.0,771,2,有效发票,747,246.0,81953.3794308943,32441.459438302765,-90089.19,90089.19,91743.12,99838.1,99990.0,246.0,7577.883455284532,3119.0310599097065,-9909.81,8256.88,8256.88,8999.09,9909.81,246.0,89531.26288617888,35511.557855115265,-99999.0,99999.0,100000.0,108823.53,108989.1,246,2,有效发票,223
E301,***企业管理咨询有限公司,3029.0,1413.0175404423962,4948.802832641013,-4741.38,118.28,235.04,556.6,92233.01,3029.0,70.62332452954786,254.97801607416557,-758.62,5.16,15.55,41.38,5094.34,3029.0,1483.6408649719385,5171.294281212685,-5500.0,125.2,255.0,585.0,95000.0,3029,2,有效发票,2971,458.0,36158.6853493449,35468.90150852588,-75000.0,9611.65,20292.28,63943.395000000004,97087.38,458.0,1930.94943231441,2063.251350100296,-4500.0,288.35,1132.08,3056.6,5741.89,458.0,38089.634781659384,37453.003105883225,-79500.0,9900.0,21509.82,67500.0,101440.0,458,2,有效发票,428
E302,***机电设备有限公司,955.0,4144.660565445031,24005.90684780666,-37606.84,148.95,282.1,886.425,365010.34,955.0,491.53247120418865,3486.1601799753676,-6393.16,5.970000000000001,22.53,53.76,61795.73,955.0,4636.193036649215,27421.846077457954,-44000.0,156.5,310.0,965.5,425300.0,955,2,有效发票,899,289.0,35952.62792387545,32137.253357521127,-83206.9,8376.07,22991.45,65562.06,99487.18,289.0,5302.998754325258,4689.143647488356,-10816.9,1322.23,3623.43,9301.72,16912.82,289.0,41255.62667820069,36762.027626422736,-94023.8,9680.0,26810.0,76052.0,116400.0,289,2,有效发票,261
E303,***图书发行有限公司,693.0,4071.4007792207867,37009.26550129393,-264.15,176.99,306.9,389.38,677758.62,693.0,503.63600288600264,5749.342099336611,-15.85,21.86,31.72,57.8,108441.38,693.0,4575.036782106782,42719.16005482454,-280.0,200.0,345.0,440.0,786200.0,693,2,有效发票,682,360.0,46678.00419444444,32128.25600462602,-1568.71,17992.8,49149.595,76521.29999999999,99999.99,360.0,224.6469166666667,1280.6453897753504,0.0,0.0,0.0,0.0,9089.57,360.0,46902.65111111112,32351.93211740639,-1568.71,17992.8,49314.405,76521.29999999999,99999.99,360,2,有效发票,315
E304,***环保科技有限公司,607.0,28437.917924217458,60565.61830998255,-1376.15,1121.65,5660.38,32213.34,379646.02,607.0,3757.612998352551,8924.657355267958,-123.85,67.825,518.32,2491.71,53615.4,607.0,32195.530922570022,69362.86104521617,-1500.0,1181.7,6231.8,33824.0,429000.0,607,2,有效发票,588,1029.0,9604.652342079688,14455.39531114872,57.52,3271.37,7692.3,9401.71,99115.04,1029.0,1444.223245869778,2034.2399782597793,7.48,527.58,1198.9,1518.62,15448.28,1029.0,11048.875587949467,16475.120443627937,65.0,3827.5,8960.0,10935.75,112000.0,1029,2,有效发票,951
E305,***劳务有限公司,590.0,33093.05213559322,129094.03420889674,0.01,199.0975,350.945,1825.975,978833.33,590.0,258.9157796610172,697.2623983373333,0.0,9.8475,30.685000000000002,90.75,2883.5,590.0,33351.96791525423,129320.53730199707,0.01,212.75,397.5,1918.25,980000.0,590,2,有效发票,575,359.0,167224.43835654625,237478.06011002316,-249251.09,90000.0,90090.09,96116.5,970873.79,359.0,9885.421225626731,12660.871035856224,-7477.53,2883.5,9000.0,9909.91,99099.1,359.0,177109.85958217276,246827.27672551747,-256728.62,99000.0,99000.0,100000.0,1000000.0,359,2,有效发票,321
E306,个体经营E306 ,1251.0,2971.7036930455615,12614.91460151197,-38834.95,134.45,252.43,659.74,99568.97,1251.0,283.58234212629867,1553.3199161008502,-1165.05,4.89,13.66,43.175,15931.03,1251.0,3255.2860351718596,14050.735969243446,-40000.0,143.6,276.0,695.0,115500.0,1251,2,有效发票,1225,382.0,36970.24764397904,38318.73828018392,-88495.58,9433.96,19960.85,72913.23749999999,99999.0,382.0,2561.298664921465,3306.2602383228227,-11504.42,424.36,1235.32,4528.3,15840.0,382.0,39531.546308900506,40968.51392894852,-100000.0,10000.0,21319.0,77739.0,114840.0,382,2,有效发票,329
E307,***通信工程有限公司,461.0,6698.892646420821,22830.10125742602,29.13,215.09,373.58,970.87,192233.01,461.0,327.4792190889369,960.6872795799785,0.0,13.63,31.06,105.31,10353.98,461.0,7026.371865509761,23622.015839058455,30.0,230.0,400.0,1079.0,198000.0,461,2,有效发票,452,115.0,63161.60086956519,37364.53538723773,1846.49,19495.15,90909.09,90909.09,97087.38,115.0,5613.512347826083,4031.3096600916124,55.39,584.8499999999999,8256.88,9090.91,9090.91,115.0,68775.11321739129,41243.230529934124,1901.88,20080.0,100000.0,100000.0,100000.0,115,2,有效发票,98
E308,***餐饮文化服务有限公司,514.0,16742.22009727625,26918.36530820445,-9990.0,2733.29,9523.81,9979.0,99999.98,514.0,349.05431906614774,1253.7503882916774,-476.19,0.0,62.78,265.61249999999995,14965.81,514.0,17091.274416342414,27201.94148338128,-10000.0,2881.0,9871.0,10000.0,103000.0,514,2,有效发票,487,2015.0,6521.9729826301045,4049.533251857683,-9707.77,2094.175,9514.56,9707.77,9999.0,2015.0,195.65809925558176,121.48501083102346,-291.23,62.825,285.44,291.23,299.97,2015.0,6717.631081885865,4171.018262665487,-9999.0,2157.0,9800.0,9999.0,10298.97,2015,2,有效发票,1613
E309,个体经营E309 ,986.0,7193.086511156204,16182.85902174,-16068.38,188.8,1315.3049999999998,9708.74,99928.57,986.0,490.318965517242,1661.726513639453,-2731.62,17.48,64.02,291.26,15384.83,986.0,7683.40547667343,17489.11154692983,-18800.0,213.35000000000002,1410.27,10000.0,111540.0,986,2,有效发票,934,211.0,73030.76009478662,33448.19901360702,-57142.86,49769.494999999995,90909.09,97087.38,99082.57,211.0,4245.3508056872015,3097.6674919699567,-2857.14,2352.8149999999996,2912.62,8256.88,9090.91,211.0,77276.11090047393,35294.02232197159,-60000.0,54032.285,100000.0,100000.0,108000.0,211,2,有效发票,172
E310,***律师事务所,1862.0,2044.902610096677,11826.74079745711,-99029.13,172.41,262.93,486.1675,198000.0,1862.0,100.20744360902256,423.5239312837384,-2970.87,11.41,27.795,55.17,9053.78,1862.0,2145.1100537056936,12138.987095374354,-102000.0,200.0,300.0,535.5475,198000.0,1862,2,有效发票,1839,997.0,12116.353901705239,18274.41897798027,-67961.17,3883.5,9433.96,9708.74,97087.38,997.0,485.21296890672073,779.4702013212601,-2038.83,145.63,291.26,566.04,5660.38,997.0,12601.566870611836,18993.871137414324,-70000.0,4000.0,10000.0,10000.0,100000.0,997,2,有效发票,938
E311,***律师事务所,2544.0,812.6929952830175,2517.8024728559503,-3665.43,144.0125,232.76,432.52,62663.72,2544.0,60.639630503144424,204.87778783583815,-261.93,12.27,27.59,43.45,8146.28,2544.0,873.3326257861632,2662.7227025277484,-3885.36,160.0,260.0,470.5,70810.0,2544,2,有效发票,2514,467.0,25552.52586723777,30925.074970135636,-97087.38,9708.74,17475.73,30461.165,97087.38,467.0,766.5748822269818,927.7524719802035,-2912.62,291.26,524.28,913.835,2912.62,467.0,26319.100749464662,31852.82744211176,-100000.0,10000.0,18000.0,31375.0,100000.0,467,2,有效发票,411
E312,***家居用品有限公司,4652.0,17000.819077816086,54895.46181510035,-258620.69,180.48250000000002,688.35,8872.9175,884955.74,4652.0,2305.7450859845235,8020.023873819284,-41379.31,6.46,33.120000000000005,792.45,115044.26,4652.0,19306.56416380051,62811.62570981952,-300000.0,197.71249999999998,728.5,9909.0,1000000.0,4652,2,有效发票,4433,683.0,18595.85341142018,25511.129387272886,-64655.17,8888.89,9664.96,9992.31,99913.79,683.0,2938.9648609077594,3922.729540378206,-10344.83,1481.905,1643.04,1698.69,16196.5,683.0,21534.818272327964,29410.457659407115,-75000.0,10400.0,11308.0,11691.0,115900.0,683,2,有效发票,666
E313,***物流有限公司,331.0,21958.79069486405,38127.197810852624,-13035.34,1280.185,4666.04,19855.935,306896.55,331.0,3305.546404833835,6149.020083153137,-782.12,72.82,370.96,3024.41,49103.45,331.0,25264.33709969788,44239.95994246574,-13817.46,1357.0,4946.0,23231.445,356000.0,331,2,有效发票,325,297.0,47608.05626262627,38022.936540912386,-89189.19,14863.69,46877.4,89150.29,99732.54,297.0,4821.950673400676,3903.626010806381,-9810.81,1563.42,4687.74,8765.52,10900.9,297.0,52430.00693602694,41899.008577859815,-99000.0,16498.7,51565.14,97769.82,110000.0,297,2,有效发票,279
E314,***房地产营销策划有限公司,1249.0,2387.498895116095,12657.725158797613,-1240.7,172.41,256.41,379.3,194174.76,1249.0,97.45887910328241,389.9336766460636,-161.3,13.22,28.63,45.93,5825.24,1249.0,2484.9577742193774,13039.2137747778,-1402.0,200.0,285.0,430.0,200000.0,1249,2,有效发票,1237,127.0,66264.4222047244,35022.86452711931,-87378.64,47050.0,87378.64,96116.5,98415.53,127.0,2002.782519685038,1075.6882092947862,-2621.36,1411.5,2621.36,2883.5,4714.29,127.0,68267.20472440944,36085.91182414512,-90000.0,48461.5,90000.0,99000.0,101368.0,127,2,有效发票,110
E315,***轮胎有限公司,388.0,6545.600077319587,17695.235266583783,-38834.95,173.345,438.35,2850.5550000000003,129380.53,388.0,940.1078608247429,2699.908222881047,-5517.25,14.88,35.56999999999999,256.2325,16854.71,388.0,7485.707938144332,20336.525874162875,-40776.7,200.0,467.9,3025.25,146200.0,388,2,有效发票,376,1580.0,7418.489316455682,3049.1027799107837,-7620.69,5295.935,8992.185000000001,9914.53,9999.14,1580.0,1153.0747468354411,494.3283634241755,-1219.31,811.6375,1295.4,1588.97,1698.56,1580.0,8571.56406329114,3527.821008244441,-8840.0,6137.5,10359.0,11320.0,11690.0,1580,2,有效发票,1533
E316,个体经营E316 ,767.0,3341.655671447195,17650.441136631365,-5162.4,155.885,268.93,1000.0,318690.26,767.0,399.8938070404174,2284.193408305277,-877.6,8.68,27.6,69.48,41429.74,767.0,3741.549478487613,19881.052441151576,-6040.0,170.5,300.0,1114.5,360120.0,767,2,有效发票,754,456.0,26501.677894736808,33331.407646582746,-84525.77,2734.8525,12750.775000000001,45831.39,99993.57,456.0,3895.3431359649103,4862.372016325071,-10988.32,414.885,1819.205,6662.1825,16741.9,456.0,30397.021030701755,38140.644756571186,-95514.09,3172.435,14734.5,52738.35,115845.99,456,2,有效发票,404
E317,***科技有限公司,354.0,5075.811214689264,22445.16062812791,-264.15,122.1,279.61,844.06,316981.13,354.0,330.396327683616,1577.1154349200194,-15.85,5.1375,15.96,55.17,19018.87,354.0,5406.20754237288,23810.58921862293,-280.0,130.85,300.0,952.5,336000.0,354,2,有效发票,347,209.0,33247.93866028709,32666.32126520986,-83557.95,9442.74,22783.02,56603.77,94339.62,209.0,2133.5827272727265,2164.6375263888185,-5013.48,849.06,1487.86,3396.23,12413.79,209.0,35381.52138755981,34688.68033616453,-88571.43,10680.0,24150.0,60000.0,100000.0,209,3,有效发票,171
E318,***商贸有限公司,300.0,3984.8967333333358,12148.539883251915,-86206.88,629.035,2468.3900000000003,3493.6825,97217.96,300.0,302.10806666666656,1501.9762770451082,-13793.12,80.08,157.02,232.89249999999998,13793.12,300.0,4287.0048,13554.233053859502,-100000.0,726.3050000000001,2616.495,3713.5725,104023.64,300,2,有效发票,297,409.0,31568.260097799495,20439.664943856125,-17341.5,18607.49,28908.62,40191.15,96172.0,409.0,4943.018190709048,3235.498743581021,-2948.06,2910.16,4632.61,6288.75,16349.25,409.0,36511.27828850857,23622.8222228034,-20289.56,21648.55,33658.53,46604.68,112521.25,409,2,有效发票,349
E319,个体经营E319 ,182.0,41892.74928571429,36070.495112824196,-6796.12,4972.344999999999,31988.879999999997,78031.77,98666.67,182.0,6508.589065934063,5681.22472058415,-203.88,402.3275,5174.145,11987.755,16773.33,182.0,48401.33835164835,41688.98965231402,-7000.0,5618.75,36623.25,90879.67499999999,115440.0,182,2,有效发票,176,742.0,20058.93994609165,21746.39248829845,-14529.91,5969.2225,11615.82,26874.6025,99314.53,742.0,3203.6039622641542,3563.105115467382,-2470.09,958.75,1761.02,4147.75,16883.47,742.0,23262.543908355783,25289.557584527658,-17000.0,6961.0,13479.310000000001,31214.0,116198.0,742,2,有效发票,691
E320,***建筑设计有限公司,244.0,27927.513237704927,343856.36193452374,0.85,344.3975,526.895,1817.8474999999999,5330000.0,244.0,295.0200409836068,1538.1683638503969,0.0,29.13,55.035,92.2375,20970.87,244.0,28222.53327868853,344030.2390007992,1.0,399.5,587.0,1982.5,5330000.0,244,2,有效发票,231,98.0,92021.27500000002,10629.68797735145,24520.04,94339.62,94339.62,94339.62,94339.62,98.0,5521.279183673473,637.7817755098707,1471.2,5660.38,5660.38,5660.38,5660.38,98.0,97542.55418367348,11267.469752860961,25991.24,100000.0,100000.0,100000.0,100000.0,98,2,有效发票,92
E321,***生物流有限公司,63.0,85249.19206349204,66714.19794418207,-44137.93,38407.765,80245.95,125849.83,273586.18,63.0,13009.275396825395,10213.23946865093,-7062.07,5699.77,12917.09,19696.574999999997,37924.66,63.0,98258.46746031745,76760.73175510371,-51200.0,43978.18,93085.3,145010.625,309152.38,63,2,有效发票,62,427.0,29821.343302107707,31601.05772064066,-99082.57,6238.53,18181.82,52815.41,99099.1,427.0,2955.774051522247,3120.884642666361,-8917.43,613.2049999999999,1818.18,4954.13,10900.9,427.0,32777.11735362999,34701.832078183455,-108000.0,6800.0,20000.0,57784.4,110000.0,427,2,有效发票,365
E322,***装饰工程设计有限公司,904.0,10666.737566371694,29083.1859043143,-13815.38,88.5,342.8,5803.205,499642.86,904.0,1399.0138274336305,3723.859600685187,-2348.62,5.38,33.345,291.26,29042.76,904.0,12065.75139380531,32184.40075439741,-16164.0,98.855,383.135,6496.674999999999,500000.0,904,2,有效发票,884,880.0,12431.051522727284,25200.727693895093,-91743.12,7483.52,8698.28,9572.65,94339.62,880.0,1482.2795000000035,2669.1666675827705,-8256.88,566.04,1266.18,1517.24,13793.1,880.0,13913.331022727276,27755.20579662253,-100000.0,8451.8275,10000.0,10800.0,100000.0,880,2,有效发票,832
E323,***建筑装饰工程有限公司,501.0,9200.729820359296,23561.757086799404,-99999.99,172.41,500.0,7855.58,99999.99,501.0,775.6519161676654,2468.7420795375774,-13000.0,5.09,46.59,291.26,13000.0,501.0,9976.381736526944,25714.86877127591,-112999.99,185.0,500.2,8120.0,112999.99,501,2,有效发票,468,165.0,42315.75266666668,39642.120175884585,1.0,9000.0,9433.96,91743.12,91743.12,165.0,3738.996424242422,3607.7725222111635,0.06,600.0,909.09,8256.88,9090.91,165.0,46054.74909090909,43236.87964283493,1.06,9900.0,10000.0,100000.0,100000.0,165,2,有效发票,117
E324,***汽贸有限公司,1621.0,50947.119475632266,40327.887610119404,-13274.34,7281.55,55370.94,85470.09,422946.54,1621.0,8049.4689759407665,6481.393479481101,-1931.03,679.25,8835.17,13309.4,67671.46,1621.0,58996.588451573094,46737.075468082505,-15000.0,8000.0,64355.0,99300.0,490618.0,1621,2,有效发票,1569,416.0,41079.569543269216,34437.1201082827,-93103.45,7727.7075,43333.78999999999,69080.7525,99397.69,416.0,3716.6252644230776,3863.931000732931,-14896.55,768.0,2723.915,5621.594999999999,16186.32,416.0,44796.19480769234,37543.069088652104,-108000.0,8839.385,46152.604999999996,73973.9725,114389.0,416,2,有效发票,339
E325,***通讯器材有限公司,530.0,60424.37954716985,138771.81533871766,-218.62,916.8175,8435.05,38511.2825,977518.4,530.0,8264.764905660379,19715.88321468417,-28.91,65.9525,1046.6,2910.96,127077.42,530.0,68689.14445283017,157692.7075126772,-218.62,1062.0,9829.15,40930.65,1104595.82,530,2,有效发票,513,4180.0,3022.203583732049,8557.713724183632,-59321.87,512.82,1345.97,3265.52,99999.0,4180.0,404.27742344497295,1084.1864293921044,-3559.31,82.62,204.98000000000002,493.31,16734.25,4180.0,3426.4810071770344,9549.098479284685,-62881.18,599.0,1550.0,3788.0,115171.0,4180,2,有效发票,4001
E326,***包装材料有限公司,286.0,33085.753321678356,31640.14760565681,169.81,8620.69,9734.51,53561.1625,99422.3,286.0,5204.562237762243,5110.01429652738,10.19,1379.31,1461.24,8553.83,16854.71,286.0,38290.315559440554,36708.62226380649,180.0,10000.0,11000.0,62211.715,116000.0,286,2,有效发票,270,198.0,61589.67207070704,33294.69917949362,1592.92,30556.32,65050.83,98938.05,99893.16,198.0,9666.132424242423,5445.281147653261,207.08,4667.7775,10208.474999999999,14606.2675,16981.84,198.0,71255.8044949495,38644.062838817794,1800.0,35669.0,75787.0,111800.0,116875.0,198,2,有效发票,181
E327,个体经营E327 ,480.0,24078.90874999999,32410.68149593094,67.92,128.21,776.28,45347.1375,99502.9,480.0,3641.772729166669,5141.396306950138,2.21,13.79,72.65,6969.3825,16915.5,480.0,27720.681479166673,37427.573829730325,72.0,150.0,815.0,52503.667499999996,116418.4,480,2,有效发票,466,271.0,70724.92232472321,26853.351729412952,-21405.0,52955.575,80743.61,93036.925,99922.41,271.0,11410.28468634687,4485.6137413516535,-3638.84,8315.03,12654.1,15225.845,16986.82,271.0,82135.2070110701,31220.502204097094,-25043.84,61645.7,93528.83,108197.23999999999,116909.23,271,2,有效发票,251
E328,***科技有限公司,465.0,5983.809333333336,17704.783392442376,-1102.58,133.4,467.25,4094.75,99137.93,465.0,763.1974838709682,2245.4957275205984,-176.42,16.91,62.97,533.79,15862.07,465.0,6747.006817204306,19819.86538946429,-1279.0,150.0,528.0,4749.91,115000.0,465,2,有效发票,447,164.0,58259.63737804876,41890.92220465637,-99623.33,31810.475,69473.47,94339.62,99056.6,164.0,5454.725914634145,5277.885621108751,-16935.97,2794.7675,5660.38,6873.8675,16697.77,164.0,63714.363292682916,46051.208052011476,-116559.3,36787.5,79539.5,100000.0,114920.0,164,2,有效发票,144
E329,***园艺有限责任公司,5.0,250.378,41.55011756902739,177.36,264.15,264.15,264.15,282.08,5.0,15.022,2.4930443237134794,10.64,15.85,15.85,15.85,16.92,5.0,265.4,44.043160649526506,188.0,280.0,280.0,280.0,299.0,5,1,有效发票,5,129.0,88706.43682170544,22962.2698137402,1260.0,94690.0,98990.0,99000.0,99992.0,129.0,0.0,0.0,0.0,0.0,0.0,0.0,0.0,129.0,88706.43682170544,22962.2698137402,1260.0,94690.0,98990.0,99000.0,99992.0,129,2,有效发票,124
E330,***酒店管理有限公司,1374.0,2104.2769650655064,4291.0577323623365,-3440.97,162.3075,365.93,1186.035,43025.64,1374.0,131.79718340611385,455.4787635937861,-447.33,7.5725,27.59,80.21000000000001,7314.36,1374.0,2236.0741484716136,4657.939374947615,-3888.3,182.495,411.5,1283.75,50340.0,1374,2,有效发票,1344,7833.0,1065.3011847312541,1950.513001881849,-932.04,247.86,815.53,932.04,9707.77,7833.0,31.959665517681177,58.515609572812366,-27.96,7.44,24.47,27.96,291.23,7833.0,1097.2608502489472,2009.0286113599216,-960.0,255.3,840.0,960.0,9999.0,7833,2,有效发票,7773
E331,***广告有限公司,144.0,8790.059652777778,26413.67517947065,-1503.54,264.15,772.645,4343.1375,247572.82,144.0,548.7127083333337,1574.895041382864,-195.46,15.85,49.754999999999995,288.35,14951.28,144.0,9338.772361111112,27556.39824507467,-1699.0,280.0,819.0,4729.8125,255000.0,144,2,有效发票,139,95.0,66345.07189473687,35899.54624753456,-80188.68,42170.755000000005,84905.66,94339.62,94339.62,95.0,3980.7044210526315,2153.9734539809715,-4811.32,2530.245,5094.34,5660.38,5660.38,95.0,70325.77631578948,38053.51970151383,-85000.0,44701.0,90000.0,100000.0,100000.0,95,2,有效发票,88
E332,***商贸有限公司,837.0,20114.86158900835,81445.01541500032,-716900.83,250.49,533.62,2934.51,810814.44,837.0,2770.8011111111146,12994.299173497018,-114704.13,18.06,56.27,413.79,137838.46,837.0,22885.662700119476,94345.79814964024,-831604.96,268.22,598.0,3388.0,948652.9,837,2,有效发票,817,388.0,80210.47793814425,30492.698510774917,-67344.52,71590.52,96153.85,99358.97,99888.89,388.0,13230.671623711314,5412.423609846846,-4040.67,11623.93,15969.83,16891.03,16981.11,388.0,93441.14956185562,35758.915410632864,-71385.19,83118.375,112500.0,116250.0,116870.0,388,2,有效发票,378
E333,***房地产营销策划有限公司,849.0,1565.679517078916,11615.936825150104,-1165.22,176.99,320.39,758.62,329911.5,849.0,133.03850412249705,1484.5536081052928,-151.48,11.97,31.28,64.14,42888.5,849.0,1698.7180212014127,13082.9866726406,-1316.7,200.0,363.0,820.0,372800.0,849,2,有效发票,844,137.0,56488.92671532842,38159.84756300293,-13349.51,14793.28,64647.56,97087.38,97087.38,137.0,1694.6671532846713,1144.794922732727,-400.49,443.8,1939.43,2912.62,2912.62,137.0,58183.59386861315,39304.64248573349,-13750.0,15237.08,66586.99,100000.0,100000.0,137,2,有效发票,127
E334,***机械科技有限公司,150.0,36463.91240000002,41313.71491192309,27.18,1215.4424999999999,8395.65,85576.0375,99794.82,150.0,5679.852466666666,6596.9948400871735,0.82,78.9325,1104.42,12614.595000000001,16883.76,150.0,42143.76486666668,47872.97268685686,28.0,1313.675,9600.0,98742.25,116200.0,150,2,有效发票,147,197.0,42096.46106598983,37862.84720468648,-88328.44,8547.01,31139.82,80368.11,99995.74,197.0,6609.80274111675,6081.150864815519,-14132.56,1285.89,4895.87,12409.94,16999.26,197.0,48706.263807106596,43903.784058999736,-102461.0,10000.0,35495.0,93227.0,116995.0,197,2,有效发票,185
E335,***挖掘机租赁经营部,439.0,8312.65455580866,25722.293064387242,0.01,295.845,557.63,1215.395,194690.27,439.0,928.3431890660588,3177.7434827241423,0.0,23.01,55.39,142.55,25309.73,439.0,9240.997744874718,28705.222794601184,0.01,320.0,630.12,1384.04,220000.0,439,2,有效发票,431,340.0,17438.833382352957,25301.777849870585,0.0,9223.3,9699.03,9911.5,88495.58,340.0,1801.8212941176473,3466.121613111994,0.0,290.97,290.97,1288.5,11504.42,340.0,19240.65467647059,28742.303594674246,0.0,9990.0,9990.0,11200.0,100000.0,340,2,有效发票,272
E336,***猕猴桃专业合作社,7.0,37440.53571428572,51013.37820700986,223.3,264.15,264.15,74591.0,111886.0,7.0,7.75,7.938513714795737,0.0,0.0,6.7,15.85,15.85,7.0,37448.28571428572,51006.78832179853,230.0,280.0,280.0,74591.0,111886.0,7,1,有效发票,7,53.0,54497.481132075474,44483.81874020235,296.0,3575.0,80000.0,99897.0,99897.0,53.0,49.285094339622646,204.93637676514516,0.0,0.0,0.0,22.2,1470.0,53.0,54546.76622641509,44455.87572168404,304.88,3682.25,80000.0,99897.0,99897.0,53,2,有效发票,48
E337,个体经营E337 ,69.0,4310.434347826087,11723.358811583052,66.89,226.21,318.97,4460.18,90576.42,69.0,365.9102898550723,830.6608071695459,3.06,13.8,35.17,232.42,5434.58,69.0,4676.34463768116,12506.285053030279,70.9,245.0,356.0,5040.0,96011.0,69,2,有效发票,66,754.0,17233.539575596806,20922.938342024798,-36951.32,3388.335,8024.3,23681.175000000003,99716.24,754.0,2087.316856763924,2847.9536515705613,-4803.68,379.08500000000004,905.725,2612.2975,16951.76,754.0,19320.856432360728,23676.41901792241,-41755.0,3798.45,9009.0,26663.125,116668.0,754,2,有效发票,678
E338,***商贸有限公司,252.0,2336.2165873015865,4837.72322176178,-4186.03,309.3025,403.335,1298.5,31682.06,252.0,136.19853174603165,374.6494940998985,-251.16,18.68,46.09,71.995,3903.17,252.0,2472.415119047619,5119.702773673619,-4437.19,342.5,448.0,1399.25,31700.0,252,2,有效发票,251,89.0,89619.81775280884,11225.477148348527,30903.92,89098.05,89098.05,95238.1,97087.38,89.0,3887.522359550563,965.2445098440821,927.12,2912.62,4454.9,4454.9,4761.9,89.0,93507.3401123596,11703.44698579347,31831.04,93552.95,93552.95,100000.0,100000.0,89,2,有效发票,82
E339,***居益卫浴家俬厂,126.0,22957.727380952383,27851.260392844793,75.47,2830.19,9803.79,33252.705,98460.68,126.0,3492.9043650793656,4605.336427754308,0.0,161.0875,1284.48,5248.6225,16738.32,126.0,26450.63174603174,32438.365057411982,80.0,3000.0,11227.04,38452.5,115199.0,126,1,有效发票,126,176.0,23351.350397727274,27069.23466914962,-76991.15,3610.0875,12397.885,42805.59,87610.63,176.0,3558.955113636362,3965.5131179075834,-10008.85,567.4525,1910.4499999999998,6774.64,13765.52,176.0,26910.305511363633,31003.441452917545,-87000.0,4114.0,14399.470000000001,49990.2325,99800.0,176,2,有效发票,168
E340,***物流有限公司,11.0,3081.3636363636365,3590.906358055784,223.3,264.15,2358.49,4245.28,11983.69,11.0,252.2727272727272,359.6343086550811,6.7,15.85,141.51,254.72,1216.31,11.0,3333.6363636363635,3942.6343292962706,230.0,280.0,2500.0,4500.0,13200.0,11,2,有效发票,10,164.0,50979.32445121953,48282.196467773974,-97087.38,20873.785,67961.17,91686.95,97087.38,164.0,1529.3792073170714,1448.4664231672493,-2912.62,626.2149999999999,2038.83,2750.61,2912.62,164.0,52508.70365853656,49730.66289093788,-100000.0,21500.0,70000.0,94437.56,100000.0,164,2,有效发票,137
E341,***纺织品有限公司,53.0,27071.91886792453,38409.231919955666,221.24,450.86,651.46,75282.32,97627.12,53.0,3967.123396226417,5723.775725100166,10.37,54.07,65.0,9894.61,15471.03,53.0,31039.042264150943,44095.80340243827,250.0,523.0,687.0,85069.02,112165.0,53,1,有效发票,53,75.0,49340.1288,25664.249662368697,1385.84,25862.07,45000.0,70527.54000000001,93193.97,75.0,7459.337866666661,4002.8307139560616,180.16,4096.905000000001,7178.76,10786.205,14911.03,75.0,56799.46666666667,29605.435933622386,1566.0,30000.0,52200.0,80000.0,108105.0,75,2,有效发票,69
E342,***裕华机械厂,263.0,8848.267186311783,17358.346754691036,-402.71,1153.27,2653.33,8608.805,98307.69,263.0,1303.6515209125469,2577.919411516437,0.0,135.185,391.15,1293.525,16712.31,263.0,10151.918707224331,19911.488569174886,-402.71,1271.24,3104.4,10035.5,115020.0,263,2,有效发票,245,159.0,37300.11006289309,28577.999976817708,-9396.55,11264.14,31681.04,60291.380000000005,97507.08,159.0,5732.790566037738,4397.029241183826,-1503.45,1866.01,4776.64,9542.73,15509.22,159.0,43032.90062893082,32911.98088326726,-10900.0,13121.279999999999,36750.0,69854.0,110183.0,159,2,有效发票,132
E343,***五金工具经营部,3.0,264.15,0.0,264.15,264.15,264.15,264.15,264.15,3.0,15.85,0.0,15.85,15.85,15.85,15.85,15.85,3.0,280.0,0.0,280.0,280.0,280.0,280.0,280.0,3,1,有效发票,3,433.0,6379.750993071594,3658.361464525124,-9765.06,3562.67,7852.52,9355.51,9999.8,433.0,191.58782909930727,109.89624627473086,-292.94,106.88,235.58,281.02,322.48,433.0,6571.338822170903,3768.192330687559,-10058.0,3669.55,8088.1,9636.2,10299.8,433,2,有效发票,401
E344,***机械有限公司,121.0,11743.592231404955,27839.79880375463,-59171.68,393.4,1698.11,5047.17,104137.93,121.0,1607.7291735537192,4262.171316499488,-7692.32,25.86,101.04,536.52,16999.73,121.0,13351.321404958677,32048.223657348735,-66864.0,417.0,1850.0,5350.0,120800.0,121,2,有效发票,118,93.0,25886.92774193548,33739.36920640892,-85206.9,6495.73,16293.11,43773.45,94358.97,93.0,3996.104516129034,5375.953908494937,-13633.1,1000.88,2185.84,6286.9,16041.03,93.0,29883.032258064515,39079.56205042856,-98840.0,7600.0,18500.0,49610.0,110400.0,93,2,有效发票,88
E345,***科技有限公司,253.0,2320.9808300395252,6997.312834932082,1.94,145.63,265.48,1456.31,73418.81,253.0,310.458458498024,1151.3515454240696,0.0,6.57,23.58,125.24,12481.19,253.0,2631.43928853755,8134.886432903458,2.0,150.0,300.0,1560.0,85900.0,253,2,有效发票,249,87.0,29797.523793103457,26501.260807176015,943.4,9198.11,18594.34,49872.335,99137.93,87.0,3540.292298850576,4162.152377120968,56.6,650.4000000000001,1423.94,5260.415,15862.07,87.0,33337.816091954024,30386.307534603726,1000.0,9775.0,19710.0,55392.0,115000.0,87,2,有效发票,75
E346,个体经营E346 ,496.0,4756.105060483874,9866.491046844576,-27777.78,245.8275,723.9300000000001,5601.085,99145.3,496.0,728.5580846774187,1572.1402985473426,-4722.22,18.372500000000002,96.41499999999999,793.3725000000001,16854.7,496.0,5484.663145161293,11428.452219901068,-32500.0,274.405,795.0,6460.82,116000.0,496,2,有效发票,487,645.0,3996.524232558137,3299.9748563565804,-2845.55,1068.04,2834.19,7487.18,9989.21,645.0,627.8710697674417,526.7280891862796,-483.75,161.75,447.32,1108.45,1697.09,645.0,4624.3953023255835,3820.606889751287,-3329.3,1224.1,3255.1,8700.0,11680.0,645,2,有效发票,605
E347,***不锈钢材料有限公司,87.0,11264.747471264365,12785.846939720628,34.95,655.7,7414.65,16749.2,54000.0,87.0,1711.4316091954029,1989.1645056450993,1.05,38.845,1111.7,2691.66,7896.48,87.0,12976.179080459768,14677.974974137636,36.0,709.0,8601.0,19429.075,56700.0,87,2,有效发票,85,210.0,10525.980666666659,15464.772822679108,0.0,2056.7225,4845.04,11273.1425,84789.06,210.0,1688.5462857142847,2545.469523479168,0.0,285.8825,764.2249999999999,1845.0275,14414.14,210.0,12214.526952380944,18002.208826034203,0.0,2339.25,5559.0,13084.125,99203.2,210,2,有效发票,170
E348,***酒店管理有限公司,200.0,3972.4980999999966,7960.880480576284,-9708.74,218.49,1266.6399999999999,6177.23,63083.45,200.0,102.17245000000001,110.74783508664801,-291.26,19.080000000000002,48.06,190.635,291.26,200.0,4074.670550000001,8001.018674886196,-10000.0,246.89499999999998,1320.0,6362.55,63083.45,200,2,有效发票,192,4269.0,556.5024900444874,353.918858942736,-969.9,269.9,539.81,969.9,990.29,4269.0,16.69596861091587,10.618280678346705,-29.1,8.1,16.19,29.1,29.71,4269.0,573.1984586554228,364.5371392611117,-999.0,278.0,556.0,999.0,1020.0,4269,2,有效发票,4050
E349,***营销策划广告有限公司,9.0,764.2900000000001,892.8936919645026,242.24,264.15,311.32,601.77,2500.0,9.0,63.04888888888888,107.00705939848599,0.0,15.85,18.68,39.32,342.07,9.0,827.338888888889,951.1314163201167,280.0,281.0,330.0,680.0,2500.0,9,1,有效发票,9,39.0,85360.86692307687,26039.386781236466,5222.33,96990.29,97087.38,97087.38,97087.38,39.0,2560.8253846153852,781.1815603566788,156.67,2909.71,2912.62,2912.62,2912.62,39.0,87921.69230769231,26820.56834159172,5379.0,99900.0,100000.0,100000.0,100000.0,39,1,有效发票,39
E350,***演艺设备有限公司,629.0,654.7237519872804,3285.504885207813,-1062.93,144.83,182.52,331.9,56752.14,629.0,57.48244833068351,393.4143664205697,-170.07,11.72,25.31,43.69,9647.86,629.0,712.2062003179644,3610.551596676998,-1233.0,160.0,202.5,372.0,66400.0,629,2,有效发票,623,60.0,28500.586166666653,31316.313551166862,-16504.85,5825.24,18932.04,32808.255,97087.38,60.0,889.4638333333337,984.5273958004757,-495.15,174.76,567.96,984.245,3021.81,60.0,29390.05,32283.44445184597,-17000.0,6000.0,19500.0,33792.5,100000.0,60,2,有效发票,52
E351,***文化传播有限公司,101.0,2976.3331683168335,12337.317125135101,-1550.86,137.74,323.3,970.87,83592.23,101.0,107.5683168316831,373.76593499694246,-248.14,5.53,15.85,59.3,2507.77,101.0,3083.901485148515,12706.487831510436,-1799.0,146.0,340.0,1000.0,86100.0,101,2,有效发票,100,60.0,21937.04266666667,27986.046846669913,728.16,6783.98,8912.630000000001,24595.9975,97087.38,60.0,658.1090000000002,839.582152778029,21.84,203.52,267.37,737.8775,2912.62,60.0,22595.15166666667,28825.62899942877,750.0,6987.5,9180.0,25333.875,100000.0,60,2,有效发票,52
E352,***居装饰工程有限公司,743.0,18603.74170928674,50697.58431344966,-86826.63,1736.1399999999999,9433.96,14150.94,825112.57,743.0,1349.995733512786,4750.94031952909,-4341.33,67.355,566.04,849.06,74260.13,743.0,19953.737442799455,55300.95206416846,-91167.96,1787.585,10000.0,15000.0,899372.7,743,2,有效发票,735,52.0,55458.34596153845,35053.98040368889,0.97,20000.0,63983.01,94417.4775,97087.38,52.0,1663.7501923076923,1051.618827642841,0.03,600.0,1919.49,2832.5225,2912.62,52.0,57122.096153846156,36105.59923132862,1.0,20600.0,65902.5,97250.0,100000.0,52,2,有效发票,47
E353,***税务师事务所有限公司,234.0,1527.1999145299142,2483.57801030151,-6473.79,171.3075,492.72,1540.0500000000002,11000.0,234.0,74.32051282051275,200.82519841014488,-194.21,5.975,25.07,56.245000000000005,1652.92,234.0,1601.5204273504276,2605.0826446132287,-6668.0,198.25,500.0,1594.75,11376.0,234,2,有效发票,224,80.0,42696.913624999994,33944.827629357096,-56310.68,22711.510000000002,38300.97,69417.48,97087.38,80.0,1322.6693750000002,1083.1238918304934,-2095.24,691.75,1236.0149999999999,2124.8275,3752.38,80.0,44019.583,35001.487772365595,-58000.0,23749.9925,39450.0,71500.0,100000.0,80,2,有效发票,68
E354,***广告有限公司,67.0,9052.914776119404,13712.031232388734,264.15,1456.31,8547.01,8620.69,99115.04,67.0,1119.9210447761202,1905.403650853345,15.85,43.69,680.42,1452.99,12884.96,67.0,10172.835820895523,15554.032393072803,280.0,1500.0,9900.0,10000.0,112000.0,67,2,有效发票,65,323.0,7518.844798761617,4027.0370636465964,-9523.81,5533.01,9708.74,9708.74,28548.54,323.0,227.1164396284831,143.98288085790472,-476.19,165.99,291.26,291.26,856.46,323.0,7745.961238390091,4166.339003195883,-10000.0,5699.0,10000.0,10000.0,29405.0,323,2,有效发票,293
E355,***地毯经营部,4.0,252513.02500000002,291271.9117680605,264.15,264.15,252513.02500000002,504761.9,504761.9,4.0,12626.974999999999,14562.072827068037,15.85,15.85,12626.974999999999,25238.1,25238.1,4.0,265140.0,305833.98459512857,280.0,280.0,265140.0,530000.0,530000.0,4,2,有效发票,3,279.0,4495.804551971331,3407.033611758403,233.01,1416.5,3597.09,8155.34,9707.77,279.0,134.94745519713248,102.20413502477551,6.99,42.5,107.91,244.66,291.23,279.0,4630.752007168459,3509.230607008674,240.0,1459.0,3705.0,8400.0,9999.0,279,2,有效发票,263
E356,***建材装饰部,3.0,5376.099999999999,8854.157125751723,264.15,264.15,264.15,7932.075,15600.0,3.0,10.566666666666666,9.151001766655567,0.0,7.925,15.85,15.85,15.85,3.0,5386.666666666667,8845.006123985066,280.0,280.0,280.0,7940.0,15600.0,3,1,有效发票,3,191.0,7933.830680628274,2231.2149661938515,1417.47,7362.27,8808.45,9591.345,9708.05,191.0,240.17434554973832,70.9453775985142,42.53,220.87,264.25,287.77,469.98,191.0,8174.005026178012,2299.605651930892,1460.0,7583.139999999999,9072.7,9879.085,9999.29,191,2,有效发票,189
E357,***家居经营部,10.0,6241.802000000001,6176.11170426795,-264.15,275.9425,5532.73,12694.272500000001,14150.94,10.0,409.71799999999985,420.75683887754246,-15.85,16.5575,266.375,849.06,982.72,10.0,6651.5199999999995,6541.974611316609,-280.0,292.5,6165.6,13393.5,15000.0,10,1,有效发票,10,154.0,9267.24402597402,1571.9111313213382,971.0,9708.0,9708.74,9708.74,9708.74,154.0,278.0158441558439,47.15701942081672,29.13,291.24,291.26,291.26,291.26,154.0,9545.259870129868,1619.0681507260283,1000.13,9999.24,10000.0,10000.0,10000.0,154,2,有效发票,144
E358,***五金经营部,2.0,264.15,0.0,264.15,264.15,264.15,264.15,264.15,2.0,15.85,0.0,15.85,15.85,15.85,15.85,15.85,2.0,280.0,0.0,280.0,280.0,280.0,280.0,280.0,2,1,有效发票,2,301.0,6457.52554817276,5882.976674380084,-9689.45,7563.11,9174.76,9491.74,9910.53,301.0,193.7255481727574,176.48875367602105,-290.68,226.89,275.24,284.75,297.32,301.0,6651.251096345514,6059.465428006818,-9980.13,7790.0,9450.0,9776.49,10207.85,301,2,有效发票,259
E359,***厨房用品经营部,2.0,264.15,0.0,264.15,264.15,264.15,264.15,264.15,2.0,15.85,0.0,15.85,15.85,15.85,15.85,15.85,2.0,280.0,0.0,280.0,280.0,280.0,280.0,280.0,2,1,有效发票,2,243.0,5385.996213991774,3470.8181595656583,-7142.86,2427.18,5514.56,9223.3,9707.77,243.0,161.5799999999997,107.31572439525964,-357.14,72.82,165.44,276.7,357.14,243.0,5547.57621399177,3577.3956579449114,-7500.0,2500.0,5680.0,9500.0,9999.0,243,2,有效发票,224
E360,***建筑劳务有限公司,3.0,264.15,0.0,264.15,264.15,264.15,264.15,264.15,3.0,15.85,0.0,15.85,15.85,15.85,15.85,15.85,3.0,280.0,0.0,280.0,280.0,280.0,280.0,280.0,3,1,有效发票,3,35.0,88498.36828571426,19759.17298386402,46446.6,97087.38,97087.38,99029.13,99029.13,35.0,2654.9491428571423,592.7732861348646,1393.4,2912.62,2912.62,2970.87,2970.87,35.0,91153.31742857142,20351.946269997537,47840.0,100000.0,100000.0,102000.0,102000.0,35,2,有效发票,29
E361,***勘察设计工程有限公司,174.0,19309.456149425318,30095.93623402269,169.81,9708.74,9708.74,9902.91,224271.84,174.0,543.6622413793108,1040.9154412826847,10.19,291.26,291.26,291.26,6728.16,174.0,19853.118390804597,30901.381584610328,180.0,10000.0,10000.0,10200.0,231000.0,174,2,有效发票,171,118.0,46808.968644067805,34702.31196673784,0.0,18867.92,34075.47,94298.405,97087.38,118.0,2696.7737288135586,2032.15255202386,0.0,1132.08,2038.2849999999999,5547.1675000000005,5660.38,118.0,49505.74237288135,36675.36450416317,0.0,20000.0,36120.0,99750.0,100000.0,118,2,有效发票,90
E362,***建材有限公司,126.0,3671.833333333331,11685.487566299047,-9433.96,224.27,460.67999999999995,1785.195,86641.03,126.0,356.9428571428571,1848.5725826091252,-566.04,6.8325000000000005,16.744999999999997,67.11500000000001,14728.97,126.0,4028.7761904761905,13459.456304540265,-10000.0,231.0,474.5,1838.75,101370.0,126,2,有效发票,122,105.0,44464.54028571428,43358.18968625696,-97087.38,9708.74,34466.02,87378.64,97087.38,105.0,1333.9359047619046,1300.7458078139512,-2912.62,291.26,1033.98,2621.36,2912.62,105.0,45798.47619047619,44658.935494068486,-100000.0,10000.0,35500.0,90000.0,100000.0,105,2,有效发票,95
E363,***建筑工程设计有限公司,99.0,2095.0639393939396,4052.2592664155454,-305.64,110.43,305.64,1836.8899999999999,29135.92,99.0,82.35464646464645,212.9797828113114,-39.73,4.8,16.98,66.995,1824.83,99.0,2177.418585858585,4209.759774222424,-345.37,118.21,320.0,1892.0,30010.0,99,2,有效发票,93,39.0,39495.81384615385,35113.98807004783,1060.19,7105.825000000001,31747.57,73786.405,94845.12,39.0,1206.9358974358977,1092.8345573486217,31.81,213.17499999999998,952.43,2213.5950000000003,3654.88,39.0,40702.749743589746,36199.797206696545,1092.0,7319.0,32700.0,76000.0,98500.0,39,2,有效发票,30
E364,***电子有限公司,140.0,3095.3173571428574,3625.056086904753,-4137.07,472.35,2830.19,3864.4525,18965.52,140.0,291.06800000000015,508.6884781109926,-661.93,24.8675,169.81,366.07,3034.48,140.0,3386.3853571428563,4069.372929697113,-4799.0,510.75,3000.0,4398.8099999999995,22000.0,140,1,有效发票,140,335.0,6510.8906268656765,3193.243045090817,-9301.68,4394.945,7551.28,8974.36,9978.63,335.0,1030.8917611940292,529.507131696588,-1209.22,663.81,1162.06,1445.73,1696.37,335.0,7541.782388059706,3709.016820043493,-10510.9,5107.33,8700.0,10432.5,11675.0,335,2,有效发票,308
E365,***信息技术有限公司,130.0,14655.51176923077,30720.766458789705,-9433.96,266.0,538.02,9357.0225,99637.17,130.0,1761.546384615384,4025.4010197130665,-566.04,11.32,37.465,566.04,15406.07,130.0,16417.05815384616,34688.677138943785,-10000.0,282.5,598.0,9887.5,112590.0,130,2,有效发票,126,88.0,45824.79124999999,39353.73420492023,1048.65,6879.1,48254.72,94270.7475,99823.01,88.0,4635.652272727276,4966.706461845213,101.89,509.43,2943.6400000000003,8795.5425,15407.48,88.0,50460.44352272728,43885.498373693976,1164.0,7838.25,51150.0,102975.0,112800.0,88,2,有效发票,76
E366,***房地产经纪有限公司,21.0,17221.354285714286,42722.90100333609,147.13,172.41,186.21,264.15,119348.57,21.0,876.8033333333333,2129.574549635052,15.85,27.59,27.61,38.94,5967.43,21.0,18098.15761904762,44852.46487857372,166.25,200.0,216.0,280.0,125316.0,21,1,有效发票,21,20.0,75796.76450000002,20191.536618547692,37800.0,80238.09749999999,85714.29,85714.29,93024.76,20.0,3789.8355,1009.5757663727401,1890.0,4011.9025,4285.71,4285.71,4651.24,20.0,79586.6,21201.112384917324,39690.0,84250.0,90000.0,90000.0,97676.0,20,2,有效发票,19
E367,***电子商务有限公司,25.0,10319.867199999999,32897.22910458183,104.72,232.08,339.03,1456.31,157142.86,25.0,492.4868,1635.3005686690549,5.97,10.75,16.36,46.62,7857.14,25.0,10812.354,34528.51572586998,111.0,246.0,349.2,1500.0,165000.0,25,2,有效发票,23,215.0,10370.180465116291,13905.990382207463,-9708.74,9523.81,9708.74,9708.74,97087.38,215.0,374.00558139534945,422.95601141829246,-291.26,291.26,291.26,476.19,2912.62,215.0,10744.186046511628,14319.604598349608,-10000.0,10000.0,10000.0,10000.0,100000.0,215,2,有效发票,198
E368,***通信科技有限责任公司,87.0,6177.008160919541,18949.0238539381,15.2,197.575,479.25,1280.335,97087.38,87.0,369.2465517241379,1034.471775447389,0.0,11.57,28.66,116.5,5811.97,87.0,6546.2547126436775,19697.449906859616,15.2,203.5,508.0,1422.5,100000.0,87,2,有效发票,83,32.0,42260.040625000016,45618.69404088685,-92188.01,2585.4674999999997,44097.725,83599.81,92188.01,32.0,3806.1468750000013,5712.988387197583,-15671.99,439.53249999999997,4094.2,5015.99,15671.99,32.0,46066.187500000015,50437.106383730126,-107860.0,3025.0,49000.0,88615.8,107860.0,32,2,有效发票,22
E369,***网络技术有限公司,161.0,4311.003850931676,8265.32312851977,10.38,161.54,1572.65,7042.73,89175.0,161.0,693.090434782609,1337.392025458199,0.62,13.8,239.74,1188.27,14268.0,161.0,5004.094285714285,9601.526352045916,11.0,180.0,1840.0,8240.0,103443.0,161,2,有效发票,152,214.0,7127.407289719628,2837.6712793521788,-5777.78,5668.8225,8208.08,9304.0425,9926.72,214.0,1133.2043925233645,470.93685366038704,-982.22,880.755,1249.69,1521.725,1680.97,214.0,8260.611682242992,3297.613617772162,-6760.0,6590.0,9470.0,10780.0,11569.0,214,2,有效发票,200
E370,***设计服务部,4.0,262.4125,9.334346522387085,249.51,260.49,264.15,266.0725,271.84,4.0,11.8375,4.641302798424885,7.49,7.9925,12.004999999999999,15.85,15.85,4.0,274.25,11.5,257.0,274.25,280.0,280.0,280.0,4,2,有效发票,3,498.0,4293.242530120485,3620.9348764171855,-9557.28,1275.0025,3578.645,7532.7625,9707.77,498.0,128.7455220883533,108.54279046347615,-286.72,37.8675,107.355,225.98749999999998,291.23,498.0,4421.988052208835,3729.4332580298847,-9844.0,1313.25,3686.0,7758.75,9999.0,498,2,有效发票,470
E371,***自动化科技有限公司,81.0,2312.313703703703,5771.59200651463,9.52,704.72,954.37,976.7,40598.29,81.0,231.9151851851851,943.2274534174015,0.0,22.75,29.1,42.63,6901.71,81.0,2544.228888888889,6686.739611095982,10.0,747.0,986.0,1008.0,47500.0,81,2,有效发票,80,32.0,48156.6403125,41075.55144722243,666.67,5997.4375,36102.425,91880.34,97087.38,32.0,4161.029999999999,5300.154372257595,113.33,979.55,2217.09,3158.8199999999997,15619.66,32.0,52317.6703125,44377.69892682015,780.0,7017.0,37185.5,100000.0,107500.0,32,2,有效发票,26
E372,***汽车维修有限责任公司,324.0,1746.5455864197527,4687.084185719611,37.74,88.49,172.42,311.55,34310.78,324.0,251.37941358024585,720.9735188667362,2.26,13.79,23.01,39.1125,5832.82,324.0,1997.9250000000002,5372.081427251927,40.0,100.0,200.0,352.0,40143.6,324,2,有效发票,323,586.0,3907.5380375426703,3912.37314987393,-9339.62,1099.925,2558.75,7057.1675,23839.81,586.0,281.01051194539275,396.63917776728596,-1307.69,64.08,180.74,437.39250000000004,3291.03,586.0,4188.548549488055,4197.384872550769,-9900.0,1205.0,2815.0,7755.1425,24555.0,586,2,有效发票,536
E373,个体经营E373 ,881.0,23053.765618615183,40158.310752625424,-88186.2,210.68,1025.64,28669.54,292307.96,881.0,3475.018887627689,6033.769238046043,-14109.8,25.88,96.45,4213.52,38000.04,881.0,26528.78450624289,46128.95887666642,-102296.0,235.0,1098.97,33499.77,330308.0,881,2,有效发票,868,112.0,11914.55178571429,21024.502189113326,212.07,3030.1425,5260.905,10259.949999999999,94858.41,112.0,1667.2051785714286,2716.8498281659536,33.93,462.48749999999995,852.9300000000001,1511.4425,12331.59,112.0,13581.756964285716,23738.256433516377,246.0,3538.0075,6042.0,11611.0,107190.0,112,2,有效发票,109
E374,***建材经营部,3.0,15710.080000000002,26753.13553015235,264.15,264.15,264.15,23433.045000000002,46601.94,3.0,476.58666666666664,798.0193155765926,15.85,15.85,15.85,706.9549999999999,1398.06,3.0,16186.666666666666,27551.154845728943,280.0,280.0,280.0,24140.0,48000.0,3,1,有效发票,3,249.0,6061.825261044181,3308.7408285452466,0.0,2737.86,7160.1,9320.39,9707.77,249.0,181.85477911646603,99.26170960039808,0.0,82.14,214.8,279.61,291.23,249.0,6243.680040160641,3408.002538094724,0.0,2820.0,7374.9,9600.0,9999.0,249,2,有效发票,204
E375,***电器经营部,2.0,264.15,0.0,264.15,264.15,264.15,264.15,264.15,2.0,15.85,0.0,15.85,15.85,15.85,15.85,15.85,2.0,280.0,0.0,280.0,280.0,280.0,280.0,280.0,2,1,有效发票,2,377.0,2845.5736339522546,2902.1148901386864,17.48,631.07,1456.31,4368.93,9707.77,377.0,85.48074270557022,87.05844998815762,0.52,19.14,43.69,131.07,291.24,377.0,2931.054376657825,2989.164434695258,18.0,650.0,1500.0,4500.0,9999.0,377,2,有效发票,357
E376,***建筑装饰设计有限责任公司,3.0,2117.8466666666664,3210.696808487736,264.15,264.15,264.15,3044.6949999999997,5825.24,3.0,68.82,91.74673127692343,15.85,15.85,15.85,95.30499999999999,174.76,3.0,2186.6666666666665,3302.4435397646594,280.0,280.0,280.0,3140.0,6000.0,3,1,有效发票,3,53.0,15279.782830188675,18374.43434365389,1436.89,9708.74,9708.74,10718.45,97087.38,53.0,459.90169811320743,550.3974694141004,43.11,291.26,291.26,321.55,2912.62,53.0,15739.684528301887,18924.726078395484,1480.0,10000.0,10000.0,11040.0,100000.0,53,2,有效发票,45
E377,***文化传播有限公司,110.0,2259.61418181818,3726.474792349629,85.47,176.99,265.49,1242.72,9708.74,110.0,80.58581818181828,105.43492918593768,4.14,23.01,29.06,41.38,291.26,110.0,2340.2,3831.295813560884,100.0,200.0,300.0,1280.0,10000.0,110,2,有效发票,108,87.0,12236.172183908046,18403.416026809,-10546.12,1645.63,6505.83,13386.89,95045.63,87.0,383.3806896551724,561.5930141286691,-316.38,52.95,195.17,418.95500000000004,2851.37,87.0,12619.55287356322,18960.283619345177,-10862.5,1695.0,6701.0,13788.5,97897.0,87,2,有效发票,58
E378,***商贸有限公司,692.0,1738.785520231213,8124.740540104125,-52.21,153.8775,283.18,535.9675,99353.99,692.0,207.03322254335228,1040.4217205540954,-6.79,16.44,40.69,74.83500000000001,12916.01,692.0,1945.8187427745643,9153.105829625307,-59.0,173.98,321.04499999999996,607.0649999999999,112270.0,692,2,有效发票,685,362.0,3278.051022099449,6615.983356822363,-66138.05,699.03,1741.5900000000001,4816.3625,66138.05,362.0,402.77033149171297,867.3149851222554,-8597.95,51.77,192.35,603.5550000000001,8597.95,362.0,3680.82135359116,7479.578228342148,-74736.0,733.05,1968.0,5305.625,74736.0,362,2,有效发票,298
E379,***药业有限公司,385.0,3728.680077922077,12640.281740486369,-1485.44,185.9,377.36,1318.97,128205.13,385.0,362.00155844155785,1791.345963303691,-44.56,10.19,23.62,82.9,21794.87,385.0,4090.6816363636376,14256.136481204223,-1530.0,200.0,392.0,1370.0,150000.0,385,2,有效发票,369,239.0,10949.178535564852,18087.422960608128,0.0,0.0,3897.44,11230.77,94200.0,239.0,1055.684225941422,1661.9580615035954,0.0,0.0,662.56,1198.045,15866.58,239.0,12004.862761506278,19408.750439384672,0.0,0.0,4560.0,12905.0,109199.4,239,2,有效发票,155
E380,***建材有限公司,2.0,264.15,0.0,264.15,264.15,264.15,264.15,264.15,2.0,15.85,0.0,15.85,15.85,15.85,15.85,15.85,2.0,280.0,0.0,280.0,280.0,280.0,280.0,280.0,2,1,有效发票,2,188.0,7570.030478723399,5206.4028018402405,-9708.73,8364.3,9727.0,9999.0,9999.99,188.0,227.10143617021285,156.19238228208536,-291.26,250.93,291.81,299.97,300.0,188.0,7797.13191489361,5362.5951841038495,-9999.99,8615.23,10018.81,10298.97,10299.99,188,2,有效发票,166
E381,***通信网络工程有限公司,1823.0,47709.946714207275,90461.40864070212,-85469.23,245.875,9854.37,87460.70999999999,907491.29,1823.0,7134.724761382349,14678.307730922419,-14529.77,30.49,481.13,12986.145,154273.51,1823.0,54844.6714755897,104665.39155558364,-99999.0,279.995,10199.4,100000.0,1061764.8,1823,2,有效发票,1766,82.0,18389.42573170732,26655.957727694935,-31866.0,3326.5,13055.689999999999,28627.21,94017.09,82.0,2727.313292682927,4269.568698640128,-5098.56,430.56,1319.55,4776.04,15982.91,82.0,21116.739024390252,30856.491267750767,-36964.56,3816.555,15163.814999999999,33493.84,110000.0,82,2,有效发票,80
E382,***教育信息咨询有限公司***分公司,2.0,349.62,120.87283317602844,264.15,306.885,349.62,392.35499999999996,435.09,2.0,30.38,20.54852306128107,15.85,23.115,30.38,37.644999999999996,44.91,2.0,380.0,141.4213562373095,280.0,330.0,380.0,430.0,480.0,2,1,有效发票,2,88.0,5868.788636363633,2057.50487016263,1941.75,4679.8575,5825.24,6796.12,9708.74,88.0,176.06363636363642,61.724812875827375,58.25,140.39249999999998,174.76,203.88,291.26,88.0,6044.852272727273,2119.229682972135,2000.0,4820.25,6000.0,7000.0,10000.0,88,1,有效发票,88
E383,***通讯器材经营部,13.0,17482.44461538462,23971.246012329237,264.15,553.4,2990.57,27380.58,71234.96,13.0,559.863076923077,703.3665538843006,15.85,33.96,179.43,821.42,2137.04,13.0,18042.30769230769,24671.365360084335,280.0,570.0,3170.0,28202.0,73372.0,13,1,有效发票,13,126.0,7458.168650793658,4619.740911996574,-9223.3,8732.282500000001,9514.56,9611.65,9699.03,126.0,225.32738095238088,140.18713425234753,-276.7,261.9675,285.44,288.35,461.48,126.0,7683.496031746032,4758.985102937822,-9500.0,8994.25,9800.0,9900.0,9992.0,126,2,有效发票,111
E384,个体经营E384 ,247.0,10835.02336032389,16529.876207772726,-7692.31,1437.1950000000002,6922.41,9823.615000000002,95775.86,247.0,1632.064898785425,2725.8384743933048,-1307.69,191.03,827.59,1489.66,15692.31,247.0,12467.08825910931,19222.20626996368,-9000.0,1625.03,7800.0,11160.0,111100.0,247,2,有效发票,236,32.0,74721.9896875,27805.71642283112,923.08,69202.4325,87198.275,96293.105,96551.72,32.0,11212.41875,4540.0522802388095,156.92,8996.317500000001,11651.71,15406.895,15448.28,32.0,85934.4084375,32231.989485896196,1080.0,78198.75,100800.0,111700.0,112000.0,32,2,有效发票,27
E385,***装饰工程有限公司,31.0,581.5309677419357,839.4122068819145,86.2,174.695,247.79,384.80499999999995,2830.19,31.0,37.307741935483875,38.181712787640215,3.96,17.37,23.01,39.7,169.81,31.0,618.8387096774194,871.9927024455419,100.0,200.0,280.0,429.0,3000.0,31,2,有效发票,29,28.0,39345.090000000004,33234.86086368637,-56908.74,15128.637499999999,48543.69,58611.895,95657.28,28.0,1180.3521428571428,997.0451848832838,-1707.26,453.86249999999995,1456.31,1758.355,2869.72,28.0,40525.44214285714,34231.9060485663,-58616.0,15582.5,50000.0,60370.25,98527.0,28,2,作废发票,16
E386,个体经营E386 ,401.0,458.60179551122235,1087.0609209652273,8.49,45.28,158.12,367.52,12355.85,401.0,35.356708229426424,105.09269699954017,0.0,2.49,6.37,22.99,1088.01,401.0,493.9585037406483,1177.5045820143362,9.0,48.0,173.0,398.0,13097.2,401,2,有效发票,398,66.0,78243.01378787874,45274.267534334576,-97087.38,97087.38,97087.38,97087.38,97087.38,66.0,2347.2892424242405,1358.227473717476,-2912.62,2912.62,2912.62,2912.62,2912.62,66.0,80590.30303030302,46632.49500805194,-100000.0,100000.0,100000.0,100000.0,100000.0,66,2,有效发票,54
E387,***农副产品经营部,3.0,419.47333333333336,269.02790493428995,264.15,264.15,264.15,497.135,730.12,3.0,40.526666666666664,42.74124042810799,15.85,15.85,15.85,52.864999999999995,89.88,3.0,460.0,311.7691453623979,280.0,280.0,280.0,550.0,820.0,3,1,有效发票,3,94.0,9600.498297872335,1001.1675659181807,0.97,9708.74,9708.74,9708.74,9708.74,94.0,292.06553191489303,40.58186945187037,0.03,291.26,291.26,291.26,476.19,94.0,9892.563829787234,1031.258773137117,1.0,10000.0,10000.0,10000.0,10000.0,94,2,有效发票,86
E388,***商贸有限公司,292.0,319.40945205479454,243.8521787972502,-320.51,179.7225,258.62,357.3275,1709.4,292.0,42.220000000000006,31.7327873195106,-54.49,26.195,38.405,53.052499999999995,290.6,292.0,361.62945205479446,267.08758046413664,-375.0,203.25,300.0,410.0075,2000.0,292,2,有效发票,291,354.0,3308.4177401129946,2843.158493675507,0.0,1165.05,2233.01,4356.795,9708.74,354.0,99.63649717514122,86.07026012051944,0.0,34.95,66.99,130.70499999999998,340.0,354.0,3408.0542372881355,2928.9348769806898,0.0,1200.0,2300.0,4487.5,10000.0,354,2,有效发票,319
E389,***清洁服务有限公司,2.0,1418.28,1388.361738452915,436.56,927.4200000000001,1418.28,1909.1399999999999,2400.0,2.0,21.72,30.716718574743624,0.0,10.86,21.72,32.58,43.44,2.0,1440.0,1357.6450198781713,480.0,960.0,1440.0,1920.0,2400.0,2,1,有效发票,2,64.0,7368.1503125,4064.398000783694,468.93,2694.175,9708.74,9708.74,9943.2,64.0,221.04499999999985,121.93076614756973,14.07,80.825,291.26,291.26,298.3,64.0,7589.1953125,4186.328766900762,483.0,2775.0,10000.0,10000.0,10241.5,64,2,有效发票,63
E390,***建筑工程有限公司,16.0,430.33312499999994,531.9898008761542,2.75,155.3425,278.29999999999995,458.35749999999996,2199.03,16.0,24.591875000000005,31.831445714104788,0.0,4.657500000000001,15.844999999999999,24.81,118.07,16.0,454.925,553.2886257039208,3.0,160.0,295.0,496.0,2265.0,16,1,有效发票,16,14.0,56720.224285714285,33686.06588107285,9039.63,25071.464999999997,61015.3,91727.8175,97087.38,14.0,1701.605714285714,1010.580537427064,271.19,752.145,1830.455,2751.8325,2912.62,14.0,58421.829999999994,34696.64641849677,9310.82,25823.61,62845.755000000005,94479.65,100000.0,14,1,有效发票,14
E391,***五金店,3.0,279.87333333333333,27.233612197674656,264.15,264.15,264.15,287.735,311.32,3.0,16.793333333333333,1.6339012618066409,15.85,15.85,15.85,17.265,18.68,3.0,296.6666666666667,28.867513459481287,280.0,280.0,280.0,305.0,330.0,3,1,有效发票,3,350.0,4211.893057142856,3548.2223161213124,-7038.83,970.87,2942.23,8140.3075,9706.8,350.0,130.86428571428573,112.15119517036636,-211.17,29.13,88.27,247.3525,423.81,350.0,4342.757342857143,3657.991520593689,-7250.0,1000.0,3030.5,8384.525,9998.0,350,2,有效发票,318
E392,***科技有限公司,179.0,494.49396648044683,962.913105964162,8.46,67.615,171.55,444.01,6650.0,179.0,30.365027932960874,64.22224748738306,0.0,5.300000000000001,14.84,28.424999999999997,493.31,179.0,524.858994413408,988.999554901625,9.9,77.37,193.0,475.0,6650.0,179,1,有效发票,179,260.0,4484.980461538467,6438.544882406243,-2718.45,1456.31,2718.45,5475.725,67961.17,260.0,135.99892307692292,193.9720899329773,-81.55,45.8725,81.55,164.275,2038.83,260.0,4620.979384615385,6632.078092738493,-2800.0,1500.0,2800.0,5640.0,70000.0,260,2,有效发票,227
E393,***商贸有限责任公司,24.0,16531.025416666664,10900.890450445651,264.15,9611.074999999999,18167.699999999997,23694.47,40116.18,24.0,2357.52625,1581.522366075918,15.85,1493.425,2541.3549999999996,3333.365,5215.1,24.0,18888.551666666666,12457.227446182002,280.0,11104.5,20529.5,26774.75,45331.28,24,2,有效发票,23,607.0,1698.7848270181232,1805.6715415261683,-4325.24,649.03,959.22,2524.27,9494.76,607.0,51.00217462932451,54.15343526535286,-129.76,19.47,28.89,75.73,284.84,607.0,1749.7870016474465,1859.8209075752509,-4455.0,668.5,988.0,2600.0,9779.6,607,2,有效发票,544
E394,***环保设计研究院（有限合伙）,551.0,1552.490762250453,5977.549669674136,-9708.74,97.575,216.52,410.3,42678.0,551.0,37.06431941923769,84.38486695351988,-375.94,2.67,13.06,30.43,595.42,551.0,1589.555081669693,6000.046815232485,-10000.0,100.5,235.0,434.92,42678.0,551,2,有效发票,533,79.0,29922.723670886062,41756.639999204,0.0,0.0,0.0,71466.01999999999,97310.68,79.0,897.6813924050637,1252.6984109009147,0.0,0.0,0.0,2143.98,2919.32,79.0,30820.40506329114,43009.33841010399,0.0,0.0,0.0,73610.0,100230.0,79,2,作废发票,58
E395,***网络科技有限公司,137.0,1788.2876642335755,3379.539405608286,-2539.81,148.58,279.25,2205.13,18965.52,137.0,251.15043795620412,544.9231382064337,-76.19,8.92,27.59,202.48,3034.48,137.0,2039.4381021897811,3902.04133981262,-2616.0,157.5,300.0,2580.0,22000.0,137,2,有效发票,133,139.0,21639.019712230198,28320.58281818624,-44.25,2051.69,8620.69,21459.620000000003,99675.21,139.0,3621.756187050359,4827.105367463786,-5.75,338.31,1452.99,3559.83,16944.79,139.0,25260.775899280576,33145.87141712676,-50.0,2390.0,10000.0,25000.0,116620.0,139,2,有效发票,94
E396,***文化传播有限公司,211.0,3294.975071090046,7533.54010506136,1.32,353.09000000000003,495.73,1093.7649999999999,55532.48,211.0,434.172701421801,1237.3944740014545,0.0,12.8,41.38,92.475,9440.52,211.0,3729.1477725118484,8736.293889146873,1.5,380.5,550.0,1192.21,64973.0,211,2,有效发票,198,70.0,11610.810857142855,23261.593767590428,-13183.96,735.85,1318.865,9433.02,93396.23,70.0,696.6491428571431,1395.6954043916007,-791.04,44.15,79.13499999999999,565.98,5603.77,70.0,12307.46,24657.28917197815,-13975.0,780.0,1398.0,9999.0,99000.0,70,2,有效发票,65
E397,***大闸蟹经营部,19.0,20201.794736842105,81746.7550237747,264.15,943.4,1886.79,1886.79,357758.62,19.0,3095.047368421052,13112.214567732399,15.85,56.6,113.21,113.21,57241.38,19.0,23296.842105263157,94858.77251370598,280.0,1000.0,2000.0,2000.0,415000.0,19,1,有效发票,19,183.0,4426.735136612021,3402.768590166867,0.0,1066.02,4179.61,7766.99,9699.03,183.0,132.90256830601095,101.98882878636127,0.0,33.665,125.39,233.01,290.97,183.0,4559.637704918033,3504.748808222261,0.0,1098.0,4305.0,8000.0,9990.0,183,2,有效发票,132
E398,***医疗管理咨询有限公司,74.0,1063.129459459459,1265.4957188400297,26.9,434.9975,533.4,1029.1225,5724.53,74.0,42.09743243243244,62.79824762106178,0.0,13.985,16.715,40.302499999999995,343.47,74.0,1105.2268918918924,1323.8245980811537,31.2,457.82,549.4,1060.0,6068.0,74,2,有效发票,73,89.0,6953.566067415726,3603.3080619129505,582.52,2881.55,9320.39,9708.74,9708.74,89.0,208.606404494382,108.09784579940008,17.48,86.45,279.61,291.26,291.26,89.0,7162.172471910112,3711.405907691635,600.0,2968.0,9600.0,10000.0,10000.0,89,1,有效发票,89
E399,***装饰工程有限公司,52.0,349.29307692307697,705.9349735857569,93.2,193.4325,218.38,239.83499999999998,4854.36,52.0,38.61461538461537,44.56877938565966,2.8,25.31,31.91,37.78,298.88,52.0,387.90769230769234,737.9355224095028,96.0,220.0,250.0,272.25,5000.0,52,1,有效发票,52,19.0,26553.797368421056,26393.444367508477,776.7,3407.77,19000.0,54769.9,87378.64,19.0,796.6131578947367,791.803322332093,23.3,102.23,570.0,1643.1,2621.36,19.0,27350.410526315787,27185.247689834658,800.0,3510.0,19570.0,56413.0,90000.0,19,2,有效发票,15
E400,***办公用品经营部,16.0,3965.841875000001,10882.824537067707,238.94,285.0675,972.37,1991.15,44518.58,16.0,511.8862500000001,1416.1163312801434,15.85,32.7925,126.41000000000001,258.85,5787.42,16.0,4477.728125,12298.92178357936,270.0,320.0225,1098.78,2250.0,50306.0,16,1,有效发票,16,134.0,6660.233283582092,2600.3943842716526,169.9,5099.52,7572.82,8932.04,9502.43,134.0,201.37641791044766,79.95986788875058,5.1,152.9875,227.18,267.96,428.57,134.0,6861.609701492537,2678.9484207488936,175.0,5252.5,7800.0,9200.0,9787.5,134,2,有效发票,122
E401,***遮阳技术发展中心,28.0,5905.589285714284,8872.770863334854,153.85,288.0,1640.865,6099.515,31859.96,28.0,775.5125000000002,1370.7555699946276,10.19,23.857499999999998,185.91,475.94,5097.59,28.0,6681.101785714286,10219.801287992093,180.0,327.0,1879.0,6282.5,36957.55,28,1,有效发票,28,77.0,6644.986493506493,15576.901806553846,0.0,0.0,1720.35,6965.52,78703.41,77.0,953.3461038961036,2011.2519807769881,0.0,0.0,223.65,1114.48,10115.11,77.0,7598.332597402596,17585.02086442325,0.0,0.0,1944.0,8080.0,88634.85,77,2,有效发票,39
E402,***商贸有限公司,57.0,7253.626315789475,3433.7591628551268,94.34,6017.09,9025.64,9777.77,9965.81,57.0,1206.163157894737,577.2616288754973,5.66,1022.91,1506.21,1577.93,1694.19,57.0,8459.78947368421,4009.8997615581816,100.0,7040.0,10560.0,11440.0,11660.0,57,1,有效发票,57,25.0,24080.5556,24116.99060877174,-32649.57,10085.47,16324.79,33119.66,73931.62,25.0,3978.5452,3963.3726329195943,-5550.43,1714.53,2775.21,5630.34,12568.38,25.0,28059.100799999997,28077.194781198305,-38200.0,11800.0,19100.0,38750.0,86500.0,25,2,有效发票,22
E403,***机械有限公司,110.0,831.4794545454552,1518.5744062994045,35.85,279.125,402.425,653.3975,9659.4,110.0,87.9525454545455,249.0480244518504,2.15,12.0675,23.85,43.3425,1642.1,110.0,919.432,1754.0885185606867,38.0,291.25,416.5,677.75,11301.5,110,2,有效发票,108,70.0,18918.06914285714,19629.159091836504,2070.0,12350.0,13479.5,13850.0,95543.01,70.0,699.783714285714,779.5531070272633,62.1,370.5,404.39,489.525,4184.62,70.0,19617.852857142836,20205.87690017602,2132.1,12720.5,13883.89,14265.5,98409.3,70,2,有效发票,61
E404,个体经营E404 ,29.0,29353.832068965512,48712.97649667529,282.08,8620.69,13793.11,29097.34,258119.66,29.0,4352.54724137931,8058.318361993973,16.92,1379.31,1932.74,3782.66,43880.34,29.0,33706.379310344826,56728.772259141646,299.0,10000.0,16000.0,32880.0,302000.0,29,2,有效发票,25,21.0,65511.75047619048,35916.297226511044,4587.16,21363.64,90000.01,90909.09,90909.09,21.0,6683.48761904762,3719.461674597421,412.84,2136.36,9090.91,9090.91,9909.91,21.0,72195.23809523809,39605.18244107046,5000.0,23500.0,99000.0,100000.0,100000.0,21,2,有效发票,15
E405,***职业技能服务有限公司,18.0,5311.456666666665,4330.6779128350845,116.5,896.02,6705.19,9433.96,9433.96,18.0,318.4944444444444,260.0894831359171,3.5,53.760000000000005,402.31,566.04,566.04,18.0,5629.951111111111,4590.766279310843,120.0,949.78,7107.5,10000.0,10000.0,18,2,有效发票,17,45.0,13147.270444444446,25744.972432710038,0.0,0.0,1165.05,9320.39,97087.38,45.0,394.41844444444456,772.3485008252883,0.0,0.0,34.95,279.61,2912.62,45.0,13541.68888888889,26517.3209335317,0.0,0.0,1200.0,9600.0,100000.0,45,2,有效发票,25
E406,***招投标代理有限公司,52.0,3684.988653846153,6816.020879365411,10.38,264.15,887.265,2738.76,38834.95,52.0,123.16115384615385,209.85041888098505,0.62,9.8275,34.224999999999994,130.045,1165.05,52.0,3808.149807692308,7018.666981296038,11.0,280.0,940.5,2820.925,40000.0,52,1,有效发票,52,31.0,38538.03161290322,22897.422117231465,-29262.14,24444.175,35195.15,52160.065,79592.79,31.0,1156.1409677419354,686.9210303150082,-877.86,733.325,1055.85,1564.8,2387.78,31.0,39694.172580645165,23584.343147538082,-30140.0,25177.5,36251.0,53724.865000000005,81980.57,31,2,有效发票,24
E407,***装饰工程有限公司,149.0,2613.947181208054,10638.348950086262,-1171.68,258.62,265.49,733.98,88543.69,149.0,155.46342281879203,528.7066498461916,-152.32,30.86,38.62,49.85,5104.16,149.0,2769.410604026846,11056.169111539117,-1324.0,300.0,300.0,799.0,91200.0,149,2,有效发票,148,44.0,64086.78272727269,42898.24885620339,-92233.01,48543.69,77669.9,92233.01,95145.63,44.0,1922.6036363636367,1286.9477315511338,-2766.99,1456.31,2330.1,2766.99,2854.37,44.0,66009.38636363637,44185.19658775339,-95000.0,50000.0,80000.0,95000.0,98000.0,44,2,有效发票,31
E408,***空调制冷有限责任公司,40.0,1750.3329999999999,2495.807002248536,20.26,170.79500000000002,494.235,2049.1925,9708.7,40.0,194.0195,266.07796698066545,2.64,19.0625,56.42,288.97249999999997,1153.97,40.0,1944.3524999999997,2698.113474601163,22.9,193.0,558.485,2373.2775,9999.96,40,2,有效发票,39,32.0,19919.394375000003,15468.371215438492,2330.1,10000.0,19417.48,26213.59,63106.8,32.0,598.1681250000001,463.71176007152224,69.9,300.0,582.52,786.41,1893.2,32.0,20517.5625,15932.071592287495,2400.0,10300.0,20000.0,27000.0,65000.0,32,2,有效发票,26
E409,***塑胶有限公司,15.0,3137.314666666666,2524.9003088491763,189.66,1556.6,2830.19,3773.58,9433.96,15.0,175.95199999999997,137.64228104557324,15.85,100.075,169.81,226.42,566.04,15.0,3313.266666666667,2654.316174155022,220.0,1650.0,3000.0,4000.0,10000.0,15,1,有效发票,15,101.0,2482.653465346536,2292.3518814852296,194.17,626.21,1495.15,4072.82,8737.86,101.0,74.47970297029704,68.7707081315213,5.83,18.79,44.85,122.18,262.14,101.0,2557.133168316832,2361.122589481508,200.0,645.0,1540.0,4195.0,9000.0,101,2,有效发票,90
E410,***网络科技有限公司,105.0,159.81600000000003,348.8058764076925,-104.86,26.1,63.27,151.28,2034.3,105.0,19.95704761904762,45.52882647552093,-14.34,2.51,8.62,17.69,264.46,105.0,179.77304761904753,394.0359903957521,-118.5,29.5,71.5,175.0,2298.76,105,1,有效发票,105,66.0,6298.0995454545455,11496.492705112678,-8708.74,1500.0,3000.0,5956.3099999999995,60000.0,66.0,93.23378787878785,284.5648473547754,-261.26,0.0,0.0,58.25,1747.57,66.0,6391.333333333333,11706.612033486206,-8970.0,1500.0,3000.0,6000.0,60000.0,66,2,有效发票,65
E411,***机电设备有限公司,109.0,2254.6187155963307,9930.090327735646,84.47,248.54,318.96,353.45,74928.57,109.0,54.565045871559605,89.82881103463424,2.53,33.1,43.72,55.17,913.79,109.0,2309.18376146789,9935.07440009019,87.0,276.41,370.0,410.0,75000.0,109,1,有效发票,109,97.0,4027.461134020619,3698.7636225044494,-5714.29,1190.48,3689.32,7524.27,9514.56,97.0,127.75824742268037,125.70882749607577,-285.71,37.86,110.68,233.01,466.67,97.0,4155.219381443299,3819.2801500113146,-6000.0,1250.0,3800.0,7750.0,9800.0,97,2,有效发票,67
E412,***汽车贸易有限公司,86.0,901.6944186046512,1498.1650365238797,13.2,258.7875,303.54,572.3275,7913.0,86.0,50.402790697674455,41.36823699555474,0.4,27.975,38.31,49.96,237.39,86.0,952.0972093023256,1535.089454839417,13.6,294.75,342.53,589.5,8150.39,86,2,有效发票,83,149.0,2360.876979865771,2551.4628608176986,145.63,582.52,1262.14,3106.8,9708.74,149.0,78.96194630872485,91.92310971439485,4.37,17.48,39.9,100.0,475.71,149.0,2439.8389261744965,2639.276446882575,150.0,600.0,1300.0,3200.0,10000.0,149,2,有效发票,137
E413,***石材工艺品有限公司,62.0,394.57596774193564,737.0850589046856,75.47,163.8,202.61,261.86,4912.93,62.0,44.841774193548396,99.71848011842394,4.53,23.81,27.52,33.4,786.07,62.0,439.4177419354839,829.3835613894302,80.0,190.0,228.95,299.575,5699.0,62,1,有效发票,62,40.0,8536.137749999998,2197.7425252739163,1601.94,8661.94,9437.695,9704.85,9704.85,40.0,256.08624999999995,65.93293953970313,48.06,259.86,283.13,291.15,291.15,40.0,8792.223999999998,2263.675464766005,1650.0,8921.8,9720.825,9996.0,9996.0,40,2,有效发票,33
E414,***物流有限责任公司***分公司,6.0,1634.12,2013.9302645225828,216.98,264.15,811.685,2087.38,5370.12,6.0,79.60166666666667,120.84843059248499,13.02,15.85,28.315,62.620000000000005,322.21,6.0,1713.7216666666666,2131.256395841821,230.0,280.0,840.0,2150.0,5692.33,6,1,有效发票,6,14.0,36178.91714285714,34075.05485277924,4174.76,13859.2225,18737.86,70339.8025,88834.95,14.0,1085.3685714285714,1022.2517969648193,125.24,415.7775,562.14,2110.1975,2665.05,14.0,37264.28571428572,35097.30664974072,4300.0,14275.0,19300.0,72450.0,91500.0,14,2,有效发票,11
E415,***广告设计服务部,2.0,8571.43,0.0,8571.43,8571.43,8571.43,8571.43,8571.43,2.0,428.57,0.0,428.57,428.57,428.57,428.57,428.57,2.0,9000.0,0.0,9000.0,9000.0,9000.0,9000.0,9000.0,2,1,有效发票,2,208.0,410.234375,372.3679608248847,-873.79,104.85,339.805,801.6975,964.08,208.0,12.329086538461535,11.15321693296726,-26.21,3.1875,10.195,24.052500000000002,28.92,208.0,422.5634615384615,383.51698815617686,-900.0,108.0,350.0,825.75,993.0,208,1,有效发票,208
E416,***科技有限公司,8.0,21771.857500000002,31364.238484472702,246.23,264.15,419.01,43530.195,68713.23,8.0,1302.36,1884.941384999999,0.0,15.58,17.265,2611.81,4122.79,8.0,23074.2175,33249.15097277427,261.0,280.0,428.35,46142.005000000005,72836.02,8,2,有效发票,7,25.0,9075.605599999997,1710.4589729491713,2912.62,9708.74,9708.74,9708.74,9708.74,25.0,272.26640000000015,51.31282733391328,87.38,291.26,291.26,291.26,291.26,25.0,9347.872,1761.7718002813722,3000.0,10000.0,10000.0,10000.0,10000.0,25,2,有效发票,23
E417,***园林景观工程有限公司,128.0,1212.1926562500005,7381.894904734634,79.65,176.99,227.615,270.4175,78461.54,128.0,146.76406249999988,1176.3026342890396,0.0,23.01,33.11,41.39,13338.46,128.0,1358.95671875,8489.797836934757,90.0,200.0,250.0,306.75,91800.0,128,2,有效发票,127,6.0,26944.986666666664,33907.56564479772,7766.99,10922.3325,14563.11,18203.8875,95650.49,6.0,808.3466666666668,1017.2259317706498,233.01,327.6675,436.89,546.1125,2869.51,6.0,27753.333333333332,34924.7915765673,8000.0,11250.0,15000.0,18750.0,98520.0,6,1,有效发票,6
E418,***营销策划有限公司,71.0,652.0130985915494,2070.402901212081,2.83,84.87,166.04,353.16999999999996,14693.4,71.0,38.06352112676056,123.87307214701195,0.0,4.02,7.87,23.384999999999998,881.6,71.0,690.0766197183099,2193.0218439085006,3.0,92.5,176.0,387.0,15575.0,71,1,有效发票,71,23.0,19600.19608695652,27059.461490845024,1165.05,3543.69,10695.15,17867.18,90949.51,23.0,600.43,811.4198136375747,34.95,106.31,320.85,604.595,2728.49,23.0,20200.626086956523,27868.758827978254,1200.0,3650.0,11016.0,18403.2,93678.0,23,2,有效发票,20
E419,***科技有限公司,1304.0,9125.986004601229,56955.77468187026,-17250.43,96.135,382.46500000000003,1100.8225,912859.82,1304.0,103.29178680981614,301.1933884222366,-862.52,4.91,18.075,73.2425,2679.63,1304.0,9229.277791411047,56978.79622771081,-18112.95,107.0,400.0,1168.4675,913051.14,1304,2,有效发票,1278,4.0,13018.8675,3665.107224182989,7547.17,12641.5075,14716.98,15094.34,15094.34,4.0,781.1324999999999,219.9067183110451,452.83,758.4925,883.02,905.66,905.66,4.0,13800.0,3885.0139424889244,8000.0,13400.0,15600.0,16000.0,16000.0,4,1,有效发票,4
E420,***康药房,153.0,12324.140915032684,18074.312984266453,33.96,264.15,3897.07,13647.07,80820.85,153.0,1721.9333333333343,2632.55597425247,0.0,16.09,435.64,2184.9,11636.7,153.0,14046.074248366016,20589.597913912636,36.0,280.0,4556.3,15967.05,91327.59,153,2,有效发票,151,126.0,655.0723809523813,717.3351823413415,34.48,215.6225,366.38,825.0,4905.0,126.0,97.81833333333331,99.48186058372653,5.52,34.584999999999994,58.62,126.55,539.55,126.0,752.8907142857142,814.5099718423867,40.0,245.5,423.5,965.25,5444.55,126,2,有效发票,114
E421,***保温材料有限公司,19.0,1599.6742105263156,1349.218879118646,223.3,283.01,943.4,2830.19,3773.58,19.0,93.4836842105263,83.10159092009187,6.7,16.99,56.6,169.81,226.42,19.0,1693.157894736842,1432.1004489582542,230.0,300.0,1000.0,3000.0,4000.0,19,1,有效发票,19,29.0,8472.439999999999,2242.246762622896,0.0,7666.02,9770.87,9990.29,9990.29,29.0,254.17482758620685,67.26773210838111,0.0,229.98,293.13,299.71,299.71,29.0,8726.614827586207,2309.514494691503,0.0,7896.0,10064.0,10290.0,10290.0,29,2,有效发票,28
E422,***童装店,3.0,296.4633333333333,127.05997494621717,188.68,226.415,264.15,350.355,436.56,3.0,23.536666666666665,17.384971479221164,11.32,13.585,15.85,29.645,43.44,3.0,320.0,144.22205101855957,200.0,240.0,280.0,380.0,480.0,3,1,有效发票,3,30.0,943.8269999999999,1480.327355982453,84.47,326.725,463.16499999999996,924.7574999999999,8106.8,30.0,29.759999999999994,43.98501594391216,2.53,12.6475,17.1,28.045,243.2,30.0,973.587,1524.2080199580644,87.0,340.0,481.5,952.5,8350.0,30,2,有效发票,27
E423,***通风设备有限公司,21.0,2906.9590476190474,4305.431174707017,-8615.38,806.21,1456.31,6335.04,9700.85,21.0,381.21714285714285,719.7084117831531,-1464.62,29.12,67.93,907.61,1649.15,21.0,3288.176190476191,4983.621733729875,-10080.0,830.4,1500.0,7412.0,11350.0,21,1,有效发票,21,7.0,11198.334285714285,9701.837542003503,5601.94,6199.03,8349.51,9611.650000000001,32815.53,7.0,335.95142857142855,291.05636174852066,168.06,185.97,250.49,288.35,984.47,7.0,11534.285714285714,9992.893903741227,5770.0,6385.0,8600.0,9900.0,33800.0,7,2,有效发票,6
E424,***贸易有限公司,25.0,10173.195999999998,15129.873081855589,64.65,671.89,1283.02,15461.73,63309.06,25.0,706.7795999999997,1104.3115565043227,8.88,40.31,201.38,927.7,3828.63,25.0,10879.9756,16125.413399500823,75.0,712.2,1460.0,16389.43,67107.6,25,1,有效发票,25,43.0,2043.0288372093019,3555.0966932086244,-640.75,178.0,258.25,1013.9649999999999,9300.0,43.0,65.9388372093023,118.67004149580349,-19.22,5.34,7.75,37.36,465.0,43.0,2108.967674418605,3670.7632739720602,-659.97,183.34,266.0,1051.325,9765.0,43,2,有效发票,37
E425,***商贸有限公司,118.0,504.40271186440714,1075.1718512374837,-264.15,86.235,176.72500000000002,360.6075,9230.77,118.0,44.41288135593222,155.61254450400668,-21.93,5.5,10.95,33.81,1569.23,118.0,548.815593220339,1215.733825372467,-280.0,91.6,189.0,396.75,10800.0,118,2,有效发票,116,18.0,8476.375,1965.562186680651,4854.37,9000.0,9623.3,9623.3,9623.3,18.0,254.29166666666666,58.967620751212465,145.63,270.0,288.7,288.7,288.7,18.0,8730.666666666666,2024.5298074309676,5000.0,9270.0,9912.0,9912.0,9912.0,18,2,有效发票,10
