alpha_deg,b_angle_boundary_m,b_distance_boundary_m,local_margin_m,angle_root_residual,distance_root_residual_m
-1.0,623.4146319907225,638.3401947575173,14.925562766794883,0.0,0.0
-0.9994999999999999,623.4164696296116,638.3530258977678,14.93655626815621,0.0,-2.2737367544323206e-13
-0.999,623.4183073379102,638.3658571682706,14.947549830360458,-1.1102230246251565e-16,0.0
-0.9984999999999999,623.4201451156175,638.3786885690254,14.958543453407856,0.0,0.0
-0.9980000000000001,623.421982962732,638.3915201000311,14.969537137299085,0.0,0.0
-0.9974999999999999,623.4238208792533,638.4043517612865,14.980530882033236,-1.1102230246251565e-16,-2.2737367544323206e-13
-0.9970000000000001,623.4256588651788,638.4171835527916,14.99152468761281,0.0,0.0
-0.9965,623.4274969205078,638.4300154745458,15.002518554038033,0.0,-2.2737367544323206e-13
-0.9960000000000001,623.4293350452388,638.4428475265479,15.013512481309135,-1.1102230246251565e-16,0.0
-0.9955,623.4311732393708,638.4556797087971,15.024506469426342,0.0,-2.2737367544323206e-13
-0.9949999999999999,623.433011502902,638.4685120212932,15.035500518391245,0.0,0.0
-0.9945,623.434849835832,638.4813444640347,15.046494628202709,-1.1102230246251565e-16,0.0
-0.994,623.4366882381587,638.4941770370217,15.057488798863005,0.0,-2.2737367544323206e-13
-0.9935,623.4385267098808,638.5070097402534,15.06848303037259,0.0,0.0
-0.993,623.440365250998,638.5198425737285,15.079477322730554,0.0,-2.2737367544323206e-13
-0.9925,623.4422038615071,638.5326755374467,15.090471675939625,-1.1102230246251565e-16,-2.2737367544323206e-13
-0.992,623.4440425414091,638.5455086314073,15.101466089998212,0.0,-2.2737367544323206e-13
-0.9915000000000002,623.4458812907008,638.5583418556098,15.112460564909043,0.0,-2.2737367544323206e-13
-0.991,623.4477201093816,638.5711752100528,15.123455100671208,0.0,0.0
-0.9904999999999999,623.4495589974508,638.5840086947364,15.134449697285618,-1.1102230246251565e-16,-2.2737367544323206e-13
-0.99,623.4513979549063,638.5968423096592,15.145444354752954,-1.1102230246251565e-16,-2.2737367544323206e-13
-0.9894999999999999,623.4532369817473,638.6096760548205,15.156439073073216,0.0,0.0
-0.9890000000000001,623.4550760779719,638.6225099302205,15.167433852248678,-1.1102230246251565e-16,0.0
-0.9884999999999999,623.4569152435793,638.6353439358577,15.17842869227843,-1.1102230246251565e-16,0.0
-0.9880000000000001,623.4587544785677,638.6481780717313,15.18942359316361,0.0,0.0
-0.9875,623.4605937829372,638.6610123378405,15.200418554903308,0.0,0.0
-0.9870000000000001,623.4624331566845,638.6738467341856,15.211413577501162,-1.1102230246251565e-16,-2.2737367544323206e-13
-0.9865,623.4642725998094,638.6866812607652,15.222408660955807,-1.1102230246251565e-16,0.0
-0.986,623.4661121123111,638.6995159175781,15.233403805267017,0.0,-2.2737367544323206e-13
-0.9855,623.4679516941874,638.7123507046244,15.244399010437064,0.0,0.0
-0.985,623.4697913454368,638.7251856219032,15.255394276466404,0.0,0.0
-0.9845,623.471631066059,638.7380206694131,15.266389603354128,-1.1102230246251565e-16,-2.2737367544323206e-13
-0.984,623.4734708560516,638.7508558471543,15.277384991102736,-1.1102230246251565e-16,-2.2737367544323206e-13
-0.9835,623.4753107154143,638.7636911551253,15.28838043971109,-1.1102230246251565e-16,0.0
-0.983,623.4771506441455,638.776526593326,15.299375949180558,-1.1102230246251565e-16,0.0
-0.9825000000000002,623.4789906422436,638.7893621617559,15.310371519512273,0.0,-2.2737367544323206e-13
-0.982,623.4808307097073,638.8021978604136,15.321367150706237,0.0,-2.2737367544323206e-13
-0.9814999999999999,623.4826708465359,638.8150336892984,15.33236284276245,0.0,0.0
-0.9810000000000001,623.4845110527274,638.8278696484099,15.343358595682503,-1.1102230246251565e-16,0.0
-0.9804999999999999,623.486351328281,638.8407057377474,15.354354409466396,-1.1102230246251565e-16,0.0
-0.9800000000000001,623.4881916731952,638.8535419573102,15.365350284115038,-2.220446049250313e-16,-2.2737367544323206e-13
-0.9794999999999999,623.4900320874685,638.8663783070974,15.376346219628886,0.0,-2.2737367544323206e-13
-0.9790000000000001,623.4918725711,638.8792147871081,15.387342216008165,-1.1102230246251565e-16,0.0
-0.9785,623.4937131240879,638.8920513973421,15.39833827325424,-1.1102230246251565e-16,-2.2737367544323206e-13
-0.9780000000000001,623.4955537464316,638.9048881377983,15.409334391366656,0.0,0.0
-0.9775,623.497394438129,638.9177250084765,15.42033057034746,0.0,-2.2737367544323206e-13
-0.977,623.4992351991796,638.9305620093751,15.431326810195515,0.0,0.0
-0.9765,623.5010760295818,638.9433991404944,15.442323110912639,0.0,-2.2737367544323206e-13
-0.976,623.5029169293339,638.9562364018327,15.453319472498833,0.0,-2.2737367544323206e-13
-0.9755,623.5047578984354,638.9690737933897,15.464315894954325,0.0,-2.2737367544323206e-13
-0.975,623.5065989368838,638.9819113151655,15.475312378281615,0.0,0.0
-0.9745000000000001,623.5084400446792,638.9947489671574,15.486308922478202,0.0,0.0
-0.974,623.5102812218192,639.0075867493667,15.497305527547496,0.0,0.0
-0.9735000000000001,623.5121224683032,639.0204246617916,15.508302193488362,-1.1102230246251565e-16,-2.2737367544323206e-13
-0.973,623.5139637841296,639.0332627044318,15.519298920302163,-1.1102230246251565e-16,-2.2737367544323206e-13
-0.9724999999999999,623.5158051692968,639.0461008772863,15.53029570798958,-1.1102230246251565e-16,0.0
-0.9720000000000001,623.517646623804,639.0589391803551,15.54129255655107,0.0,0.0
-0.9714999999999999,623.5194881476502,639.0717776136362,15.55228946598595,-1.1102230246251565e-16,-2.2737367544323206e-13
-0.9710000000000001,623.5213297408336,639.0846161771296,15.563286436296039,0.0,0.0
-0.9705,623.5231714033528,639.0974548708348,15.574283467482019,-1.1102230246251565e-16,0.0
-0.9700000000000001,623.5250131352063,639.1102936947511,15.585280559544799,0.0,-2.2737367544323206e-13
-0.9695,623.5268549363939,639.1231326488769,15.596277712483015,-1.1102230246251565e-16,0.0
-0.969,623.5286968069131,639.1359717332125,15.607274926299397,0.0,-2.2737367544323206e-13
-0.9685,623.5305387467631,639.1488109477568,15.618272200993715,-1.1102230246251565e-16,-2.2737367544323206e-13
-0.968,623.532380755943,639.1616502925087,15.629269536565744,-1.1102230246251565e-16,-2.2737367544323206e-13
-0.9675,623.5342228344507,639.1744897674682,15.640266933017529,-1.1102230246251565e-16,0.0
-0.967,623.5360649822853,639.1873293726344,15.65126439034907,0.0,-2.2737367544323206e-13
-0.9665,623.5379071994453,639.2001691080061,15.662261908560822,-1.1102230246251565e-16,0.0
-0.966,623.5397494859303,639.2130089735826,15.67325948765233,-1.1102230246251565e-16,0.0
-0.9655000000000001,623.5415918417375,639.225848969364,15.684257127626552,0.0,0.0
-0.965,623.5434342668673,639.238689095349,15.695254828481666,0.0,0.0
-0.9645000000000001,623.5452767613169,639.2515293515366,15.70625259021972,-1.1102230246251565e-16,0.0
-0.9640000000000001,623.5471193250855,639.2643697379269,15.717250412841395,0.0,-4.547473508864641e-13
-0.9634999999999999,623.5489619581724,639.277210254518,15.728248296345555,0.0,0.0
-0.9630000000000001,623.5508046605757,639.2900509013102,15.739246240734474,-1.1102230246251565e-16,0.0
-0.9624999999999999,623.5526474322942,639.3028916783026,15.750244246008378,-1.1102230246251565e-16,-2.2737367544323206e-13
-0.9620000000000001,623.5544902733266,639.3157325854941,15.761242312167496,-1.1102230246251565e-16,0.0
-0.9615,623.5563331836718,639.3285736228845,15.772240439212737,0.0,0.0
-0.9610000000000001,623.558176163328,639.3414147904723,15.783238627144328,-1.1102230246251565e-16,0.0
-0.9605,623.5600192122947,639.3542560882579,15.794236875963179,-1.1102230246251565e-16,0.0
-0.96,623.5618623305704,639.3670975162395,15.805235185669062,0.0,-2.2737367544323206e-13
-0.9595,623.5637055181526,639.3799390744168,15.816233556264251,0.0,0.0
-0.959,623.5655487750419,639.3927807627892,15.827231987747382,0.0,-2.2737367544323206e-13
-0.9585,623.5673921012356,639.405622581356,15.838230480120501,-1.1102230246251565e-16,0.0
-0.958,623.569235496733,639.4184645301161,15.849229033383153,0.0,0.0
-0.9575000000000001,623.5710789615327,639.4313066090692,15.860227647536476,-1.1102230246251565e-16,-2.2737367544323206e-13
-0.957,623.5729224956337,639.4441488182144,15.871226322580696,0.0,-2.2737367544323206e-13
-0.9565000000000001,623.5747660990342,639.4569911575506,15.882225058516497,0.0,-2.2737367544323206e-13
-0.956,623.5766097717324,639.4698336270781,15.893223855345695,-1.1102230246251565e-16,-2.2737367544323206e-13
-0.9554999999999999,623.5784535137288,639.4826762267953,15.904222713066474,0.0,-2.2737367544323206e-13
-0.9550000000000001,623.5802973250209,639.4955189567013,15.915221631680424,-1.1102230246251565e-16,-2.2737367544323206e-13
-0.9544999999999999,623.5821412056071,639.508361816796,15.92622061118891,-1.1102230246251565e-16,0.0
-0.9540000000000001,623.5839851554865,639.5212048070784,15.937219651591931,-1.1102230246251565e-16,0.0
-0.9535,623.5858291746581,639.534047927548,15.948218752889943,-1.1102230246251565e-16,0.0
-0.9530000000000001,623.5876732631205,639.5468911782043,15.959217915083855,-1.1102230246251565e-16,0.0
-0.9525,623.589517420872,639.5597345590459,15.970217138173894,0.0,-2.2737367544323206e-13
-0.9520000000000001,623.5913616479118,639.572578070072,15.981216422160287,0.0,-2.2737367544323206e-13
-0.9515,623.5932059442384,639.5854217112826,15.992215767044172,0.0,-2.2737367544323206e-13
-0.951,623.59505030985,639.5982654826767,16.003215172826685,-2.220446049250313e-16,0.0
-0.9505,623.5968947447461,639.611109384253,16.014214639506918,0.0,0.0
-0.95,623.5987392489253,639.6239534160118,16.02521416708646,-1.1102230246251565e-16,0.0
-0.9495,623.6005838223859,639.6367975779515,16.03621375556554,-1.1102230246251565e-16,-2.2737367544323206e-13
-0.949,623.6024284651269,639.6496418700715,16.047213404944614,0.0,-2.2737367544323206e-13
-0.9485000000000001,623.6042731771468,639.662486292372,16.05821311522527,0.0,-2.2737367544323206e-13
-0.948,623.6061179584444,639.6753308448513,16.06921288640683,-1.1102230246251565e-16,0.0
-0.9475000000000001,623.6079628090183,639.6881755275085,16.080212718490202,-1.1102230246251565e-16,0.0
-0.9470000000000001,623.6098077288677,639.7010203403436,16.09121261147584,0.0,-2.2737367544323206e-13
-0.9464999999999999,623.6116527179911,639.713865283356,16.10221256536488,0.0,-2.2737367544323206e-13
-0.9460000000000001,623.6134977763863,639.7267103565439,16.11321258015755,1.1102230246251565e-16,0.0
-0.9454999999999999,623.6153429040535,639.7395555599076,16.12421265585408,0.0,-2.2737367544323206e-13
-0.9450000000000001,623.6171881009902,639.7524008934465,16.135212792456286,-1.1102230246251565e-16,-2.2737367544323206e-13
-0.9445,623.6190333671957,639.7652463571587,16.146212989963033,-1.1102230246251565e-16,-2.2737367544323206e-13
-0.9440000000000001,623.6208787026687,639.7780919510437,16.157213248375,0.0,0.0
-0.9435,623.6227241074075,639.7909376751024,16.16821356769492,0.0,-2.2737367544323206e-13
-0.9430000000000001,623.6245695814112,639.8037835293321,16.17921394792097,-2.220446049250313e-16,0.0
-0.9425,623.6264151246789,639.8166295137335,16.190214389054518,-1.1102230246251565e-16,0.0
-0.942,623.6282607372084,639.8294756283051,16.201214891096697,0.0,0.0
-0.9415,623.630106418999,639.8423218730456,16.2122154540466,0.0,0.0
-0.941,623.6319521700489,639.8551682479558,16.223216077906955,-1.1102230246251565e-16,0.0
-0.9405000000000001,623.6337979903574,639.868014753034,16.234216762676624,-1.1102230246251565e-16,0.0
-0.94,623.635643879923,639.8808613882791,16.245217508356063,0.0,0.0
-0.9395000000000001,623.6374898387439,639.8937081536919,16.256218314948,0.0,0.0
-0.939,623.6393358668199,639.9065550492701,16.267219182450162,-1.1102230246251565e-16,-2.2737367544323206e-13
-0.9385000000000001,623.6411819641485,639.919402075014,16.278220110865504,-1.1102230246251565e-16,-2.2737367544323206e-13
-0.9380000000000001,623.6430281307294,639.9322492309218,16.289221100192435,0.0,-2.2737367544323206e-13
-0.9374999999999999,623.644874366561,639.9450965169938,16.300222150432774,0.0,-2.2737367544323206e-13
-0.937,623.6467206716418,639.9579439332285,16.311223261586747,0.0,-2.2737367544323206e-13
-0.9365,623.6485670459701,639.9707914796259,16.32222443365572,0.0,-2.2737367544323206e-13
-0.936,623.6504134895456,639.9836391561848,16.333225666639237,-1.1102230246251565e-16,-2.2737367544323206e-13
-0.9355,623.6522600023663,639.9964869629048,16.344226960538435,-1.1102230246251565e-16,-2.2737367544323206e-13
-0.935,623.6541065844312,640.009334899785,16.35522831535377,-1.1102230246251565e-16,-2.2737367544323206e-13
-0.9345,623.6559532357392,640.0221829668242,16.366229731085014,0.0,-2.2737367544323206e-13
-0.934,623.6577999562885,640.0350311640223,16.377231207733757,0.0,-2.2737367544323206e-13
-0.9335,623.6596467460784,640.0478794913781,16.388232745299774,0.0,0.0
-0.9329999999999999,623.6614936051067,640.0607279488916,16.399234343784883,0.0,0.0
-0.9325,623.663340533373,640.0735765365614,16.410236003188402,-1.1102230246251565e-16,0.0
-0.9319999999999999,623.6651875308755,640.0864252543872,16.421237723511695,-1.1102230246251565e-16,0.0
-0.9315000000000001,623.6670345976136,640.0992741023676,16.43223950475408,0.0,0.0
-0.9309999999999999,623.6688817335851,640.1121230805027,16.443241346917603,-1.1102230246251565e-16,0.0
-0.9305000000000001,623.6707289387889,640.1249721887916,16.45424325000272,0.0,0.0
-0.93,623.6725762132246,640.1378214272331,16.46524521400852,-1.1102230246251565e-16,-2.2737367544323206e-13
-0.9294999999999999,623.6744235568897,640.1506707958265,16.47624723893682,0.0,0.0
-0.929,623.6762709697839,640.1635202945718,16.487249324787854,0.0,-2.2737367544323206e-13
-0.9284999999999999,623.6781184519052,640.1763699234673,16.49825147156207,0.0,-2.2737367544323206e-13
-0.928,623.6799660032523,640.1892196825133,16.509253679261064,-1.1102230246251565e-16,-2.2737367544323206e-13
-0.9275,623.6818136238244,640.2020695717083,16.520255947883925,0.0,-2.2737367544323206e-13
-0.927,623.6836613136202,640.2149195910515,16.531258277431334,0.0,-2.2737367544323206e-13
-0.9265,623.6855090726378,640.227769740542,16.542260667904202,-1.1102230246251565e-16,-2.2737367544323206e-13
-0.926,623.6873569008765,640.2406200201806,16.55326311930412,-1.1102230246251565e-16,0.0
-0.9255,623.6892047983351,640.2534704299649,16.564265631629723,-1.1102230246251565e-16,0.0
-0.9250000000000002,623.6910527650118,640.2663209698947,16.575268204882832,0.0,0.0
-0.9245,623.6929008009054,640.2791716399697,16.586270839064355,0.0,-2.2737367544323206e-13
-0.9239999999999999,623.6947489060149,640.2920224401885,16.59727353417361,0.0,0.0
-0.9235000000000001,623.6965970803387,640.3048733705509,16.60827629021219,0.0,0.0
-0.9229999999999999,623.6984453238756,640.3177244310557,16.61927910718009,-1.1102230246251565e-16,0.0
-0.9225000000000001,623.7002936366248,640.3305756217026,16.630281985077772,-1.1102230246251565e-16,0.0
-0.9219999999999999,623.702142018584,640.3434269424902,16.64128492390614,0.0,2.2737367544323206e-13
-0.9215000000000001,623.7039904697533,640.3562783934185,16.6522879236652,-1.1102230246251565e-16,0.0
-0.921,623.7058389901301,640.3691299744869,16.663290984356763,-1.1102230246251565e-16,-2.2737367544323206e-13
-0.9204999999999999,623.7076875797136,640.3819816856937,16.674294105980152,0.0,0.0
-0.92,623.7095362385023,640.394833527039,16.68529728853673,0.0,0.0
-0.9195,623.7113849664956,640.4076854985217,16.696300532026044,0.0,-2.2737367544323206e-13
-0.919,623.7132337636917,640.4205376001414,16.707303836449682,0.0,-2.2737367544323206e-13
-0.9185,623.7150826300895,640.4333898318969,16.71830720180742,0.0,-2.2737367544323206e-13
-0.918,623.7169315656872,640.4462421937876,16.729310628100393,0.0,0.0
-0.9175,623.7187805704837,640.4590946858132,16.74031411532951,-1.1102230246251565e-16,-2.2737367544323206e-13
-0.917,623.7206296444788,640.4719473079724,16.751317663493637,-1.1102230246251565e-16,-2.2737367544323206e-13
-0.9165,623.7224787876698,640.4848000602647,16.762321272594818,-1.1102230246251565e-16,-2.2737367544323206e-13
-0.9160000000000001,623.7243280000557,640.497652942689,16.77332494263328,0.0,-2.2737367544323206e-13
-0.9155,623.726177281636,640.5105059552457,16.784328673609707,0.0,-2.2737367544323206e-13
-0.9149999999999999,623.7280266324078,640.5233590979328,16.795332465525007,-1.1102230246251565e-16,0.0
-0.9145000000000001,623.729876052372,640.53621237075,16.806336318378044,0.0,-2.2737367544323206e-13
-0.9139999999999999,623.7317255415257,640.5490657736971,16.81734023217132,-1.1102230246251565e-16,-2.2737367544323206e-13
-0.9135000000000001,623.7335750998684,640.5619193067719,16.828344206903466,0.0,0.0
-0.913,623.7354247273977,640.5747729699758,16.839348242578126,-1.1102230246251565e-16,0.0
-0.9125000000000001,623.7372744241138,640.5876267633062,16.85035233919234,-1.1102230246251565e-16,0.0
-0.912,623.7391241900148,640.6004806867631,16.861356496748385,0.0,-2.2737367544323206e-13
-0.9114999999999999,623.7409740250991,640.6133347403461,16.87236071524694,0.0,-2.2737367544323206e-13
-0.911,623.7428239293654,640.6261889240536,16.883364994688236,0.0,0.0
-0.9105,623.7446739028126,640.639043237886,16.894369335073407,-1.1102230246251565e-16,0.0
-0.91,623.7465239454398,640.6518976818418,16.905373736401998,-1.1102230246251565e-16,-2.2737367544323206e-13
-0.9095,623.7483740572457,640.6647522559199,16.916378198674238,1.1102230246251565e-16,0.0
-0.909,623.7502242382279,640.6776069601208,16.927382721892855,-1.1102230246251565e-16,0.0
-0.9085,623.7520744883868,640.690461794442,16.93838730605512,0.0,0.0
-0.9080000000000001,623.7539248077194,640.703316758885,16.94939195116558,-1.1102230246251565e-16,-2.2737367544323206e-13
-0.9075,623.7557751962258,640.7161718534471,16.96039665722128,-1.1102230246251565e-16,0.0
-0.9070000000000001,623.7576256539039,640.7290270781282,16.97140142422427,-1.1102230246251565e-16,0.0
-0.9065000000000001,623.7594761807527,640.7418824329282,16.98240625217545,0.0,0.0
-0.9059999999999999,623.7613267767708,640.7547379178457,16.99341114107483,0.0,-2.2737367544323206e-13
-0.9055000000000001,623.7631774419565,640.7675935328798,17.004416090923314,-1.1102230246251565e-16,-2.2737367544323206e-13
-0.9049999999999999,623.7650281763101,640.7804492780303,17.01542110172022,0.0,0.0
-0.9045000000000001,623.7668789798283,640.7933051532964,17.026426173468053,-1.1102230246251565e-16,-2.2737367544323206e-13
-0.904,623.7687298525113,640.8061611586768,17.037431306165445,0.0,0.0
-0.9035000000000001,623.7705807943571,640.8190172941715,17.048436499814443,0.0,-2.2737367544323206e-13
-0.903,623.7724318053642,640.8318735597791,17.05944175441482,-1.1102230246251565e-16,0.0
-0.9025,623.7742828855321,640.8447299554998,17.070447069967713,0.0,-2.2737367544323206e-13
-0.902,623.7761340348588,640.8575864813313,17.08145244647244,0.0,-2.2737367544323206e-13
-0.9015,623.7779852533433,640.8704431372744,17.092457883931047,0.0,0.0
-0.901,623.7798365409844,640.8832999233273,17.103463382342852,-1.1102230246251565e-16,0.0
-0.9005,623.7816878977808,640.8961568394902,17.114468941709447,0.0,-2.2737367544323206e-13
-0.9,623.7835393237308,640.9090138857619,17.12547456203106,0.0,-2.2737367544323206e-13
-0.8995,623.7853908188335,640.9218710621415,17.136480243307915,-1.1102230246251565e-16,0.0
-0.8990000000000001,623.7872423830879,640.9347283686284,17.14748598554047,-1.1102230246251565e-16,0.0
-0.8985,623.7890940164921,640.9475858052217,17.158491788729634,-1.1102230246251565e-16,0.0
-0.8979999999999999,623.7909457190451,640.9604433719212,17.16949765287609,-1.1102230246251565e-16,-2.2737367544323206e-13
-0.8975000000000001,623.7927974907457,640.9733010687257,17.180503577980062,-1.1102230246251565e-16,0.0
-0.8969999999999999,623.7946493315928,640.9861588956346,17.19150956404178,0.0,0.0
-0.8965000000000001,623.7965012415846,640.9990168526465,17.202515611061926,0.0,0.0
-0.896,623.7983532207197,641.0118749397616,17.213521719041864,-1.1102230246251565e-16,0.0
-0.8955000000000001,623.8002052689972,641.0247331569794,17.224527887982276,-1.1102230246251565e-16,-2.2737367544323206e-13
-0.895,623.802057386416,641.037591504298,17.235534117882025,-1.1102230246251565e-16,-2.2737367544323206e-13
-0.8945,623.8039095729748,641.0504499817168,17.24654040874202,0.0,0.0
-0.894,623.8057618286721,641.0633085892364,17.25754676056431,0.0,-2.2737367544323206e-13
-0.8935000000000001,623.8076141535059,641.0761673268546,17.268553173348664,-1.1102230246251565e-16,0.0
-0.893,623.8094665474762,641.0890261945715,17.27955964709531,-2.220446049250313e-16,0.0
-0.8925000000000001,623.811319010581,641.1018851923864,17.29056618180539,0.0,0.0
-0.892,623.8131715428194,641.1147443202979,17.30157277747844,0.0,0.0
-0.8915,623.8150241441897,641.1276035783055,17.312579434115833,-1.1102230246251565e-16,0.0
-0.891,623.8168768146907,641.1404629664084,17.32358615171779,-1.1102230246251565e-16,-2.2737367544323206e-13
-0.8905,623.8187295543214,641.1533224846066,17.334592930285226,-1.1102230246251565e-16,-2.2737367544323206e-13
-0.89,623.8205823630799,641.1661821328983,17.345599769818364,0.0,0.0
-0.8895000000000001,623.8224352409657,641.1790419112833,17.35660667031766,0.0,0.0
-0.889,623.8242881879769,641.1919018197609,17.367613631784025,0.0,-2.2737367544323206e-13
-0.8885000000000001,623.8261412041124,641.2047618583301,17.378620654217684,-1.1102230246251565e-16,0.0
-0.888,623.8279942893712,641.2176220269907,17.38962773761955,0.0,0.0
-0.8875000000000001,623.829847443752,641.2304823257411,17.400634881989163,-1.1102230246251565e-16,-2.2737367544323206e-13
-0.887,623.831700667253,641.2433427545811,17.41164208732812,-2.220446049250313e-16,0.0
-0.8865,623.8335539598736,641.25620331351,17.422649353636416,0.0,-2.2737367544323206e-13
-0.886,623.8354073216119,641.2690640025269,17.433656680914964,-1.1102230246251565e-16,0.0
-0.8855,623.8372607524664,641.281924821631,17.444664069164673,-2.220446049250313e-16,0.0
-0.885,623.8391142524367,641.2947857708223,17.455671518385543,-1.1102230246251565e-16,-2.2737367544323206e-13
-0.8845000000000001,623.8409678215212,641.3076468500988,17.466679028577573,-1.1102230246251565e-16,-4.547473508864641e-13
-0.884,623.8428214597179,641.3205080594605,17.477686599742583,0.0,-2.2737367544323206e-13
-0.8835000000000001,623.8446751670272,641.3333693989061,17.48869423187898,0.0,0.0
-0.883,623.846528943446,641.3462308684352,17.499701924989267,0.0,0.0
-0.8825,623.8483827889738,641.359092468048,17.510709679074125,0.0,0.0
-0.882,623.8502367036097,641.3719541977423,17.521717494132645,-1.1102230246251565e-16,-2.2737367544323206e-13
-0.8815,623.8520906873514,641.3848160575183,17.532725370166872,-1.1102230246251565e-16,0.0
-0.881,623.8539447401984,641.3976780473747,17.543733307176353,0.0,-2.2737367544323206e-13
-0.8805000000000001,623.8557988621492,641.410540167311,17.55474130516177,-1.1102230246251565e-16,0.0
-0.88,623.8576530532025,641.4234024173261,17.565749364123576,0.0,-2.2737367544323206e-13
-0.8795000000000001,623.8595073133572,641.4362647974197,17.576757484062455,0.0,0.0
-0.879,623.8613616426119,641.449127307591,17.587765664979088,-1.1102230246251565e-16,0.0
-0.8785000000000001,623.863216040965,641.4619899478391,17.598773906874158,0.0,0.0
-0.878,623.8650705084156,641.4748527181637,17.60978220974812,0.0,-2.2737367544323206e-13
-0.8775,623.8669250449625,641.4877156185632,17.620790573600743,-1.1102230246251565e-16,0.0
-0.877,623.868779650604,641.5005786490381,17.63179899843408,0.0,-2.2737367544323206e-13
-0.8765000000000001,623.8706343253393,641.5134418095861,17.64280748424676,0.0,0.0
-0.876,623.8724890691665,641.5263051002075,17.65381603104106,-1.1102230246251565e-16,-2.2737367544323206e-13
-0.8755000000000001,623.874343882085,641.5391685209015,17.664824638816526,0.0,-2.2737367544323206e-13
-0.875,623.8761987640933,641.5520320716669,17.675833307573612,1.1102230246251565e-16,-2.2737367544323206e-13
-0.8744999999999999,623.8780537151895,641.5648957525034,17.68684203731391,-1.1102230246251565e-16,-2.2737367544323206e-13
-0.8740000000000001,623.8799087353732,641.5777595634097,17.697850828036508,-1.1102230246251565e-16,0.0
-0.8734999999999999,623.8817638246428,641.5906235043853,17.708859679742545,1.1102230246251565e-16,0.0
-0.873,623.883618982997,641.6034875754303,17.719868592433386,-1.1102230246251565e-16,-2.2737367544323206e-13
-0.8724999999999999,623.885474210434,641.6163517765426,17.730877566108575,0.0,-2.2737367544323206e-13
-0.872,623.8873295069532,641.6292161077224,17.74188660076925,-1.1102230246251565e-16,-2.2737367544323206e-13
-0.8715,623.8891848725536,641.6420805689686,17.752895696414953,0.0,-2.2737367544323206e-13
-0.871,623.891040307233,641.6549451602805,17.763904853047507,0.0,-2.2737367544323206e-13
-0.8705,623.8928958109907,641.6678098816576,17.77491407066691,-1.1102230246251565e-16,-2.2737367544323206e-13
-0.87,623.8947513838252,641.6806747330986,17.78592334927339,-1.1102230246251565e-16,-4.547473508864641e-13
-0.8695,623.8966070257354,641.6935397146026,17.796932688867173,0.0,-2.2737367544323206e-13
-0.869,623.8984627367197,641.7064048261695,17.807942089449853,-1.1102230246251565e-16,-2.2737367544323206e-13
-0.8684999999999999,623.9003185167771,641.719270067799,17.818951551021883,-1.1102230246251565e-16,-2.2737367544323206e-13
-0.868,623.9021743659066,641.732135439489,17.829961073582353,0.0,-2.2737367544323206e-13
-0.8675,623.9040302841065,641.7450009412398,17.84097065713331,0.0,-2.2737367544323206e-13
-0.867,623.905886271375,641.7578665730503,17.851980301675212,0.0,-2.2737367544323206e-13
-0.8665,623.9077423277117,641.7707323349196,17.862990007207827,-1.1102230246251565e-16,-2.2737367544323206e-13
-0.866,623.9095984531152,641.7835982268466,17.873999773731384,-1.1102230246251565e-16,0.0
-0.8654999999999999,623.9114546475839,641.7964642488319,17.88500960124793,0.0,0.0
-0.8650000000000001,623.9133109111162,641.8093304008737,17.896019489757464,-2.220446049250313e-16,-2.2737367544323206e-13
-0.8644999999999999,623.915167243712,641.8221966829715,17.90702943925953,0.0,-2.2737367544323206e-13
-0.864,623.917023645369,641.835063095124,17.918039449755042,0.0,-2.2737367544323206e-13
-0.8635,623.9188801160863,641.8479296373318,17.929049521245588,0.0,-2.2737367544323206e-13
-0.863,623.9207366558624,641.8607963095924,17.94005965373003,-1.1102230246251565e-16,0.0
-0.8625,623.9225932646959,641.8736631119064,17.95106984721042,-1.1102230246251565e-16,0.0
-0.862,623.9244499425861,641.8865300442731,17.96208010168698,-1.1102230246251565e-16,-2.2737367544323206e-13
-0.8615,623.9263066895312,641.8993971066902,17.973090417159028,-1.1102230246251565e-16,-2.2737367544323206e-13
-0.861,623.9281635055306,641.9122642991588,17.98410079362816,0.0,0.0
-0.8605,623.9300203905821,641.9251316216771,17.995111231095052,-1.1102230246251565e-16,-2.2737367544323206e-13
-0.86,623.9318773446851,641.9379990742441,18.006121729559027,0.0,0.0
-0.8595,623.9337343678378,641.9508666568604,18.017132289022584,-1.1102230246251565e-16,-2.2737367544323206e-13
-0.859,623.935591460039,641.963734369524,18.02814290948504,-1.1102230246251565e-16,-2.2737367544323206e-13
-0.8585,623.9374486212876,641.9766022122349,18.039153590947308,0.0,-2.2737367544323206e-13
-0.858,623.9393058515827,641.9894701849919,18.050164333409157,-1.1102230246251565e-16,-2.2737367544323206e-13
-0.8575,623.9411631509229,642.0023382877937,18.061175136870816,0.0,0.0
-0.8570000000000001,623.943020519306,642.015206520641,18.072186001335012,0.0,-2.2737367544323206e-13
-0.8564999999999999,623.9448779567315,642.0280748835319,18.083196926800383,-1.1102230246251565e-16,0.0
-0.8560000000000001,623.9467354631984,642.040943376466,18.09420791326761,0.0,-2.2737367544323206e-13
-0.8554999999999999,623.9485930387048,642.0538119994426,18.10521896073783,0.0,-2.2737367544323206e-13
-0.855,623.9504506832493,642.066680752461,18.116230069211724,0.0,-2.2737367544323206e-13
-0.8545,623.9523083968311,642.0795496355199,18.12724123868884,0.0,-2.2737367544323206e-13
-0.854,623.9541661794492,642.0924186486195,18.13825246917031,-1.1102230246251565e-16,-2.2737367544323206e-13
-0.8535,623.9560240311014,642.1052877917584,18.14926376065705,0.0,0.0
-0.8530000000000001,623.9578819517869,642.1181570649362,18.160275113149282,0.0,0.0
-0.8525,623.9597399415047,642.1310264681515,18.17128652664678,-1.1102230246251565e-16,0.0
-0.852,623.9615980002536,642.1438960014041,18.182298001150457,0.0,-2.2737367544323206e-13
-0.8515,623.9634561280313,642.1567656646932,18.1933095366619,-1.1102230246251565e-16,-2.2737367544323206e-13
-0.851,623.9653143248374,642.1696354580183,18.204321133180883,-1.1102230246251565e-16,-2.2737367544323206e-13
-0.8505,623.9671725906703,642.1825053813777,18.215332790707407,-1.1102230246251565e-16,-2.2737367544323206e-13
-0.85,623.9690309255291,642.1953754347717,18.226344509242608,1.1102230246251565e-16,-2.2737367544323206e-13
-0.8495,623.9708893294123,642.208245618199,18.237356288786714,0.0,-2.2737367544323206e-13
-0.849,623.972747802318,642.2211159316591,18.248368129341088,-1.1102230246251565e-16,0.0
-0.8485,623.9746063442462,642.2339863751508,18.259380030904595,-1.1102230246251565e-16,0.0
-0.8480000000000001,623.9764649551948,642.2468569486741,18.27039199347928,-1.1102230246251565e-16,-2.2737367544323206e-13
-0.8474999999999999,623.978323635162,642.2597276522274,18.28140401706537,0.0,-2.2737367544323206e-13
-0.8470000000000001,623.9801823841483,642.2725984858105,18.292416101662184,-1.1102230246251565e-16,0.0
-0.8465,623.9820412021506,642.2854694494226,18.303428247271995,-1.1102230246251565e-16,-2.2737367544323206e-13
-0.846,623.9839000891684,642.2983405430625,18.31444045389412,0.0,-2.2737367544323206e-13
-0.8455,623.9857590452004,642.3112117667304,18.325452721529928,1.1102230246251565e-16,-2.2737367544323206e-13
-0.845,623.9876180702449,642.3240831204241,18.336465050179186,0.0,-2.2737367544323206e-13
-0.8445,623.989477164301,642.336954604144,18.347477439843033,-1.1102230246251565e-16,2.2737367544323206e-13
-0.8440000000000001,623.9913363273677,642.3498262178891,18.35848989052147,0.0,0.0
-0.8435,623.9931955594432,642.3626979616588,18.36950240221563,0.0,0.0
-0.843,623.9950548605264,642.3755698354521,18.380514974925745,-1.1102230246251565e-16,0.0
-0.8425,623.9969142306163,642.3884418392677,18.39152760865136,0.0,0.0
-0.842,623.9987736697108,642.401313973106,18.4025403033952,-1.1102230246251565e-16,0.0
-0.8415,624.0006331778097,642.4141862369652,18.413553059155447,-1.1102230246251565e-16,0.0
-0.841,624.0024927549116,642.4270586308453,18.424565875933695,0.0,-2.2737367544323206e-13
-0.8405,624.0043524010141,642.439931154745,18.43557875373085,-1.1102230246251565e-16,-2.2737367544323206e-13
-0.8400000000000001,624.0062121161168,642.4528038086644,18.4465916925476,0.0,-2.2737367544323206e-13
-0.8395,624.0080719002185,642.4656765926009,18.457604692382347,0.0,0.0
-0.8390000000000001,624.0099317533175,642.4785495065562,18.468617753238732,0.0,-2.2737367544323206e-13
-0.8384999999999999,624.0117916754127,642.4914225505277,18.479630875114935,-1.1102230246251565e-16,-2.2737367544323206e-13
-0.8380000000000001,624.0136516665032,642.5042957245153,18.490644058012094,0.0,0.0
-0.8375,624.015511726587,642.5171690285181,18.501657301931118,-1.1102230246251565e-16,-2.2737367544323206e-13
-0.837,624.0173718556632,642.5300424625359,18.51267060687269,-1.1102230246251565e-16,-2.2737367544323206e-13
-0.8365,624.0192320537305,642.5429160265671,18.52368397283658,-1.1102230246251565e-16,-2.2737367544323206e-13
-0.8360000000000001,624.0210923207883,642.5557897206113,18.534697399823017,0.0,-2.2737367544323206e-13
-0.8355,624.0229526568337,642.5686635446677,18.545710887834048,-1.1102230246251565e-16,0.0
-0.8350000000000001,624.0248130618666,642.581537498736,18.556724436869445,-1.1102230246251565e-16,0.0
-0.8345,624.026673535886,642.5944115828147,18.567738046928753,-1.1102230246251565e-16,-2.2737367544323206e-13
-0.834,624.0285340788898,642.6072857969036,18.57875171801379,0.0,0.0
-0.8335000000000001,624.0303946908771,642.6201601410016,18.58976545012456,-1.1102230246251565e-16,-2.2737367544323206e-13
-0.833,624.0322553718468,642.6330346151083,18.600779243261513,-1.1102230246251565e-16,-2.2737367544323206e-13
-0.8325,624.0341161217966,642.6459092192224,18.61179309742579,0.0,0.0
-0.832,624.0359769407266,642.6587839533438,18.62280701261716,0.0,-2.2737367544323206e-13
-0.8315,624.037837828635,642.6716588174713,18.633820988836305,-1.1102230246251565e-16,-2.2737367544323206e-13
-0.8310000000000001,624.0396987855206,642.6845338116038,18.64483502608323,0.0,-2.2737367544323206e-13
-0.8305,624.0415598113816,642.6974089357411,18.65584912435952,0.0,0.0
-0.8300000000000001,624.0434209062171,642.7102841898825,18.666863283665407,0.0,2.2737367544323206e-13
-0.8295,624.0452820700261,642.7231595740272,18.677877504001117,-1.1102230246251565e-16,0.0
-0.8290000000000001,624.047143302807,642.7360350881743,18.688891785367332,0.0,-2.2737367544323206e-13
-0.8285,624.0490046045581,642.7489107323233,18.69990612776519,0.0,-2.2737367544323206e-13
-0.828,624.0508659752788,642.7617865064726,18.71092053119378,0.0,0.0
-0.8275,624.0527274149681,642.7746624106221,18.72193499565401,-1.1102230246251565e-16,0.0
-0.8270000000000001,624.0545889236239,642.7875384447714,18.732949521147475,-1.1102230246251565e-16,0.0
-0.8265,624.0564505012453,642.8004146089193,18.743964107673946,-1.1102230246251565e-16,-2.2737367544323206e-13
-0.8260000000000001,624.058312147831,642.8132909030642,18.754978755233196,0.0,0.0
-0.8255,624.06017386338,642.826167327207,18.765993463827044,0.0,-2.2737367544323206e-13
-0.825,624.0620356478901,642.8390438813462,18.777008233456172,-1.1102230246251565e-16,-2.2737367544323206e-13
-0.8245000000000001,624.0638975013612,642.8519205654804,18.788023064119216,-1.1102230246251565e-16,0.0
-0.824,624.0657594237912,642.8647973796099,18.799037955818676,0.0,0.0
-0.8235,624.067621415179,642.8776743237336,18.810052908554553,0.0,-2.2737367544323206e-13
-0.8230000000000001,624.0694834755238,642.8905513978498,18.821067922325938,0.0,0.0
-0.8225,624.0713456048238,642.9034286019591,18.83208299713533,0.0,0.0
-0.8220000000000001,624.073207803078,642.9163059360599,18.843098132981822,0.0,-2.2737367544323206e-13
-0.8215,624.0750700702852,642.9291834001519,18.854113329866777,0.0,0.0
-0.8210000000000001,624.0769324064433,642.9420609942342,18.865128587790878,0.0,-2.2737367544323206e-13
-0.8205,624.0787948115519,642.954938718306,18.876143906754123,-1.1102230246251565e-16,0.0
-0.82,624.0806572856097,642.967816572366,18.887159286756287,0.0,0.0
-0.8195,624.0825198286152,642.9806945564144,18.898174727799187,-1.1102230246251565e-16,0.0
-0.819,624.084382440567,642.9935726704498,18.909190229882824,-1.1102230246251565e-16,0.0
-0.8185,624.0862451214641,643.006450914472,18.92020579300788,-1.1102230246251565e-16,-2.2737367544323206e-13
-0.8180000000000001,624.0881078713048,643.0193292884796,18.93122141717481,0.0,-2.2737367544323206e-13
-0.8175,624.089970690088,643.0322077924723,18.942237102384297,0.0,-2.2737367544323206e-13
-0.8170000000000001,624.0918335778128,643.045086426449,18.95325284863611,0.0,0.0
-0.8165000000000001,624.0936965344779,643.0579651904088,18.964268655930937,0.0,-2.2737367544323206e-13
-0.816,624.0955595600815,643.0708440843516,18.975284524270137,0.0,-2.2737367544323206e-13
-0.8155,624.0974226546225,643.083723108276,18.986300453653485,-1.1102230246251565e-16,-2.2737367544323206e-13
-0.815,624.0992858180996,643.0966022621817,18.997316444082117,-1.1102230246251565e-16,0.0
-0.8145,624.1011490505123,643.1094815460679,19.008332495555578,-1.1102230246251565e-16,0.0
-0.8140000000000001,624.1030123518581,643.1223609599333,19.019348608075234,-1.1102230246251565e-16,0.0
-0.8135,624.1048757221365,643.1352405037776,19.030364781641083,-1.1102230246251565e-16,-2.2737367544323206e-13
-0.8130000000000001,624.1067391613462,643.1481201775998,19.04138101625358,0.0,0.0
-0.8125,624.1086026694857,643.1609999813998,19.052397311914092,0.0,-2.2737367544323206e-13
-0.812,624.1104662465532,643.1738799151758,19.063413668622616,-1.1102230246251565e-16,-2.2737367544323206e-13
-0.8115,624.1123298925488,643.1867599789275,19.074430086378698,0.0,0.0
-0.8109999999999999,624.1141936074698,643.1996401726542,19.085446565184384,0.0,-2.2737367544323206e-13
-0.8105,624.1160573913164,643.2125204963554,19.096463105038993,0.0,-2.2737367544323206e-13
-0.81,624.1179212440859,643.2254009500298,19.107479705943888,-1.1102230246251565e-16,0.0
-0.8095,624.1197851657773,643.2382815336771,19.118496367899752,-1.1102230246251565e-16,0.0
-0.809,624.1216491563898,643.2511622472964,19.129513090906585,-1.1102230246251565e-16,0.0
-0.8085,624.1235132159225,643.2640430908866,19.14052987496416,0.0,-2.2737367544323206e-13
-0.8079999999999999,624.125377344373,643.2769240644475,19.15154672007452,-1.1102230246251565e-16,0.0
-0.8075000000000001,624.1272415417407,643.2898051679774,19.16256362623676,0.0,0.0
-0.8069999999999999,624.1291058080244,643.3026864014766,19.173580593452243,0.0,0.0
-0.8065,624.1309701432226,643.315567764944,19.184597621721423,-1.1102230246251565e-16,0.0
-0.806,624.1328345473346,643.3284492583787,19.195614711044072,1.1102230246251565e-16,0.0
-0.8055,624.1346990203581,643.3413308817799,19.206631861421783,0.0,0.0
-0.805,624.1365635622922,643.354212635147,19.217649072854783,-1.1102230246251565e-16,-2.2737367544323206e-13
-0.8045,624.1384281731357,643.3670945184792,19.228666345343527,0.0,-2.2737367544323206e-13
-0.804,624.1402928528878,643.3799765317751,19.23968367888733,0.0,0.0
-0.8035,624.1421576015468,643.3928586750349,19.250701073488017,0.0,-2.2737367544323206e-13
-0.803,624.1440224191115,643.4057409482575,19.261718529146037,0.0,-2.2737367544323206e-13
-0.8025,624.1458873055801,643.4186233514417,19.27273604586162,-1.1102230246251565e-16,0.0
-0.8019999999999999,624.1477522609521,643.431505884588,19.283753623635903,-1.1102230246251565e-16,-4.547473508864641e-13
-0.8015,624.1496172852262,643.4443885476935,19.294771262467293,-1.1102230246251565e-16,-2.2737367544323206e-13
-0.801,624.1514823784003,643.4572713407595,19.305788962359202,0.0,0.0
-0.8005,624.1533475404742,643.4701542637838,19.316806723309583,-1.1102230246251565e-16,0.0
-0.8,624.1552127714456,643.483037316767,19.32782454532139,-1.1102230246251565e-16,0.0
-0.7995000000000001,624.1570780713141,643.4959204997072,19.338842428393036,0.0,0.0
-0.7989999999999999,624.1589434400785,643.5088038126037,19.3498603725252,0.0,-2.2737367544323206e-13
-0.7985000000000001,624.1608088777361,643.5216872554565,19.360878377720383,-1.1102230246251565e-16,-2.2737367544323206e-13
-0.7979999999999999,624.1626743842871,643.5345708282641,19.371896443976993,0.0,0.0
-0.7975,624.1645399597298,643.547454531026,19.38291457129617,-1.1102230246251565e-16,0.0
-0.797,624.1664056040627,643.5603383637413,19.39393275967859,-1.1102230246251565e-16,0.0
-0.7965,624.1682713172852,643.5732223264095,19.40495100912426,0.0,-2.2737367544323206e-13
-0.796,624.1701370993951,643.5861064190294,19.415969319634314,-1.1102230246251565e-16,-2.2737367544323206e-13
-0.7955,624.1720029503917,643.5989906416007,19.42698769120898,0.0,0.0
-0.795,624.1738688702733,643.6118749941231,19.438006123849846,-1.1102230246251565e-16,-2.2737367544323206e-13
-0.7945,624.1757348590393,643.6247594765944,19.449024617555096,0.0,0.0
-0.794,624.1776009166879,643.6376440890147,19.460043172326777,-1.1102230246251565e-16,0.0
-0.7935,624.179467043218,643.6505288313833,19.471061788165343,0.0,0.0
-0.793,624.181333238628,643.6634137036995,19.482080465071476,-1.1102230246251565e-16,-2.2737367544323206e-13
-0.7925,624.1831995029172,643.6762987059622,19.49309920304495,-1.1102230246251565e-16,-2.2737367544323206e-13
-0.792,624.1850658360843,643.68918383817,19.50411800208576,0.0,0.0
-0.7915,624.1869322381274,643.7020691003231,19.51513686219573,-1.1102230246251565e-16,2.2737367544323206e-13
-0.791,624.1887987090458,643.7149544924209,19.52615578337509,0.0,0.0
-0.7905000000000001,624.1906652488381,643.7278400144628,19.53717476562474,0.0,-2.2737367544323206e-13
-0.7899999999999999,624.1925318575024,643.7407256664462,19.54819380894378,-1.1102230246251565e-16,0.0
-0.7895,624.1943985350388,643.7536114483726,19.559212913333795,-1.1102230246251565e-16,-2.2737367544323206e-13
-0.789,624.1962652814445,643.7664973602398,19.570232078795243,0.0,0.0
-0.7885,624.1981320967195,643.7793834020472,19.58125130532767,-1.1102230246251565e-16,-2.2737367544323206e-13
-0.788,624.1999989808619,643.7922695737946,19.592270592932664,0.0,-2.2737367544323206e-13
-0.7875,624.2018659338701,643.805155875481,19.60328994161091,0.0,-2.2737367544323206e-13
-0.787,624.2037329557438,643.8180423071049,19.614309351361044,-1.1102230246251565e-16,-2.2737367544323206e-13
-0.7865000000000001,624.2056000464809,643.8309288686667,19.625328822185793,-1.1102230246251565e-16,0.0
-0.786,624.2074672060805,643.8438155601643,19.636348354083793,0.0,0.0
-0.7855,624.2093344345408,643.856702381599,19.64736794705823,-1.1102230246251565e-16,-2.2737367544323206e-13
-0.7849999999999999,624.2112017318611,643.869589332968,19.658387601106824,-1.1102230246251565e-16,-2.2737367544323206e-13
-0.7845,624.2130690980407,643.8824764142714,19.669407316230718,-1.1102230246251565e-16,-2.2737367544323206e-13
-0.784,624.2149365330768,643.895363625508,19.680427092431273,0.0,0.0
-0.7835,624.2168040369695,643.9082509666778,19.691446929708263,0.0,-2.2737367544323206e-13
-0.783,624.2186716097165,643.9211384377791,19.702466828062597,0.0,-2.2737367544323206e-13
-0.7825000000000001,624.2205392513172,643.9340260388119,19.71348678749473,-1.1102230246251565e-16,0.0
-0.782,624.2224069617703,643.9469137697749,19.724506808004662,-1.1102230246251565e-16,-2.2737367544323206e-13
-0.7815000000000001,624.2242747410739,643.9598016306677,19.735526889593757,-1.1102230246251565e-16,0.0
-0.7809999999999999,624.226142589228,643.9726896214895,19.74654703226156,0.0,-2.2737367544323206e-13
-0.7805,624.2280105062296,643.985577742239,19.757567236009436,-1.1102230246251565e-16,-2.2737367544323206e-13
-0.78,624.2298784920786,643.998465992916,19.768587500837384,-1.1102230246251565e-16,-4.547473508864641e-13
-0.7795,624.2317465467738,644.0113543735192,19.779607826745405,0.0,-2.2737367544323206e-13
-0.779,624.2336146703133,644.0242428840488,19.790628213735545,-1.1102230246251565e-16,0.0
-0.7785,624.2354828626965,644.0371315245029,19.80164866180644,0.0,-2.2737367544323206e-13
-0.778,624.2373511239216,644.0500202948815,19.812669170959907,0.0,0.0
-0.7775000000000001,624.2392194539873,644.0629091951835,19.823689741196176,0.0,-2.2737367544323206e-13
-0.777,624.2410878528926,644.0757982254081,19.834710372515474,0.0,-2.2737367544323206e-13
-0.7765,624.2429563206365,644.0886873855543,19.8457310649178,-1.1102230246251565e-16,-2.2737367544323206e-13
-0.776,624.2448248572168,644.101576675622,19.8567518184052,0.0,0.0
-0.7755,624.246693462633,644.1144660956102,19.86777263297722,-1.1102230246251565e-16,0.0
-0.775,624.2485621368837,644.1273556455174,19.878793508633635,0.0,0.0
-0.7745,624.250430879968,644.140245325344,19.889814445376032,0.0,-2.2737367544323206e-13
-0.774,624.2522996918838,644.1531351350884,19.90083544320464,-2.220446049250313e-16,0.0
-0.7735000000000001,624.2541685726305,644.1660250747502,19.91185650211969,-1.1102230246251565e-16,0.0
-0.7729999999999999,624.2560375222063,644.1789151443286,19.922877622122314,0.0,-2.2737367544323206e-13
-0.7725000000000001,624.2579065406098,644.1918053438219,19.93389880321206,-1.1102230246251565e-16,0.0
-0.772,624.2597756278408,644.2046956732304,19.94492004538961,-1.1102230246251565e-16,0.0
-0.7715000000000001,624.2616447838975,644.2175861325536,19.955941348656097,0.0,-2.2737367544323206e-13
-0.771,624.2635140087782,644.2304767217895,19.9669627130113,0.0,-2.2737367544323206e-13
-0.7705,624.2653833024815,644.243367440939,19.977984138457487,-1.1102230246251565e-16,-2.2737367544323206e-13
-0.77,624.2672526650074,644.2562582899993,19.989005624991933,-1.1102230246251565e-16,0.0
-0.7695000000000001,624.2691220963534,644.2691492689708,20.000027172617365,1.1102230246251565e-16,0.0
-0.769,624.2709915965183,644.2820403778528,20.011048781334466,-2.220446049250313e-16,-2.2737367544323206e-13
-0.7685,624.272861165502,644.2949316166441,20.0220704511421,0.0,-2.2737367544323206e-13
-0.768,624.2747308033013,644.3078229853443,20.033092182042992,-1.1102230246251565e-16,0.0
-0.7675,624.2766005099168,644.3207144839523,20.044113974035554,0.0,0.0
-0.7670000000000001,624.2784702853464,644.3336061124676,20.05513582712115,0.0,0.0
-0.7665,624.2803401295885,644.3464978708894,20.066157741300913,1.1102230246251565e-16,-2.2737367544323206e-13
-0.766,624.2822100426424,644.3593897592166,20.077179716574165,0.0,0.0
-0.7655,624.2840800245069,644.3722817774487,20.088201752941814,0.0,0.0
-0.765,624.2859500751797,644.3851739255847,20.099223850404996,0.0,-2.2737367544323206e-13
-0.7645000000000001,624.287820194661,644.398066203624,20.11024600896303,-1.1102230246251565e-16,-2.2737367544323206e-13
-0.7639999999999999,624.2896903829487,644.4109586115662,20.12126822861751,0.0,-2.2737367544323206e-13
-0.7635000000000001,624.2915606400416,644.4238511494095,20.132290509367976,-1.1102230246251565e-16,0.0
-0.763,624.2934309659383,644.4367438171544,20.143312851216024,0.0,-2.2737367544323206e-13
-0.7625000000000001,624.295301360638,644.4496366147989,20.15433525416097,-1.1102230246251565e-16,0.0
-0.762,624.2971718241392,644.4625295423432,20.16535771820395,0.0,-2.2737367544323206e-13
-0.7615,624.2990423564406,644.4754225997858,20.176380243345193,-1.1102230246251565e-16,-2.2737367544323206e-13
-0.761,624.300912957541,644.4883157871261,20.187402829585153,0.0,-2.2737367544323206e-13
-0.7605000000000001,624.3027836274387,644.5012091043636,20.198425476924967,-1.1102230246251565e-16,-2.2737367544323206e-13
-0.76,624.3046543661328,644.5141025514972,20.20944818536441,-1.1102230246251565e-16,-2.2737367544323206e-13
-0.7595,624.3065251736225,644.5269961285264,20.22047095490393,0.0,0.0
-0.759,624.3083960499057,644.5398898354504,20.23149378554467,-1.1102230246251565e-16,0.0
-0.7585,624.3102669949812,644.5527836722686,20.242516677287313,0.0,0.0
-0.758,624.3121380088483,644.5656776389799,20.253539630131627,0.0,-2.2737367544323206e-13
-0.7575,624.314009091506,644.578571735583,20.264562644076932,-1.1102230246251565e-16,0.0
-0.757,624.3158802429521,644.5914659620785,20.27558571912641,0.0,0.0
-0.7565000000000001,624.3177514631857,644.6043603184642,20.286608855278473,0.0,-2.2737367544323206e-13
-0.756,624.3196227522053,644.61725480474,20.29763205253471,0.0,0.0
-0.7555000000000001,624.32149411001,644.6301494209054,20.308655310895347,-1.1102230246251565e-16,0.0
-0.755,624.3233655365987,644.6430441669586,20.31967863035993,0.0,0.0
-0.7545000000000001,624.3252370319697,644.6559390429004,20.330702010930736,-1.1102230246251565e-16,-2.2737367544323206e-13
-0.754,624.3271085961217,644.6688340487285,20.341725452606852,0.0,-2.2737367544323206e-13
-0.7535000000000001,624.3289802290537,644.6817291844425,20.352748955388734,0.0,0.0
-0.753,624.3308519307643,644.6946244500427,20.363772519278427,-1.1102230246251565e-16,-2.2737367544323206e-13
-0.7525000000000001,624.3327237012527,644.7075198455266,20.374796144273887,0.0,0.0
-0.752,624.3345955405168,644.7204153708944,20.385819830377613,-1.1102230246251565e-16,0.0
-0.7515000000000001,624.336467448556,644.7333110261457,20.396843577589607,-1.1102230246251565e-16,0.0
-0.751,624.3383394253685,644.7462068112789,20.407867385910322,-1.1102230246251565e-16,-2.2737367544323206e-13
-0.7505,624.3402114709538,644.7591027262936,20.41889125533976,0.0,0.0
-0.7500000000000001,624.3420835853099,644.7719987711889,20.429915185879054,-1.1102230246251565e-16,-2.2737367544323206e-13
-0.7494999999999999,624.3439557684358,644.7848949459644,20.440939177528662,0.0,-2.2737367544323206e-13
-0.749,624.3458280203301,644.7977912506187,20.451963230288584,-1.1102230246251565e-16,0.0
-0.7484999999999999,624.3477003409912,644.8106876851516,20.46298734416041,-1.1102230246251565e-16,0.0
-0.748,624.3495727304191,644.8235842495617,20.47401151914255,0.0,-2.2737367544323206e-13
-0.7475,624.3514451886117,644.8364809438488,20.48503575523705,0.0,-2.2737367544323206e-13
-0.747,624.3533177155675,644.8493777680114,20.49606005244391,-1.1102230246251565e-16,-2.2737367544323206e-13
-0.7465,624.3551903112857,644.8622747220493,20.507084410763582,-1.1102230246251565e-16,0.0
-0.746,624.3570629757644,644.8751718059618,20.518108830197434,0.0,0.0
-0.7455,624.3589357090034,644.888069019748,20.529133310744555,-1.1102230246251565e-16,-2.2737367544323206e-13
-0.745,624.360808511,644.900966363407,20.540157852406992,-1.1102230246251565e-16,0.0
-0.7445,624.3626813817539,644.9138638369379,20.551182455184062,0.0,-2.2737367544323206e-13
-0.744,624.3645543212644,644.92676144034,20.562207119075538,1.1102230246251565e-16,0.0
-0.7435,624.3664273295287,644.9396591736129,20.573231844084148,-1.1102230246251565e-16,-2.2737367544323206e-13
-0.743,624.3683004065467,644.952557036755,20.5842566302083,0.0,0.0
-0.7424999999999999,624.3701735523164,644.9654550297666,20.59528147745027,-1.1102230246251565e-16,-2.2737367544323206e-13
-0.742,624.3720467668377,644.9783531526459,20.60630638580824,0.0,0.0
-0.7414999999999999,624.3739200501075,644.9912514053931,20.617331355285614,0.0,-2.2737367544323206e-13
-0.7410000000000001,624.375793402126,645.0041497880065,20.62835638588058,-1.1102230246251565e-16,0.0
-0.7404999999999999,624.3776668228923,645.0170483004854,20.639381477593133,-1.1102230246251565e-16,-2.2737367544323206e-13
-0.74,624.3795403124032,645.0299469428301,20.650406630426914,-1.1102230246251565e-16,-2.2737367544323206e-13
-0.7395,624.3814138706591,645.0428457150383,20.661431844379194,-1.1102230246251565e-16,-2.2737367544323206e-13
-0.739,624.3832874976583,645.0557446171099,20.672457119451565,-1.1102230246251565e-16,0.0
-0.7385,624.3851611933992,645.0686436490444,20.683482455645162,0.0,0.0
-0.738,624.3870349578813,645.0815428108406,20.694507852959305,0.0,-2.2737367544323206e-13
-0.7375,624.388908791102,645.0944421024976,20.705533311395584,0.0,0.0
-0.737,624.3907826930613,645.1073415240155,20.716558830954227,-2.220446049250313e-16,-2.2737367544323206e-13
-0.7365,624.3926566637579,645.1202410753924,20.727584411634552,0.0,0.0
-0.736,624.3945307031893,645.1331407566286,20.738610053439288,0.0,-2.2737367544323206e-13
-0.7355,624.3964048113553,645.1460405677224,20.74963575636707,0.0,0.0
-0.735,624.3982789882546,645.1589405086729,20.760661520418353,0.0,0.0
-0.7345,624.4001532338857,645.1718405794804,20.771687345594728,-1.1102230246251565e-16,0.0
-0.734,624.4020275482476,645.1847407801433,20.78271323189574,-1.1102230246251565e-16,-2.2737367544323206e-13
-0.7334999999999999,624.4039019313384,645.1976411106609,20.79373917932253,-1.1102230246251565e-16,-2.2737367544323206e-13
-0.7330000000000001,624.4057763831574,645.2105415710325,20.80476518787509,0.0,0.0
-0.7324999999999999,624.4076509037031,645.2234421612573,20.81579125755411,0.0,0.0
-0.7320000000000001,624.4095254929744,645.2363428813344,20.82681738836004,-1.1102230246251565e-16,-2.2737367544323206e-13
-0.7314999999999999,624.4114001509697,645.2492437312633,20.837843580293566,0.0,0.0
-0.731,624.4132748776888,645.2621447110432,20.848869833354456,-1.1102230246251565e-16,-2.2737367544323206e-13
-0.7305,624.4151496731288,645.2750458206729,20.859896147544077,0.0,-2.2737367544323206e-13
-0.73,624.4170245372895,645.2879470601517,20.8709225228622,-1.1102230246251565e-16,0.0
-0.7295,624.4188994701692,645.3008484294794,20.881948959310193,-1.1102230246251565e-16,0.0
-0.7290000000000001,624.4207744717673,645.3137499286547,20.89297545688737,-1.1102230246251565e-16,-2.2737367544323206e-13
-0.7285,624.4226495420817,645.3266515576765,20.90400201559487,-1.1102230246251565e-16,-2.2737367544323206e-13
-0.728,624.4245246811117,645.3395533165447,20.91502863543292,-1.1102230246251565e-16,0.0
-0.7275,624.4263998888559,645.3524552052581,20.9260553164022,0.0,-2.2737367544323206e-13
-0.727,624.4282751653132,645.3653572238163,20.937082058503165,0.0,-2.2737367544323206e-13
-0.7265000000000001,624.4301505104816,645.3782593722183,20.948108861736728,0.0,-2.2737367544323206e-13
-0.726,624.43202592436,645.3911616504633,20.95913572610334,0.0,-2.2737367544323206e-13
-0.7255,624.4339014069483,645.4040640585501,20.970162651601868,-1.1102230246251565e-16,0.0
-0.725,624.4357769582439,645.4169665964785,20.981189638234582,-2.220446049250313e-16,-2.2737367544323206e-13
-0.7244999999999999,624.4376525782468,645.4298692642476,20.992216686000802,0.0,0.0
-0.7240000000000001,624.4395282669541,645.4427720618564,21.003243794902346,0.0,-2.2737367544323206e-13
-0.7234999999999999,624.441404024366,645.455674989304,21.014270964938078,-1.1102230246251565e-16,0.0
-0.723,624.4432798504806,645.4685780465902,21.02529819610959,-1.1102230246251565e-16,0.0
-0.7225,624.4451557452967,645.4814812337136,21.036325488416878,0.0,0.0
-0.722,624.4470317088126,645.4943845506739,21.04735284186131,1.1102230246251565e-16,0.0
-0.7215,624.4489077410278,645.5072879974696,21.05838025644175,-1.1102230246251565e-16,0.0
-0.721,624.4507838419408,645.5201915741006,21.06940773215979,0.0,0.0
-0.7205,624.45266001155,645.5330952805662,21.080435269016107,-1.1102230246251565e-16,-2.2737367544323206e-13
-0.7200000000000001,624.4545362498548,645.5459991168652,21.091462867010478,-1.1102230246251565e-16,-2.2737367544323206e-13
-0.7195,624.4564125568536,645.5589030829965,21.1024905261429,0.0,0.0
-0.719,624.4582889325452,645.57180717896,21.113518246414742,-1.1102230246251565e-16,0.0
-0.7185,624.4601653769278,645.5847114047544,21.124546027826682,-1.1102230246251565e-16,-2.2737367544323206e-13
-0.718,624.4620418900006,645.5976157603795,21.13557387037895,0.0,-2.2737367544323206e-13
-0.7175000000000001,624.4639184717623,645.6105202458339,21.14660177407154,1.1102230246251565e-16,-2.2737367544323206e-13
-0.717,624.4657951222114,645.6234248611167,21.15762973890537,-1.1102230246251565e-16,0.0
-0.7164999999999999,624.467671841347,645.6363296062282,21.168657764881118,-1.1102230246251565e-16,0.0
-0.7160000000000001,624.4695486291675,645.6492344811661,21.179685851998556,-1.1102230246251565e-16,0.0
-0.7154999999999999,624.4714254856726,645.6621394859308,21.19071400025814,0.0,0.0
-0.7150000000000001,624.4733024108598,645.6750446205215,21.20174220966169,-1.1102230246251565e-16,-2.2737367544323206e-13
-0.7144999999999999,624.4751794047284,645.6879498849364,21.212770480208064,-1.1102230246251565e-16,-2.2737367544323206e-13
-0.714,624.4770564672772,645.7008552791754,21.223798811898178,-1.1102230246251565e-16,0.0
-0.7135,624.4789335985045,645.7137608032374,21.234827204732937,0.0,0.0
-0.713,624.4808107984097,645.7266664571221,21.245855658712344,0.0,-2.2737367544323206e-13
-0.7125,624.4826880669907,645.7395722408285,21.25688417383776,0.0,0.0
-0.712,624.4845654042467,645.7524781543555,21.267912750108735,-1.1102230246251565e-16,-2.2737367544323206e-13
-0.7115,624.4864428101771,645.7653841977026,21.278941387525492,-1.1102230246251565e-16,0.0
-0.7110000000000001,624.4883202847793,645.778290370869,21.289970086089625,-2.220446049250313e-16,-2.2737367544323206e-13
-0.7105,624.4901978280532,645.7911966738536,21.30099884580045,-1.1102230246251565e-16,0.0
-0.71,624.492075439997,645.8041031066562,21.312027666659105,0.0,0.0
-0.7095000000000001,624.4939531206094,645.8170096692756,21.323056548666273,-1.1102230246251565e-16,-2.2737367544323206e-13
-0.709,624.4958308698888,645.8299163617107,21.334085491821952,0.0,0.0
-0.7085000000000001,624.4977086878353,645.8428231839616,21.34511449612637,0.0,-2.2737367544323206e-13
-0.708,624.4995865744459,645.8557301360268,21.356143561580893,-1.1102230246251565e-16,-2.2737367544323206e-13
-0.7074999999999999,624.5014645297206,645.8686372179056,21.367172688185065,-1.1102230246251565e-16,0.0
-0.7070000000000001,624.5033425536578,645.8815444295972,21.37820187593934,0.0,0.0
-0.7064999999999999,624.5052206462558,645.8944517711011,21.38923112484531,0.0,-2.2737367544323206e-13
-0.7060000000000001,624.5070988075142,645.9073592424163,21.400260434902066,0.0,0.0
-0.7055,624.5089770374307,645.9202668435419,21.4112898061112,-1.1102230246251565e-16,0.0
-0.705,624.5108553360046,645.9331745744773,21.42231923847271,-1.1102230246251565e-16,-2.2737367544323206e-13
-0.7045,624.5127337032352,645.9460824352213,21.433348731986143,0.0,0.0
-0.704,624.5146121391201,645.9589904257734,21.44437828665332,0.0,-2.2737367544323206e-13
-0.7035,624.5164906436585,645.9718985461334,21.455407902474917,0.0,-2.2737367544323206e-13
-0.7030000000000001,624.5183692168494,645.9848067962996,21.466437579450258,-1.1102230246251565e-16,-2.2737367544323206e-13
-0.7025,624.5202478586912,645.9977151762714,21.47746731758025,-1.1102230246251565e-16,0.0
-0.7020000000000001,624.522126569183,646.0106236860481,21.48849711686512,-1.1102230246251565e-16,0.0
-0.7015,624.524005348323,646.0235323256293,21.499526977306232,-1.1102230246251565e-16,0.0
-0.701,624.5258841961108,646.0364410950135,21.510556898902678,-1.1102230246251565e-16,-2.2737367544323206e-13
-0.7005000000000001,624.5277631125446,646.0493499942006,21.52158688165605,0.0,0.0
-0.7,624.5296420976229,646.0622590231892,21.532616925566344,-1.1102230246251565e-16,0.0
-0.6995000000000001,624.531521151345,646.075168181979,21.54364703063402,-1.1102230246251565e-16,0.0
-0.6990000000000001,624.533400273709,646.0880774705688,21.554677196859757,0.0,0.0
-0.6984999999999999,624.535279464714,646.1009868889585,21.565707424244465,0.0,-2.2737367544323206e-13
-0.6980000000000001,624.5371587243587,646.1138964371462,21.576737712787462,0.0,-4.547473508864641e-13
-0.6974999999999999,624.5390380526424,646.1268061151313,21.587768062488976,-1.1102230246251565e-16,0.0
-0.6970000000000001,624.5409174495628,646.1397159229143,21.598798473351508,0.0,-2.2737367544323206e-13
-0.6965,624.5427969151192,646.1526258604927,21.609828945373465,-1.1102230246251565e-16,0.0
-0.696,624.5446764493106,646.1655359278668,21.620859478556213,0.0,0.0
-0.6955,624.546556052135,646.1784461250354,21.631890072900433,0.0,0.0
-0.695,624.5484357235916,646.1913564519982,21.64292072840658,-1.1102230246251565e-16,-2.2737367544323206e-13
-0.6945,624.5503154636792,646.2042669087537,21.653951445074426,0.0,0.0
-0.6940000000000001,624.5521952723966,646.217177495301,21.664982222904428,0.0,-2.2737367544323206e-13
-0.6935,624.5540751497424,646.2300882116401,21.67601306189772,0.0,0.0
-0.6930000000000001,624.5559550957153,646.24299905777,21.68704396205476,1.1102230246251565e-16,-2.2737367544323206e-13
-0.6925000000000001,624.557835110314,646.2559100336896,21.698074923375543,0.0,-2.2737367544323206e-13
-0.692,624.5597151935372,646.2688211393977,21.70910594586053,-1.1102230246251565e-16,-2.2737367544323206e-13
-0.6915000000000001,624.5615953453839,646.2817323748943,21.720137029510397,0.0,0.0
-0.691,624.5634755658527,646.2946437401786,21.73116817432583,0.0,-2.2737367544323206e-13
-0.6905000000000001,624.565355854942,646.3075552352493,21.742199380307284,-1.1102230246251565e-16,0.0
-0.6900000000000001,624.5672362126516,646.3204668601059,21.753230647454302,-1.1102230246251565e-16,0.0
-0.6894999999999999,624.5691166389793,646.3333786147471,21.764261975767795,0.0,-2.2737367544323206e-13
-0.6890000000000001,624.570997133924,646.3462904991727,21.77529336524867,-1.1102230246251565e-16,-2.2737367544323206e-13
-0.6885,624.5728776974845,646.3592025133817,21.78632481589716,0.0,-2.2737367544323206e-13
-0.6880000000000001,624.5747583296593,646.3721146573735,21.79735632771417,-1.1102230246251565e-16,-2.2737367544323206e-13
-0.6875,624.5766390304475,646.385026931147,21.808387900699472,0.0,0.0
-0.6869999999999999,624.5785197998475,646.3979393347017,21.819419534854205,0.0,-2.2737367544323206e-13
-0.6865,624.5804006378587,646.4108518680359,21.830451230177232,-1.1102230246251565e-16,0.0
-0.686,624.5822815444794,646.4237645311507,21.84148298667128,0.0,0.0
-0.6855,624.5841625197083,646.4366773240433,21.852514804334987,-1.1102230246251565e-16,0.0
-0.685,624.5860435635445,646.4495902467138,21.86354668316926,0.0,0.0
-0.6845,624.5879246759855,646.4625032991617,21.87457862317615,0.0,0.0
-0.684,624.5898058570319,646.4754164813855,21.885610624353603,0.0,-2.2737367544323206e-13
-0.6835000000000001,624.5916871066815,646.4883297933845,21.89664268670299,-1.1102230246251565e-16,-2.2737367544323206e-13
-0.6829999999999999,624.5935684249325,646.5012432351587,21.907674810226126,0.0,-2.2737367544323206e-13
-0.6825000000000001,624.5954498117849,646.5141568067058,21.918706994920967,-1.1102230246251565e-16,0.0
-0.682,624.5973312672361,646.5270705080266,21.929739240790468,-1.1102230246251565e-16,0.0
-0.6815,624.5992127912859,646.539984339119,21.940771547833037,-1.1102230246251565e-16,0.0
-0.681,624.6010943839324,646.5528982999838,21.951803916051404,-1.1102230246251565e-16,-2.2737367544323206e-13
-0.6804999999999999,624.6029760451752,646.5658123906187,21.96283634544352,0.0,0.0
-0.68,624.6048577750116,646.5787266110233,21.97386883601166,0.0,0.0
-0.6795,624.6067395734417,646.5916409611966,21.984901387754917,0.0,0.0
-0.679,624.6086214404636,646.6045554411382,21.99593400067465,-1.1102230246251565e-16,0.0
-0.6785,624.6105033760762,646.6174700508477,22.006966674771547,-1.1102230246251565e-16,-2.2737367544323206e-13
-0.6779999999999999,624.612385380278,646.6303847903232,22.01799941004515,-1.1102230246251565e-16,0.0
-0.6775,624.6142674530681,646.6432996595652,22.02903220649705,0.0,-2.2737367544323206e-13
-0.677,624.616149594445,646.6562146585718,22.040065064126793,0.0,0.0
-0.6765,624.6180318044076,646.6691297873424,22.051097982934834,-1.1102230246251565e-16,-2.2737367544323206e-13
-0.676,624.6199140829549,646.6820450458765,22.06213096292163,-1.1102230246251565e-16,-2.2737367544323206e-13
-0.6755000000000001,624.6217964300849,646.6949604341733,22.073164004088312,0.0,-2.2737367544323206e-13
-0.6749999999999999,624.6236788457966,646.7078759522319,22.08419710643534,-1.1102230246251565e-16,0.0
-0.6745000000000001,624.6255613300893,646.7207916000511,22.095230269961803,0.0,-2.2737367544323206e-13
-0.6739999999999999,624.6274438829612,646.7337073776305,22.106263494669292,-1.1102230246251565e-16,0.0
-0.6735000000000001,624.6293265044117,646.7466232849697,22.117296780558036,0.0,0.0
-0.673,624.631209194438,646.7595393220674,22.128330127629397,-1.1102230246251565e-16,-2.2737367544323206e-13
-0.6725,624.6330919530405,646.7724554889226,22.139363535882012,-1.1102230246251565e-16,-2.2737367544323206e-13
-0.672,624.6349747802174,646.7853717855348,22.150397005317473,0.0,0.0
-0.6715,624.6368576759673,646.7982882119036,22.161430535936233,-1.1102230246251565e-16,-2.2737367544323206e-13
-0.671,624.6387406402889,646.811204768027,22.172464127738067,-1.1102230246251565e-16,-2.2737367544323206e-13
-0.6705,624.6406236731814,646.8241214539048,22.183497780723428,-1.1102230246251565e-16,-2.2737367544323206e-13
-0.67,624.6425067746425,646.8370382695373,22.194531494894818,0.0,-2.2737367544323206e-13
-0.6695,624.6443899446726,646.8499552149217,22.205565270249053,0.0,0.0
-0.669,624.6462731832687,646.8628722900592,22.216599106790454,0.0,-2.2737367544323206e-13
-0.6685,624.6481564904307,646.8757894949474,22.227633004516747,-1.1102230246251565e-16,-2.2737367544323206e-13
-0.668,624.6500398661572,646.888706829586,22.23866696342884,-1.1102230246251565e-16,0.0
-0.6675,624.6519233104461,646.9016242939749,22.249700983528783,0.0,-2.2737367544323206e-13
-0.667,624.6538068232974,646.9145418881124,22.26073506481498,0.0,0.0
-0.6665000000000001,624.6556904047086,646.9274596119981,22.27176920728948,-1.1102230246251565e-16,0.0
-0.6659999999999999,624.6575740546789,646.9403774656307,22.28280341095183,-1.1102230246251565e-16,0.0
-0.6655000000000001,624.6594577732083,646.9532954490103,22.293837675802024,-1.1102230246251565e-16,-2.2737367544323206e-13
-0.665,624.661341560294,646.9662135621352,22.304872001841204,-1.1102230246251565e-16,0.0
-0.6645000000000001,624.6632254159351,646.9791318050052,22.31590638907005,-1.1102230246251565e-16,-2.2737367544323206e-13
-0.664,624.6651093401304,646.9920501776189,22.326940837488564,-1.1102230246251565e-16,-2.2737367544323206e-13
-0.6635,624.6669933328785,647.0049686799764,22.33797534709788,0.0,0.0
-0.663,624.6688773941787,647.0178873120758,22.349009917897092,-1.1102230246251565e-16,0.0
-0.6625,624.6707615240289,647.0308060739176,22.3600445498887,0.0,0.0
-0.662,624.6726457224283,647.0437249654992,22.37107924307088,-1.1102230246251565e-16,0.0
-0.6615,624.6745299893764,647.0566439868214,22.382113997445003,0.0,0.0
-0.661,624.6764143248708,647.0695631378828,22.393148813011976,0.0,0.0
-0.6605,624.6782987289107,647.0824824186827,22.404183689772026,-1.1102230246251565e-16,0.0
-0.66,624.6801832014951,647.09540182922,22.415218627724926,0.0,-2.2737367544323206e-13
-0.6595,624.6820677426217,647.1083213694947,22.42625362687295,-1.1102230246251565e-16,0.0
-0.659,624.6839523522906,647.1212410395051,22.437288687214505,0.0,-2.2737367544323206e-13
-0.6585,624.6858370304997,647.1341608392502,22.4483238087505,-1.1102230246251565e-16,0.0
-0.658,624.687721777248,647.1470807687297,22.459358991481622,0.0,0.0
-0.6575000000000001,624.6896065925348,647.1600008279431,22.47039423540832,0.0,-2.2737367544323206e-13
-0.6569999999999999,624.691491476357,647.1729210168896,22.481429540532645,0.0,-2.2737367544323206e-13
-0.6565000000000001,624.6933764287157,647.1858413355674,22.492464906851637,0.0,-2.2737367544323206e-13
-0.656,624.6952614496083,647.1987617839766,22.503500334368255,-1.1102230246251565e-16,-2.2737367544323206e-13
-0.6555,624.6971465390343,647.2116823621161,22.514535823081815,0.0,-2.2737367544323206e-13
-0.655,624.6990316969907,647.2246030699853,22.52557137299459,-1.1102230246251565e-16,0.0
-0.6545,624.7009169234789,647.2375239075827,22.536606984103855,0.0,0.0
-0.654,624.7028022184952,647.2504448749087,22.547642656413473,-1.1102230246251565e-16,-2.2737367544323206e-13
-0.6535,624.7046875820397,647.2633659719615,22.55867838992185,0.0,0.0
-0.653,624.7065730141114,647.2762871987402,22.569714184628765,0.0,-2.2737367544323206e-13
-0.6525,624.7084585147077,647.2892085552451,22.580750040537396,-1.1102230246251565e-16,-2.2737367544323206e-13
-0.652,624.7103440838289,647.3021300414746,22.591785957645698,-1.1102230246251565e-16,0.0
-0.6515,624.7122297214728,647.3150516574271,22.602821935954353,0.0,-2.2737367544323206e-13
-0.651,624.7141154276378,647.3279734031039,22.61385797546609,-1.1102230246251565e-16,-2.2737367544323206e-13
-0.6505,624.7160012023237,647.3408952785019,22.62489407617818,-1.1102230246251565e-16,-2.2737367544323206e-13
-0.65,624.7178870455284,647.353817283622,22.63593023809358,0.0,-2.2737367544323206e-13
-0.6495000000000001,624.7197729572515,647.366739418462,22.646966461210468,0.0,0.0
-0.649,624.7216589374905,647.3796616830223,22.658002745531803,-1.1102230246251565e-16,0.0
-0.6485000000000001,624.7235449862453,647.3925840773015,22.66903909105622,-1.1102230246251565e-16,-2.2737367544323206e-13
-0.648,624.7254311035147,647.4055066012991,22.6800754977844,0.0,-2.2737367544323206e-13
-0.6475000000000001,624.7273172892963,647.4184292550137,22.691111965717482,0.0,-2.2737367544323206e-13
-0.647,624.7292035435901,647.4313520384449,22.702148494854782,0.0,-2.2737367544323206e-13
-0.6465,624.7310898663934,647.444274951592,22.713185085198575,0.0,0.0
-0.646,624.7329762577062,647.4571979944542,22.72422173674795,1.1102230246251565e-16,-2.2737367544323206e-13
-0.6455000000000001,624.7348627175265,647.4701211670301,22.73525844950359,0.0,-2.2737367544323206e-13
-0.645,624.7367492458541,647.4830444693196,22.746295223465495,-1.1102230246251565e-16,0.0
-0.6445,624.7386358426866,647.4959679013218,22.757332058635257,-1.1102230246251565e-16,0.0
-0.644,624.7405225080233,647.5088914630355,22.768368955012193,-1.1102230246251565e-16,-2.2737367544323206e-13
-0.6435,624.7424092418635,647.5218151544598,22.779405912596303,0.0,-2.2737367544323206e-13
-0.6430000000000001,624.7442960442042,647.5347389755948,22.790442931390544,-2.220446049250313e-16,-2.2737367544323206e-13
-0.6425,624.7461829150463,647.5476629264383,22.80148001139196,0.0,-2.2737367544323206e-13
-0.642,624.7480698543866,647.5605870069905,22.81251715260396,-1.1102230246251565e-16,0.0
-0.6415,624.749956862225,647.573511217251,22.82355435502609,-1.1102230246251565e-16,0.0
-0.641,624.7518439385601,647.5864355572173,22.834591618657214,-1.1102230246251565e-16,-2.2737367544323206e-13
-0.6405000000000001,624.7537310833904,647.59936002689,22.845628943499605,-1.1102230246251565e-16,0.0
-0.6399999999999999,624.755618296715,647.6122846262683,22.856666329553263,0.0,0.0
-0.6395000000000001,624.7575055785323,647.6252093553505,22.86770377681819,-1.1102230246251565e-16,0.0
-0.639,624.7593929288412,647.6381342141367,22.87874128529552,0.0,0.0
-0.6385000000000001,624.7612803476406,647.6510592026248,22.889778854984115,-1.1102230246251565e-16,-2.2737367544323206e-13
-0.638,624.7631678349289,647.6639843208154,22.90081648588648,-1.1102230246251565e-16,0.0
-0.6375,624.7650553907051,647.6769095687075,22.911854178002386,0.0,0.0
-0.637,624.7669430149676,647.6898349462997,22.92289193133206,0.0,-2.2737367544323206e-13
-0.6365000000000001,624.7688307077158,647.7027604535908,22.933929745875048,0.0,0.0
-0.636,624.770718468948,647.7156860905811,22.944967621633168,-1.1102230246251565e-16,-2.2737367544323206e-13
-0.6355,624.7726062986626,647.7286118572692,22.95600555860665,-1.1102230246251565e-16,0.0
-0.635,624.7744941968597,647.7415377536545,22.967043556794806,0.0,-4.547473508864641e-13
-0.6345,624.7763821635365,647.7544637797353,22.97808161619878,-1.1102230246251565e-16,0.0
-0.6340000000000001,624.7782701986921,647.7673899355123,22.989119736820157,0.0,0.0
-0.6335,624.7801583023258,647.7803162209839,23.000157918658033,-1.1102230246251565e-16,0.0
-0.633,624.7820464744366,647.7932426361485,23.01119616171195,0.0,0.0
-0.6325000000000001,624.7839347150216,647.8061691810069,23.02223446598532,0.0,-2.2737367544323206e-13
-0.632,624.7858230240818,647.8190958555574,23.033272831475642,0.0,-2.2737367544323206e-13
-0.6315000000000001,624.7877114016144,647.8320226597987,23.04431125818428,0.0,0.0
-0.631,624.7895998476181,647.8449495937311,23.055349746113052,-1.1102230246251565e-16,0.0
-0.6305000000000001,624.7914883620927,647.857876657353,23.066388295260367,0.0,-2.2737367544323206e-13
-0.63,624.793376945036,647.8708038506641,23.077426905628045,0.0,0.0
-0.6295000000000001,624.7952655964473,647.8837311736625,23.088465577215175,-2.220446049250313e-16,0.0
-0.629,624.7971543163253,647.8966586263487,23.09950431002335,0.0,0.0
-0.6285000000000001,624.7990431046683,647.9095862087211,23.110543104052795,0.0,-2.2737367544323206e-13
-0.628,624.8009319614753,647.9225139207797,23.12158195930442,0.0,-2.2737367544323206e-13
-0.6275000000000001,624.8028208867456,647.9354417625223,23.132620875776638,0.0,-2.2737367544323206e-13
-0.627,624.804709880477,647.9483697339494,23.1436598534724,0.0,-2.2737367544323206e-13
-0.6265,624.8065989426689,647.9612978350594,23.15469889239057,-1.1102230246251565e-16,0.0
-0.6260000000000001,624.8084880733197,647.974226065852,23.165737992532286,0.0,-2.2737367544323206e-13
-0.6255,624.8103772724287,647.9871544263262,23.176777153897547,-1.1102230246251565e-16,-2.2737367544323206e-13
-0.6250000000000001,624.8122665399942,648.000082916481,23.187816376486808,-1.1102230246251565e-16,-2.2737367544323206e-13
-0.6244999999999999,624.8141558760146,648.0130115363158,23.198855660301206,-1.1102230246251565e-16,-2.2737367544323206e-13
-0.624,624.8160452804896,648.0259402858292,23.209895005339604,-1.1102230246251565e-16,0.0
-0.6235,624.8179347534169,648.0388691650217,23.22093441160473,-1.1102230246251565e-16,-2.2737367544323206e-13
-0.623,624.8198242947963,648.051798173891,23.231973879094767,0.0,-2.2737367544323206e-13
-0.6225,624.8217139046255,648.0647273124368,23.243013407811304,-1.1102230246251565e-16,0.0
-0.622,624.8236035829041,648.0776565806589,23.254052997754798,0.0,0.0
-0.6215,624.8254933296303,648.0905859785564,23.265092648926156,0.0,-2.2737367544323206e-13
-0.621,624.8273831448034,648.103515506127,23.276132361323562,0.0,0.0
-0.6204999999999999,624.8292730284213,648.1164451633717,23.287172134950424,0.0,0.0
-0.62,624.8311629804837,648.129374950289,23.29821196980538,-1.1102230246251565e-16,0.0
-0.6195,624.8330530009885,648.1423048668778,23.309251865889337,0.0,0.0
-0.619,624.8349430899352,648.1552349131373,23.32029182320207,0.0,0.0
-0.6185,624.8368332473224,648.1681650890671,23.331331841744714,0.0,-2.2737367544323206e-13
-0.618,624.8387234731483,648.181095394666,23.342371921517724,-1.1102230246251565e-16,0.0
-0.6174999999999999,624.8406137674122,648.1940258299335,23.35341206252133,0.0,0.0
-0.6170000000000001,624.8425041301125,648.2069563948687,23.36445226475621,-1.1102230246251565e-16,0.0
-0.6164999999999999,624.8443945612485,648.2198870894706,23.37549252822214,-1.1102230246251565e-16,-2.2737367544323206e-13
-0.616,624.8462850608182,648.2328179137387,23.38653285292048,-1.1102230246251565e-16,-2.2737367544323206e-13
-0.6155,624.8481756288209,648.2457488676719,23.39757323885101,-1.1102230246251565e-16,-2.2737367544323206e-13
-0.615,624.8500662652557,648.2586799512692,23.408613686013496,0.0,0.0
-0.6145,624.85195697012,648.2716111645302,23.419654194410214,-1.1102230246251565e-16,0.0
-0.614,624.8538477434136,648.2845425074538,23.430694764040254,-1.1102230246251565e-16,-2.2737367544323206e-13
-0.6135,624.8557385851352,648.2974739800391,23.441735394903844,-1.1102230246251565e-16,-2.2737367544323206e-13
-0.613,624.8576294952832,648.310405582286,23.452776087002803,0.0,0.0
-0.6125,624.859520473857,648.3233373141927,23.463816840335767,-1.1102230246251565e-16,-2.2737367544323206e-13
-0.612,624.8614115208541,648.3362691757588,23.47485765490478,0.0,-2.2737367544323206e-13
-0.6115,624.8633026362745,648.3492011669839,23.48589853070939,0.0,-2.2737367544323206e-13
-0.611,624.8651938201169,648.3621332878665,23.4969394677496,0.0,-2.2737367544323206e-13
-0.6105,624.867085072379,648.375065538406,23.507980466026993,0.0,-2.2737367544323206e-13
-0.61,624.8689763930604,648.3879979186015,23.51902152554112,-1.1102230246251565e-16,0.0
-0.6095,624.8708677821598,648.4009304284527,23.53006264629289,0.0,0.0
-0.6090000000000001,624.872759239676,648.4138630679581,23.541103828282075,1.1102230246251565e-16,0.0
-0.6084999999999999,624.8746507656069,648.4267958371174,23.552145071510495,0.0,0.0
-0.6080000000000001,624.8765423599525,648.4397287359295,23.56318637597701,0.0,0.0
-0.6074999999999999,624.8784340227107,648.4526617643933,23.574227741682535,0.0,-2.2737367544323206e-13
-0.607,624.8803257538805,648.4655949225091,23.585269168628656,0.0,0.0
-0.6065,624.8822175534606,648.4785282102744,23.596310656813785,0.0,0.0
-0.606,624.8841094214501,648.4914616276897,23.60735220623951,-1.1102230246251565e-16,0.0
-0.6055,624.8860013578478,648.5043951747534,23.61839381690561,0.0,-2.2737367544323206e-13
-0.605,624.8878933626511,648.5173288514654,23.62943548881435,-1.1102230246251565e-16,0.0
-0.6045,624.8897854358609,648.5302626578241,23.640477221963238,0.0,0.0
-0.604,624.891677577474,648.5431965938294,23.65151901635545,0.0,0.0
-0.6035,624.8935697874904,648.55613065948,23.662560871989626,0.0,-2.2737367544323206e-13
-0.603,624.8954620659079,648.5690648547757,23.67360278886781,0.0,0.0
-0.6025,624.8973544127261,648.5819991797146,23.684644766988413,-1.1102230246251565e-16,-2.2737367544323206e-13
-0.602,624.8992468279439,648.5949336342965,23.69568680635257,-1.1102230246251565e-16,-2.2737367544323206e-13
-0.6015,624.9011393115591,648.6078682185203,23.70672890696119,0.0,0.0
-0.601,624.903031863571,648.6208029323859,23.717771068814955,0.0,-2.2737367544323206e-13
-0.6005,624.9049244839787,648.6337377758914,23.72881329191273,0.0,-2.2737367544323206e-13
-0.6000000000000001,624.9068171727802,648.6466727490374,23.73985557625724,0.0,-2.2737367544323206e-13
-0.5994999999999999,624.9087099299743,648.6596078518216,23.750897921847354,-1.1102230246251565e-16,0.0
-0.5990000000000001,624.9106027555606,648.6725430842441,23.761940328683522,0.0,-2.2737367544323206e-13
-0.5985,624.912495649537,648.6854784463042,23.77298279676711,-1.1102230246251565e-16,-2.2737367544323206e-13
-0.598,624.9143886119027,648.6984139380002,23.784025326097435,-1.1102230246251565e-16,-2.2737367544323206e-13
-0.5975,624.9162816426565,648.7113495593314,23.795067916674952,-1.1102230246251565e-16,-2.2737367544323206e-13
-0.597,624.9181747417967,648.7242853102978,23.806110568501026,-1.1102230246251565e-16,-2.2737367544323206e-13
-0.5965,624.9200679093228,648.7372211908978,23.817153281574974,0.0,0.0
-0.596,624.9219611452324,648.7501572011313,23.828196055898843,-1.1102230246251565e-16,0.0
-0.5955,624.9238544495256,648.7630933409962,23.839238891470586,0.0,0.0
-0.595,624.9257478221998,648.7760296104932,23.850281788293387,-1.1102230246251565e-16,-2.2737367544323206e-13
-0.5945,624.9276412632553,648.7889660096207,23.861324746365426,0.0,0.0
-0.594,624.9295347726895,648.8019025383778,23.872367765688296,0.0,0.0
-0.5935,624.9314283505018,648.8148391967641,23.883410846262223,0.0,-2.2737367544323206e-13
-0.593,624.9333219966907,648.8277759847783,23.894453988087662,-1.1102230246251565e-16,-2.2737367544323206e-13
-0.5925,624.9352157112548,648.8407129024199,23.905497191165068,-1.1102230246251565e-16,-2.2737367544323206e-13
-0.5920000000000001,624.9371094941939,648.8536499496879,23.916540455493987,0.0,-2.2737367544323206e-13
-0.5915,624.9390033455052,648.8665871265819,23.92758378107669,-1.1102230246251565e-16,-2.2737367544323206e-13
-0.5910000000000001,624.9408972651888,648.8795244331004,23.93862716791159,0.0,-2.2737367544323206e-13
-0.5904999999999999,624.9427912532421,648.8924618692424,23.949670616000276,1.1102230246251565e-16,0.0
-0.5900000000000001,624.9446853096656,648.9053994350079,23.960714125342292,0.0,-2.2737367544323206e-13
-0.5895,624.9465794344567,648.9183371303955,23.971757695938777,0.0,-2.2737367544323206e-13
-0.589,624.9484736276147,648.9312749554051,23.982801327790412,-1.1102230246251565e-16,-2.2737367544323206e-13
-0.5885,624.9503678891381,648.9442129100346,23.993845020896515,-1.1102230246251565e-16,0.0
-0.588,624.9522622190257,648.9571509942843,24.004888775258678,0.0,0.0
-0.5875,624.9541566172763,648.9700892081537,24.015932590877355,-1.1102230246251565e-16,-2.2737367544323206e-13
-0.587,624.9560510838887,648.9830275516406,24.026976467751865,0.0,-2.2737367544323206e-13
-0.5865,624.9579456188615,648.9959660247446,24.038020405883117,0.0,0.0
-0.586,624.9598402221934,649.0089046274657,24.049064405272247,0.0,-2.2737367544323206e-13
-0.5855,624.9617348938841,649.0218433598022,24.06010846591812,0.0,0.0
-0.585,624.9636296339313,649.0347822217536,24.071152587822326,-1.1102230246251565e-16,0.0
-0.5845,624.9655244423338,649.0477212133189,24.082196770985092,0.0,0.0
-0.584,624.9674193190904,649.0606603344977,24.09324101540733,-1.1102230246251565e-16,0.0
-0.5835,624.9693142642002,649.0735995852888,24.104285321088582,0.0,-2.2737367544323206e-13
-0.5830000000000001,624.9712092776624,649.0865389656913,24.11532968802885,-1.1102230246251565e-16,-2.2737367544323206e-13
-0.5825,624.9731043594747,649.0994784757047,24.126374116229954,-1.1102230246251565e-16,-2.2737367544323206e-13
-0.5820000000000001,624.9749995096365,649.1124181153275,24.137418605690982,0.0,0.0
-0.5815,624.9768947281459,649.1253578845599,24.148463156413982,-1.1102230246251565e-16,0.0
-0.5810000000000001,624.9787900150027,649.1382977834005,24.159507768397816,-1.1102230246251565e-16,-2.2737367544323206e-13
-0.5805,624.9806853702048,649.1512378118482,24.170552441643395,0.0,0.0
-0.58,624.9825807937516,649.1641779699028,24.181597176151172,-1.1102230246251565e-16,0.0
-0.5795,624.9844762856414,649.1771182575624,24.19264197192092,0.0,0.0
-0.579,624.9863718458726,649.1900586748277,24.203686828955142,0.0,0.0
-0.5785,624.9882674744449,649.2029992216969,24.214731747252017,-1.1102230246251565e-16,-2.2737367544323206e-13
-0.578,624.9901631713567,649.2159398981692,24.225776726812455,-1.1102230246251565e-16,-2.2737367544323206e-13
-0.5775,624.9920589366063,649.2288807042435,24.23682176763714,0.0,-2.2737367544323206e-13
-0.577,624.9939547701929,649.2418216399196,24.24786686972675,0.0,-2.2737367544323206e-13
-0.5765,624.995850672115,649.2547627051972,24.258912033082197,0.0,-2.2737367544323206e-13
-0.576,624.9977466423718,649.2677039000739,24.269957257702117,-1.1102230246251565e-16,-2.2737367544323206e-13
-0.5755,624.9996426809614,649.28064522455,24.281002543588556,-1.1102230246251565e-16,-2.2737367544323206e-13
-0.5750000000000001,625.0015387878834,649.293586678624,24.292047890740605,0.0,-2.2737367544323206e-13
-0.5745,625.0034349631355,649.3065282622958,24.30309329916031,0.0,-2.2737367544323206e-13
-0.5740000000000001,625.0053312067173,649.3194699755645,24.314138768847215,0.0,-2.2737367544323206e-13
-0.5735,625.0072275186276,649.3324118184278,24.325184299800185,-1.1102230246251565e-16,0.0
-0.5730000000000001,625.0091238988646,649.345353790887,24.336229892022402,0.0,0.0
-0.5725,625.0110203474269,649.3582958929403,24.347275545513412,-1.1102230246251565e-16,-2.2737367544323206e-13
-0.5720000000000001,625.0129168643143,649.3712381245866,24.358321260272305,-1.1102230246251565e-16,0.0
-0.5715,625.0148134495246,649.3841804858253,24.369367036300673,-1.1102230246251565e-16,-2.2737367544323206e-13
-0.571,625.016710103057,649.3971229766557,24.380412873598743,-1.1102230246251565e-16,0.0
-0.5705,625.0186068249097,649.4100655970767,24.39145877216697,-1.1102230246251565e-16,0.0
-0.57,625.0205036150826,649.4230083470875,24.4025047320049,0.0,0.0
-0.5695,625.0224004735728,649.4359512266878,24.413550753115032,-1.1102230246251565e-16,0.0
-0.569,625.0242974003813,649.448894235876,24.42459683549464,0.0,-2.2737367544323206e-13
-0.5685000000000001,625.0261943955047,649.4618373746516,24.435642979146905,-1.1102230246251565e-16,0.0
-0.568,625.028091458943,649.4747806430144,24.446689184071374,0.0,-2.2737367544323206e-13
-0.5675,625.0299885906941,649.4877240409621,24.457735450268046,0.0,-2.2737367544323206e-13
-0.567,625.0318857907578,649.5006675684954,24.468781777737604,0.0,0.0
-0.5665,625.0337830591318,649.5136112256123,24.4798281664805,0.0,0.0
-0.5660000000000001,625.0356803958155,649.5265550123127,24.490874616497194,0.0,-2.2737367544323206e-13
-0.5655,625.0375778008076,649.5394989285958,24.501921127788137,-1.1102230246251565e-16,0.0
-0.5650000000000001,625.0394752741067,649.5524429744598,24.5129677003531,-1.1102230246251565e-16,-2.2737367544323206e-13
-0.5645,625.0413728157118,649.5653871499051,24.524014334193225,0.0,0.0
-0.5640000000000001,625.0432704256211,649.5783314549299,24.535061029308736,-1.1102230246251565e-16,-2.2737367544323206e-13
-0.5635,625.0451681038342,649.591275889534,24.54610778569986,-1.1102230246251565e-16,-2.2737367544323206e-13
-0.5630000000000001,625.0470658503489,649.6042204537166,24.557154603367735,-1.1102230246251565e-16,-2.2737367544323206e-13
-0.5625,625.0489636651646,649.6171651474763,24.56820148231168,0.0,-2.2737367544323206e-13
-0.562,625.0508615482804,649.6301099708126,24.579248422532146,0.0,-2.2737367544323206e-13
-0.5615,625.0527594996938,649.6430549237248,24.590295424030955,0.0,-2.2737367544323206e-13
-0.5609999999999999,625.0546575194048,649.6560000062116,24.601342486806743,-1.1102230246251565e-16,0.0
-0.5605,625.0565556074121,649.6689452182727,24.612389610860646,-1.1102230246251565e-16,-2.2737367544323206e-13
-0.5599999999999999,625.0584537637135,649.6818905599068,24.623436796193346,-1.1102230246251565e-16,0.0
-0.5595,625.0603519883086,649.6948360311133,24.634484042804615,0.0,-2.2737367544323206e-13
-0.5589999999999999,625.0622502811955,649.7077816318915,24.645531350696047,-1.1102230246251565e-16,0.0
-0.5585,625.0641486423735,649.7207273622403,24.65657871986673,0.0,0.0
-0.558,625.066047071841,649.7336732221593,24.667626150318256,-1.1102230246251565e-16,0.0
-0.5575,625.0679455695974,649.7466192116472,24.678673642049716,0.0,0.0
-0.557,625.0698441356408,649.7595653307033,24.689721195062475,0.0,0.0
-0.5565,625.0717427699699,649.7725115793264,24.700768809356532,-1.1102230246251565e-16,0.0
-0.556,625.0736414725841,649.7854579575164,24.711816484932342,-1.1102230246251565e-16,0.0
-0.5555000000000001,625.0755402434816,649.7984044652726,24.722864221791042,-1.1102230246251565e-16,-2.2737367544323206e-13
-0.555,625.0774390826618,649.8113511025927,24.733912019930813,1.1102230246251565e-16,-2.2737367544323206e-13
-0.5545,625.0793379901224,649.8242978694766,24.744959879354155,-1.1102230246251565e-16,0.0
-0.554,625.0812369658629,649.8372447659249,24.75600780006198,-1.1102230246251565e-16,0.0
-0.5535,625.0831360098819,649.8501917919348,24.76705578205292,-1.1102230246251565e-16,-2.2737367544323206e-13
-0.5529999999999999,625.0850351221784,649.8631389475063,24.77810382532789,-1.1102230246251565e-16,0.0
-0.5525,625.0869343027507,649.8760862326387,24.78915192988802,-1.1102230246251565e-16,-2.2737367544323206e-13
-0.552,625.0888335515983,649.8890336473305,24.80020009573218,0.0,0.0
-0.5515,625.0907328687185,649.9019811915819,24.81124832286332,-1.1102230246251565e-16,-2.2737367544323206e-13
-0.551,625.092632254112,649.914928865391,24.822296611278944,-1.1102230246251565e-16,-2.2737367544323206e-13
-0.5505,625.0945317077762,649.9278766687573,24.833344960981094,0.0,-2.2737367544323206e-13
-0.5499999999999999,625.0964312297101,649.9408246016801,24.84439337197,0.0,0.0
-0.5495,625.0983308199129,649.953772664159,24.855441844246116,0.0,-2.2737367544323206e-13
-0.549,625.1002304783826,649.9667208561925,24.866490377809896,0.0,-2.2737367544323206e-13
-0.5485,625.1021302051188,649.9796691777797,24.877538972660886,-1.1102230246251565e-16,-2.2737367544323206e-13
-0.548,625.10403000012,649.99261762892,24.888587628799996,0.0,-2.2737367544323206e-13
-0.5475,625.1059298633843,650.0055662096133,24.899636346229045,-1.1102230246251565e-16,0.0
-0.547,625.1078297949111,650.0185149198574,24.910685124946212,-1.1102230246251565e-16,0.0
-0.5465000000000001,625.1097297946999,650.0314637596521,24.921733964952182,0.0,0.0
-0.5459999999999999,625.111629862748,650.0444127289963,24.932782866248317,-1.1102230246251565e-16,0.0
-0.5455,625.1135299990544,650.05736182789,24.943831828835528,-1.1102230246251565e-16,-2.2737367544323206e-13
-0.545,625.1154302036184,650.0703110563315,24.95488085271313,-1.1102230246251565e-16,-2.2737367544323206e-13
-0.5445,625.1173304764395,650.0832604143202,24.965929937880674,0.0,-2.2737367544323206e-13
-0.544,625.1192308175146,650.0962099018559,24.976979084341338,0.0,0.0
-0.5435,625.121131226844,650.1091595189362,24.988028292092167,-1.1102230246251565e-16,-2.2737367544323206e-13
-0.543,625.1230317044256,650.1221092655614,24.99907756113589,0.0,0.0
-0.5425000000000001,625.1249322502581,650.1350591417311,25.010126891472964,0.0,0.0
-0.5419999999999999,625.1268328643412,650.1480091474434,25.02117628310225,-2.220446049250313e-16,0.0
-0.5415000000000001,625.128733546673,650.1609592826978,25.032225736024884,-1.1102230246251565e-16,0.0
-0.541,625.1306342972521,650.1739095474938,25.043275250241777,-1.1102230246251565e-16,-2.2737367544323206e-13
-0.5405,625.1325351160772,650.1868599418301,25.05432482575293,-1.1102230246251565e-16,0.0
-0.54,625.1344360031483,650.1998104657062,25.065374462557884,-1.1102230246251565e-16,0.0
-0.5394999999999999,625.1363369584628,650.2127611191211,25.076424160658235,0.0,-2.2737367544323206e-13
-0.539,625.1382379820195,650.2257119020742,25.087473920054663,-1.1102230246251565e-16,-2.2737367544323206e-13
-0.5385000000000001,625.1401390738179,650.2386628145637,25.098523740745804,1.1102230246251565e-16,0.0
-0.538,625.142040233856,650.2516138565902,25.10957362273416,-1.1102230246251565e-16,-2.2737367544323206e-13
-0.5375,625.1439414621334,650.2645650281522,25.12062356601882,-1.1102230246251565e-16,-2.2737367544323206e-13
-0.5369999999999999,625.1458427586485,650.2775163292483,25.131673570599787,0.0,0.0
-0.5365000000000001,625.1477441233997,650.2904677598783,25.14272363647865,0.0,-2.2737367544323206e-13
-0.536,625.1496455563861,650.3034193200413,25.15377376365518,-1.1102230246251565e-16,0.0
-0.5355,625.1515470576066,650.3163710097363,25.16482395212961,0.0,-2.2737367544323206e-13
-0.535,625.1534486270596,650.3293228289629,25.175874201903298,-1.1102230246251565e-16,0.0
-0.5345,625.1553502647439,650.3422747777197,25.186924512975793,-1.1102230246251565e-16,-2.2737367544323206e-13
-0.534,625.1572519706585,650.3552268560059,25.19797488534732,0.0,-2.2737367544323206e-13
-0.5335000000000001,625.1591537448021,650.3681790638211,25.20902531901902,0.0,-2.2737367544323206e-13
-0.533,625.1610555871739,650.3811314011641,25.220075813990206,0.0,0.0
-0.5325,625.162957497771,650.3940838680337,25.2311263702627,-1.1102230246251565e-16,-2.2737367544323206e-13
-0.532,625.1648594765945,650.4070364644299,25.242176987835364,-1.1102230246251565e-16,0.0
-0.5315000000000001,625.1667615236418,650.4199891903511,25.253227666709336,0.0,-2.2737367544323206e-13
-0.531,625.1686636389115,650.4329420457971,25.264278406885524,0.0,-2.2737367544323206e-13
-0.5305,625.1705658224028,650.4458950307667,25.275329208363928,0.0,0.0
-0.53,625.1724680741142,650.4588481452588,25.28638007114455,0.0,-2.2737367544323206e-13
-0.5295,625.1743703940451,650.4718013892737,25.297430995228524,0.0,-2.2737367544323206e-13
-0.5289999999999999,625.1762727821938,650.4847547628085,25.308481980614715,0.0,0.0
-0.5285000000000001,625.1781752385591,650.4977082658643,25.31953302730517,0.0,0.0
-0.528,625.1800777631393,650.5106618984391,25.330584135299887,-1.1102230246251565e-16,0.0
-0.5275,625.1819803559338,650.5236156605329,25.341635304599095,-1.1102230246251565e-16,-2.2737367544323206e-13
-0.527,625.1838830169413,650.5365695521441,25.352686535202793,-1.1102230246251565e-16,-2.2737367544323206e-13
-0.5265,625.1857857461605,650.5495235732724,25.36373782711189,0.0,-2.2737367544323206e-13
-0.526,625.1876885435897,650.562477723917,25.374789180327298,0.0,-2.2737367544323206e-13
-0.5255000000000001,625.189591409229,650.575432004076,25.385840594846968,0.0,-2.2737367544323206e-13
-0.525,625.1914943430752,650.58838641375,25.396892070674767,0.0,-2.2737367544323206e-13
-0.5245,625.1933973451285,650.6013409529373,25.407943607808875,0.0,-2.2737367544323206e-13
-0.524,625.1953004153875,650.6142956216372,25.418995206249747,0.0,-2.2737367544323206e-13
-0.5235000000000001,625.1972035538506,650.6272504198489,25.430046865998293,0.0,0.0
-0.523,625.1991067605161,650.6402053475715,25.44109858705542,0.0,-2.2737367544323206e-13
-0.5225,625.2010100353841,650.6531604048043,25.452150369420224,0.0,-2.2737367544323206e-13
-0.522,625.202913378452,650.6661155915465,25.46320221309452,-1.1102230246251565e-16,0.0
-0.5215,625.2048167897194,650.679070907797,25.474254118077624,-1.1102230246251565e-16,0.0
-0.521,625.2067202691853,650.6920263535551,25.485306084369768,0.0,-2.2737367544323206e-13
-0.5205000000000001,625.2086238168474,650.70498192882,25.49635811197254,-1.1102230246251565e-16,-2.2737367544323206e-13
-0.52,625.2105274327052,650.7179376335905,25.50741020088526,0.0,0.0
-0.5195,625.2124311167574,650.730893467866,25.51846235110861,-1.1102230246251565e-16,-2.2737367544323206e-13
-0.519,625.2143348690024,650.7438494316461,25.529514562643726,-1.1102230246251565e-16,0.0
-0.5185000000000001,625.2162386894397,650.756805524929,25.540566835489244,0.0,0.0
-0.518,625.2181425780673,650.7697617477149,25.551619169647665,-1.1102230246251565e-16,0.0
-0.5175,625.2200465348849,650.7827181000021,25.56267156511717,0.0,0.0
-0.517,625.22195055989,650.7956745817901,25.573724021900034,1.1102230246251565e-16,0.0
-0.5165,625.2238546530825,650.8086311930779,25.584776539995346,0.0,0.0
-0.5159999999999999,625.22575881446,650.821587933865,25.595829119404925,-1.1102230246251565e-16,-2.2737367544323206e-13
-0.5155000000000001,625.2276630440226,650.8345448041503,25.606881760127635,0.0,0.0
-0.5150000000000001,625.2295673417682,650.8475018039333,25.617934462165067,0.0,0.0
-0.5145,625.2314717076956,650.8604589332124,25.628987225516767,-1.1102230246251565e-16,-2.2737367544323206e-13
-0.514,625.233376141804,650.8734161919874,25.640040050183416,-1.1102230246251565e-16,0.0
-0.5135,625.2352806440915,650.886373580257,25.65109293616547,-1.1102230246251565e-16,0.0
-0.513,625.2371852145575,650.8993310980206,25.662145883463154,-1.1102230246251565e-16,0.0
-0.5125000000000001,625.2390898532008,650.9122887452779,25.673198892077153,0.0,-2.2737367544323206e-13
-0.512,625.24099456002,650.9252465220268,25.684251962006783,0.0,0.0
-0.5115,625.2428993350131,650.9382044282672,25.695305093254092,-1.1102230246251565e-16,0.0
-0.511,625.24480417818,650.9511624639988,25.70635828581885,0.0,-2.2737367544323206e-13
-0.5105000000000001,625.2467090895186,650.9641206292195,25.717411539700834,-1.1102230246251565e-16,0.0
-0.51,625.248614069028,650.9770789239294,25.728464854901404,0.0,0.0
-0.5095,625.2505191167077,650.9900373481273,25.739518231419652,-1.1102230246251565e-16,0.0
-0.509,625.2524242325551,651.0029959018127,25.750571669257624,-1.1102230246251565e-16,-2.2737367544323206e-13
-0.5085000000000001,625.25432941657,651.015954584984,25.761625168413957,-1.1102230246251565e-16,-2.2737367544323206e-13
-0.508,625.2562346687507,651.0289133976407,25.772678728890014,-1.1102230246251565e-16,0.0
-0.5075000000000001,625.2581399890962,651.0418723397827,25.783732350686478,0.0,0.0
-0.507,625.2600453776054,651.0548314114078,25.79478603380244,0.0,-2.2737367544323206e-13
-0.5065,625.2619508342764,651.0677906125161,25.805839778239715,0.0,0.0
-0.506,625.2638563591083,651.0807499431062,25.816893583997853,-1.1102230246251565e-16,0.0
-0.5055000000000001,625.2657619520999,651.0937094031776,25.827947451077762,-1.1102230246251565e-16,0.0
-0.505,625.2676676132505,651.1066689927297,25.839001379479214,-1.1102230246251565e-16,0.0
-0.5045000000000001,625.2695733425583,651.1196287117612,25.85005536920289,-1.1102230246251565e-16,0.0
-0.504,625.2714791400217,651.1325885602712,25.861109420249477,0.0,-2.2737367544323206e-13
-0.5035,625.2733850056409,651.1455485382592,25.872163532618288,0.0,-2.2737367544323206e-13
-0.503,625.2752909394121,651.1585086457246,25.883217706312507,-1.1102230246251565e-16,0.0
-0.5025000000000001,625.277196941337,651.1714688826653,25.89427194132827,0.0,0.0
-0.5020000000000001,625.2791030114122,651.1844292490819,25.90532623766967,-1.1102230246251565e-16,-2.2737367544323206e-13
-0.5015,625.2810091496374,651.1973897449725,25.916380595335113,-1.1102230246251565e-16,-2.2737367544323206e-13
-0.501,625.2829153560117,651.2103503703365,25.92743501432483,0.0,-2.2737367544323206e-13
-0.5005,625.2848216305335,651.2233111251735,25.938489494639953,0.0,0.0
-0.5,625.2867279732009,651.2362720094827,25.94954403628185,-1.1102230246251565e-16,-2.2737367544323206e-13
-0.4995,625.2886343840134,651.2492330232621,25.9605986392487,-1.1102230246251565e-16,0.0
-0.49900000000000005,625.2905408629697,651.2621941665122,25.971653303542553,-1.1102230246251565e-16,0.0
-0.49849999999999994,625.2924474100685,651.2751554392314,25.98270802916295,-2.220446049250313e-16,-2.2737367544323206e-13
-0.49799999999999994,625.2943540253084,651.2881168414192,25.993762816110802,-1.1102230246251565e-16,-2.2737367544323206e-13
-0.49750000000000005,625.2962607086884,651.3010783730745,26.00481766438611,-1.1102230246251565e-16,-2.2737367544323206e-13
-0.49700000000000005,625.2981674602067,651.3140400341963,26.015872573989554,-1.1102230246251565e-16,-2.2737367544323206e-13
-0.4965,625.3000742798636,651.3270018247842,26.02692754492068,-1.1102230246251565e-16,0.0
-0.496,625.3019811676559,651.3399637448372,26.03798257718131,-2.220446049250313e-16,0.0
-0.4955,625.3038881235839,651.3529257943542,26.049037670770304,0.0,0.0
-0.495,625.3057951476455,651.3658879733343,26.0600928256888,0.0,-2.2737367544323206e-13
-0.49450000000000005,625.3077022398393,651.3788502817774,26.07114804193816,-1.1102230246251565e-16,-2.2737367544323206e-13
-0.49400000000000005,625.3096094001651,651.3918127196819,26.082203319516793,0.0,-2.2737367544323206e-13
-0.49349999999999994,625.3115166286207,651.404775287047,26.093258658426294,-2.220446049250313e-16,0.0
-0.493,625.3134239252051,651.417737983872,26.104314058666887,0.0,0.0
-0.4925000000000001,625.3153312899176,651.4307008101562,26.115369520238573,0.0,0.0
-0.492,625.3172387227564,651.4436637658982,26.126425043141808,0.0,-2.2737367544323206e-13
-0.4915,625.3191462237203,651.456626851098,26.137480627377727,0.0,0.0
-0.491,625.3210537928082,651.4695900657541,26.148536272945876,0.0,-2.2737367544323206e-13
-0.49050000000000005,625.3229614300185,651.4825534098657,26.159591979847164,-1.1102230246251565e-16,0.0
-0.49000000000000005,625.3248691353508,651.4955168834324,26.170647748081592,-1.1102230246251565e-16,-2.2737367544323206e-13
-0.48950000000000005,625.3267769088034,651.5084804864523,26.181703577648932,-1.1102230246251565e-16,0.0
-0.48900000000000005,625.3286847503748,651.5214442189256,26.192759468550776,0.0,-2.2737367544323206e-13
-0.4885,625.3305926600642,651.5344080808513,26.203815420787123,-1.1102230246251565e-16,-2.2737367544323206e-13
-0.488,625.3325006378705,651.5473720722282,26.214871434357747,0.0,0.0
-0.4875,625.3344086837915,651.5603361930553,26.225927509263784,0.0,-2.2737367544323206e-13
-0.487,625.3363167978273,651.5733004433323,26.236983645505006,-1.1102230246251565e-16,-2.2737367544323206e-13
-0.4865,625.3382249799754,651.5862648230582,26.24803984308278,0.0,-2.2737367544323206e-13
-0.48600000000000004,625.3401332302358,651.5992293322313,26.25909610199551,-1.1102230246251565e-16,0.0
-0.48549999999999993,625.3420415486062,651.6121939708519,26.2701524222457,-1.1102230246251565e-16,0.0
-0.48499999999999993,625.3439499350857,651.625158738919,26.28120880383335,0.0,-2.2737367544323206e-13
-0.48450000000000004,625.3458583896731,651.6381236364314,26.292265246758234,-1.1102230246251565e-16,-2.2737367544323206e-13
-0.4840000000000001,625.3477669123677,651.651088663388,26.30332175102035,-1.1102230246251565e-16,0.0
-0.4835,625.3496755031672,651.664053819788,26.314378316620832,-1.1102230246251565e-16,0.0
-0.483,625.3515841620717,651.6770191056305,26.325434943558776,0.0,0.0
-0.4825,625.3534928890786,651.6899845209161,26.33649163183759,-1.1102230246251565e-16,-2.2737367544323206e-13
-0.48200000000000004,625.3554016841879,651.702950065642,26.34754838145409,1.1102230246251565e-16,-2.2737367544323206e-13
-0.48150000000000004,625.3573105473972,651.715915739808,26.358605192410778,-1.1102230246251565e-16,-2.2737367544323206e-13
-0.48100000000000004,625.3592194787061,651.7288815434131,26.369662064706972,0.0,0.0
-0.4804999999999999,625.3611284781132,651.7418474764572,26.380718998344037,-1.1102230246251565e-16,-2.2737367544323206e-13
-0.48,625.3630375456171,651.7548135389384,26.39177599332129,0.0,0.0
-0.4795000000000001,625.3649466812169,651.7677797308568,26.402833049639867,-1.1102230246251565e-16,-2.2737367544323206e-13
-0.479,625.366855884911,651.7807460522106,26.41389016729954,-1.1102230246251565e-16,-2.2737367544323206e-13
-0.4785,625.3687651566984,651.7937125029998,26.42494734630145,-1.1102230246251565e-16,-2.2737367544323206e-13
-0.478,625.3706744965775,651.8066790832231,26.436004586645595,0.0,0.0
-0.47750000000000004,625.3725839045476,651.81964579288,26.447061888332428,-1.1102230246251565e-16,-2.2737367544323206e-13
-0.47700000000000004,625.3744933806067,651.8326126319687,26.45811925136195,0.0,0.0
-0.47650000000000003,625.3764029247548,651.8455796004896,26.469176675734843,-1.1102230246251565e-16,-2.2737367544323206e-13
-0.47600000000000003,625.3783125369896,651.8585466984409,26.480234161451335,-1.1102230246251565e-16,-2.2737367544323206e-13
-0.4755,625.3802222173097,651.871513925822,26.491291708512335,-1.1102230246251565e-16,-2.2737367544323206e-13
-0.475,625.3821319657152,651.8844812826319,26.502349316916707,-1.1102230246251565e-16,0.0
-0.4745,625.3840417822039,651.8974487688704,26.513406986666496,0.0,0.0
-0.474,625.3859516667742,651.9104163845357,26.524464717761475,-1.1102230246251565e-16,0.0
-0.47350000000000003,625.3878616194256,651.9233841296282,26.535522510202554,-1.1102230246251565e-16,-2.2737367544323206e-13
-0.47300000000000003,625.389771640157,651.9363520041456,26.546580363988596,-1.1102230246251565e-16,-2.2737367544323206e-13
-0.47250000000000003,625.3916817289669,651.9493200080876,26.557638279120738,0.0,0.0
-0.4719999999999999,625.3935918858535,651.9622881414539,26.568696255600344,-1.1102230246251565e-16,-2.2737367544323206e-13
-0.47150000000000003,625.3955021108166,651.975256404243,26.579754293426504,-1.1102230246251565e-16,0.0
-0.4710000000000001,625.3974124038539,651.9882247964547,26.59081239260081,0.0,-2.2737367544323206e-13
-0.4705,625.3993227649653,652.0011933180865,26.601870553121216,0.0,0.0
-0.47,625.4012331941485,652.0141619691394,26.612928774990905,-1.1102230246251565e-16,0.0
-0.4695,625.4031436914029,652.0271307496116,26.62398705820874,-1.1102230246251565e-16,-2.2737367544323206e-13
-0.46900000000000003,625.4050542567275,652.0400996595026,26.635045402775177,-1.1102230246251565e-16,-2.2737367544323206e-13
-0.4685,625.4069648901202,652.0530686988116,26.64610380869135,0.0,-2.2737367544323206e-13
-0.468,625.40887559158,652.0660378675377,26.657162275957717,-1.1102230246251565e-16,0.0
-0.4674999999999999,625.4107863611071,652.0790071656793,26.66822080457223,-1.1102230246251565e-16,-2.2737367544323206e-13
-0.46699999999999997,625.412697198698,652.0919765932363,26.679279394538298,0.0,-2.2737367544323206e-13
-0.4665000000000001,625.414608104353,652.1049461502075,26.69033804585456,1.1102230246251565e-16,0.0
-0.4660000000000001,625.4165190780702,652.1179158365926,26.701396758522378,-2.220446049250313e-16,0.0
-0.46549999999999997,625.4184301198491,652.1308856523897,26.712455532540616,-1.1102230246251565e-16,-2.2737367544323206e-13
-0.465,625.4203412296879,652.1438555975992,26.72351436791132,-2.220446049250313e-16,0.0
-0.4645,625.4222524075851,652.1568256722196,26.73457326463449,-1.1102230246251565e-16,0.0
-0.464,625.4241636535401,652.1697958762497,26.745632222709673,0.0,-2.2737367544323206e-13
-0.4635,625.4260749675514,652.1827662096891,26.756691242137776,-1.1102230246251565e-16,0.0
-0.463,625.4279863496176,652.1957366725367,26.767750322919028,0.0,-2.2737367544323206e-13
-0.46249999999999997,625.4298977997378,652.2087072647919,26.77880946505411,-1.1102230246251565e-16,0.0
-0.46199999999999997,625.4318093179108,652.2216779864536,26.789868668542795,0.0,0.0
-0.4615000000000001,625.4337209041348,652.234648837521,26.80092793338622,-1.1102230246251565e-16,-2.2737367544323206e-13
-0.46099999999999997,625.4356325584092,652.2476198179932,26.81198725958393,0.0,0.0
-0.4605,625.4375442807325,652.2605909278695,26.823046647137062,0.0,0.0
-0.46,625.4394560711037,652.2735621671488,26.83410609604516,-1.1102230246251565e-16,0.0
-0.4595,625.4413679295212,652.2865335358304,26.845165606309138,0.0,0.0
-0.4589999999999999,625.443279855984,652.2995050339136,26.856225177929673,0.0,-2.2737367544323206e-13
-0.4585,625.4451918504906,652.3124766613969,26.867284810906312,-1.1102230246251565e-16,0.0
-0.4580000000000001,625.4471039130406,652.3254484182801,26.87834450523951,0.0,0.0
-0.45749999999999996,625.449016043631,652.3384203045621,26.889404260931087,0.0,-2.2737367544323206e-13
-0.45699999999999996,625.4509282422632,652.351392320242,26.900464077978768,-1.1102230246251565e-16,0.0
-0.4565,625.4528405089336,652.3643644653191,26.91152395638551,0.0,-2.2737367544323206e-13
-0.456,625.4547528436422,652.3773367397923,26.922583896150172,0.0,0.0
-0.4555,625.4566652463868,652.3903091436607,26.933643897273896,0.0,0.0
-0.455,625.458577717168,652.4032816769236,26.944703959755543,-1.1102230246251565e-16,0.0
-0.4545,625.4604902559824,652.4162543395805,26.95576408359807,-1.1102230246251565e-16,-2.2737367544323206e-13
-0.45399999999999996,625.4624028628302,652.4292271316297,26.966824268799428,-1.1102230246251565e-16,0.0
-0.45350000000000007,625.46431553771,652.4422000530706,26.97788451536053,0.0,-2.2737367544323206e-13
-0.45300000000000007,625.46622828062,652.4551731039028,26.988944823282736,-1.1102230246251565e-16,-2.2737367544323206e-13
-0.45249999999999996,625.4681410915591,652.4681462841254,27.000005192566277,-1.1102230246251565e-16,-2.2737367544323206e-13
-0.452,625.4700539705264,652.4811195937368,27.01106562321047,-1.1102230246251565e-16,0.0
-0.4515,625.4719669175206,652.4940930327368,27.022126115216224,-1.1102230246251565e-16,-2.2737367544323206e-13
-0.451,625.4738799325407,652.507066601124,27.033186668583312,-1.1102230246251565e-16,-2.2737367544323206e-13
-0.4505,625.4757930155847,652.5200402988985,27.04424728331378,-1.1102230246251565e-16,-2.2737367544323206e-13
-0.45,625.4777061666523,652.5330141260581,27.05530795940581,0.0,0.0
-0.44949999999999996,625.4796193857414,652.5459880826031,27.066368696861673,0.0,0.0
-0.44899999999999995,625.4815326728515,652.5589621685322,27.07742949568069,0.0,0.0
-0.44850000000000007,625.4834460279812,652.5719363838441,27.08849035586286,0.0,-2.2737367544323206e-13
-0.44800000000000006,625.4853594511285,652.5849107285387,27.099551277410228,-1.1102230246251565e-16,-2.2737367544323206e-13
-0.4475,625.4872729422939,652.5978852026146,27.11061226032075,0.0,0.0
-0.447,625.4891865014743,652.6108598060712,27.121673304596925,0.0,-2.2737367544323206e-13
-0.4465,625.4911001286696,652.6238345389067,27.132734410237163,0.0,-2.2737367544323206e-13
-0.44599999999999995,625.4930138238778,652.6368094011223,27.14379557724442,-1.1102230246251565e-16,-2.2737367544323206e-13
-0.44550000000000006,625.4949275870981,652.6497843927152,27.1548568056171,0.0,0.0
-0.44500000000000006,625.4968414183302,652.6627595136852,27.165918095354982,0.0,0.0
-0.44449999999999995,625.4987553175708,652.6757347640321,27.176979446461246,-1.1102230246251565e-16,-2.2737367544323206e-13
-0.44399999999999995,625.5006692848206,652.6887101437533,27.18804085893271,0.0,-2.2737367544323206e-13
-0.4435,625.5025833200775,652.7016856528498,27.199102332772327,-1.1102230246251565e-16,-2.2737367544323206e-13
-0.443,625.5044974233404,652.7146612913195,27.21016386797919,-1.1102230246251565e-16,0.0
-0.4425,625.5064115946079,652.7276370591621,27.22122546455421,0.0,-2.2737367544323206e-13
-0.442,625.5083258338789,652.7406129563767,27.232287122497837,0.0,-2.2737367544323206e-13
-0.4415,625.510240141152,652.7535889829624,27.243348841810302,0.0,-2.2737367544323206e-13
-0.44099999999999995,625.5121545164268,652.7665651389182,27.254410622491378,-1.1102230246251565e-16,0.0
-0.44050000000000006,625.5140689597013,652.779541424243,27.265472464541745,-1.1102230246251565e-16,-2.2737367544323206e-13
-0.44000000000000006,625.5159834709743,652.7925178389362,27.276534367961858,0.0,-2.2737367544323206e-13
-0.4395,625.5178980502449,652.805494382997,27.287596332752173,-1.1102230246251565e-16,0.0
-0.439,625.519812697511,652.8184710564249,27.298658358913826,0.0,-2.2737367544323206e-13
-0.4385,625.5217274127729,652.8314478592185,27.30972044644568,0.0,0.0
-0.438,625.523642196028,652.8444247913765,27.32078259534842,0.0,0.0
-0.4375,625.5255570472755,652.8574018528991,27.331844805623632,0.0,0.0
-0.43700000000000006,625.5274719665149,652.8703790437844,27.3429070772695,0.0,-2.2737367544323206e-13
-0.43650000000000005,625.529386953744,652.8833563640324,27.3539694102883,0.0,0.0
-0.43599999999999994,625.5313020089616,652.8963338136421,27.365031804680484,0.0,-2.2737367544323206e-13
-0.43550000000000005,625.533217132167,652.9093113926119,27.376094260444916,-1.1102230246251565e-16,-2.2737367544323206e-13
-0.43500000000000005,625.5351323233594,652.922289100941,27.387156777581595,0.0,0.0
-0.4345,625.5370475825362,652.9352669386296,27.398219356093477,0.0,-2.2737367544323206e-13
-0.434,625.5389629096971,652.9482449056761,27.409281995978972,0.0,-2.2737367544323206e-13
-0.4335,625.5408783048406,652.9612230020796,27.42034469723899,0.0,-2.2737367544323206e-13
-0.43299999999999994,625.5427937679663,652.9742012278391,27.431407459872844,0.0,0.0
-0.43250000000000005,625.5447092990712,652.987179582954,27.442470283882813,-1.1102230246251565e-16,0.0
-0.43200000000000005,625.5466248981556,653.0001580674236,27.453533169267985,-1.1102230246251565e-16,0.0
-0.43149999999999994,625.548540565218,653.0131366812466,27.464596116028588,-1.1102230246251565e-16,0.0
-0.431,625.5504563002571,653.0261154244224,27.475659124165304,-1.1102230246251565e-16,0.0
-0.4305,625.5523721032712,653.03909429695,27.486722193678816,0.0,0.0
-0.4300000000000001,625.5542879742598,653.0520732988284,27.497785324568667,1.1102230246251565e-16,0.0
-0.4295,625.556203913221,653.0650524300574,27.50884851683645,0.0,0.0
-0.429,625.5581199201536,653.078031690635,27.519911770481485,0.0,0.0
-0.42850000000000005,625.560035995057,653.0910110805612,27.530975085504224,-1.1102230246251565e-16,0.0
-0.42799999999999994,625.5619521379297,653.103990599835,27.54203846190535,-1.1102230246251565e-16,-2.2737367544323206e-13
-0.42750000000000005,625.5638683487707,653.1169702484553,27.553101899684634,0.0,-2.2737367544323206e-13
-0.42700000000000005,625.5657846275776,653.1299500264213,27.56416539884367,0.0,0.0
-0.4265,625.5677009743508,653.1429299337321,27.57522895938132,0.0,-2.2737367544323206e-13
-0.426,625.5696173890881,653.1559099703873,27.586292581299176,0.0,-2.2737367544323206e-13
-0.4255,625.5715338717887,653.1688901363855,27.597356264596783,0.0,0.0
-0.425,625.5734504224508,653.1818704317257,27.608420009274823,0.0,0.0
-0.4245,625.5753670410738,653.1948508564071,27.619483815333297,-1.1102230246251565e-16,-2.2737367544323206e-13
-0.42400000000000004,625.5772837276561,653.2078314104292,27.630547682773113,0.0,-2.2737367544323206e-13
-0.42350000000000004,625.5792004821969,653.2208120937905,27.64161161159359,0.0,0.0
-0.42299999999999993,625.5811173046945,653.2337929064909,27.652675601796318,0.0,0.0
-0.42250000000000004,625.583034195148,653.2467738485295,27.663739653381526,0.0,-2.2737367544323206e-13
-0.4220000000000001,625.584951153556,653.2597549199043,27.674803766348305,-1.1102230246251565e-16,0.0
-0.4215,625.5868681799172,653.272736120616,27.6858679406987,1.1102230246251565e-16,0.0
-0.421,625.5887852742305,653.2857174506626,27.69693217643203,-1.1102230246251565e-16,-2.2737367544323206e-13
-0.4205,625.5907024364951,653.2986989100432,27.707996473548064,0.0,0.0
-0.41999999999999993,625.5926196667087,653.3116804987578,27.71906083204908,0.0,-2.2737367544323206e-13
-0.41950000000000004,625.5945369648709,653.3246622168047,27.730125251933714,-1.1102230246251565e-16,-2.2737367544323206e-13
-0.41900000000000004,625.5964543309808,653.3376440641832,27.741189733202418,-1.1102230246251565e-16,-2.2737367544323206e-13
-0.41850000000000004,625.5983717650365,653.3506260408931,27.752254275856558,0.0,-2.2737367544323206e-13
-0.418,625.6002892670367,653.3636081469322,27.76331887989545,-1.1102230246251565e-16,-2.2737367544323206e-13
-0.4175,625.6022068369807,653.376590382301,27.774383545320234,-1.1102230246251565e-16,0.0
-0.4170000000000001,625.6041244748669,653.3895727469976,27.78544827213068,-1.1102230246251565e-16,0.0
-0.4165,625.6060421806942,653.4025552410219,27.796513060327698,-1.1102230246251565e-16,-2.2737367544323206e-13
-0.416,625.6079599544612,653.4155378643723,27.80757790991106,-2.220446049250313e-16,-2.2737367544323206e-13
-0.41550000000000004,625.609877796167,653.4285206170484,27.81864282088145,-1.1102230246251565e-16,-2.2737367544323206e-13
-0.4149999999999999,625.6117957058104,653.4415034990491,27.82970779323864,0.0,-2.2737367544323206e-13
-0.41450000000000004,625.6137136833897,653.4544865103744,27.840772826984676,0.0,-2.2737367544323206e-13
-0.41400000000000003,625.6156317289042,653.4674696510217,27.85183792211751,-1.1102230246251565e-16,-2.2737367544323206e-13
-0.4135,625.6175498423527,653.4804529209914,27.862903078638737,-1.1102230246251565e-16,0.0
-0.413,625.6194680237334,653.4934363202822,27.87396829654881,-1.1102230246251565e-16,-2.2737367544323206e-13
-0.4125,625.6213862730453,653.5064198488935,27.885033575848183,-1.1102230246251565e-16,-2.2737367544323206e-13
-0.4120000000000001,625.6233045902877,653.5194035068237,27.896098916535948,-1.1102230246251565e-16,-2.2737367544323206e-13
-0.41150000000000003,625.6252229754589,653.5323872940733,27.907164318614377,-1.1102230246251565e-16,0.0
-0.41100000000000003,625.6271414285579,653.54537121064,27.918229782082108,0.0,-2.2737367544323206e-13
-0.41050000000000003,625.6290599495826,653.5583552565238,27.929295306941185,-1.1102230246251565e-16,-2.2737367544323206e-13
-0.4099999999999999,625.6309785385331,653.5713394317236,27.940360893190473,0.0,0.0
-0.40950000000000003,625.6328971954074,653.5843237362378,27.951426540830425,-1.1102230246251565e-16,-2.2737367544323206e-13
-0.4090000000000001,625.6348159202043,653.5973081700668,27.962492249862407,0.0,-2.2737367544323206e-13
-0.4085,625.636734712923,653.6102927332086,27.97355802028551,-1.1102230246251565e-16,0.0
-0.408,625.6386535735621,653.623277425663,27.984623852100867,0.0,0.0
-0.4075,625.6405725021204,653.6362622474292,27.99568974530871,-1.1102230246251565e-16,-2.2737367544323206e-13
-0.4069999999999999,625.6424914985962,653.6492471985057,28.00675569990949,-1.1102230246251565e-16,-2.2737367544323206e-13
-0.40650000000000003,625.6444105629887,653.6622322788919,28.01782171590321,-1.1102230246251565e-16,0.0
-0.406,625.6463296952966,653.6752174885874,28.028887793290778,-1.1102230246251565e-16,0.0
-0.4055,625.6482488955194,653.6882028275907,28.039953932071285,0.0,-2.2737367544323206e-13
-0.40499999999999997,625.6501681636541,653.7011882959009,28.051020132246776,0.0,0.0
-0.40449999999999997,625.6520874997013,653.7141738935175,28.062086393816116,0.0,0.0
-0.4040000000000001,625.6540069036587,653.72715962044,28.07315271678135,-1.1102230246251565e-16,0.0
-0.40349999999999997,625.6559263755255,653.7401454766664,28.08421910114089,-1.1102230246251565e-16,0.0
-0.403,625.6578459153009,653.7531314621958,28.095285546894956,-1.1102230246251565e-16,0.0
-0.4025,625.6597655229828,653.7661175770288,28.106352054046056,-1.1102230246251565e-16,-2.2737367544323206e-13
-0.4019999999999999,625.6616851985702,653.7791038211635,28.117418622593277,0.0,0.0
-0.4015,625.6636049420624,653.792090194599,28.12848525253662,0.0,-2.2737367544323206e-13
-0.401,625.6655247534572,653.8050766973349,28.139551943877677,-1.1102230246251565e-16,0.0
-0.4005000000000001,625.6674446327552,653.8180633293696,28.1506186966144,0.0,-2.2737367544323206e-13
-0.39999999999999997,625.669364579953,653.8310500907025,28.16168551074952,-1.1102230246251565e-16,-2.2737367544323206e-13
-0.39949999999999997,625.6712845950506,653.8440369813331,28.172752386282582,0.0,-2.2737367544323206e-13
-0.3990000000000001,625.6732046780467,653.85702400126,28.183819323213356,-1.1102230246251565e-16,0.0
-0.3985,625.6751248289397,653.8700111504827,28.19488632154298,0.0,0.0
-0.398,625.6770450477286,653.8829984290003,28.205953381271684,0.0,0.0
-0.3975,625.6789653344122,653.8959858368116,28.217020502399464,-1.1102230246251565e-16,-2.2737367544323206e-13
-0.3969999999999999,625.6808856889893,653.9089733739161,28.228087684926777,0.0,-2.2737367544323206e-13
-0.3965,625.6828061114588,653.9219610403127,28.23915492885385,0.0,-2.2737367544323206e-13
-0.3960000000000001,625.6847266018192,653.9349488360003,28.250222234181138,0.0,-2.2737367544323206e-13
-0.39549999999999996,625.6866471600697,653.9479367609783,28.26128960090864,-1.1102230246251565e-16,0.0
-0.39499999999999996,625.6885677862083,653.9609248152462,28.27235702903795,0.0,0.0
-0.3945,625.6904884802343,653.9739129988025,28.283424518568154,0.0,0.0
-0.39400000000000013,625.6924092421466,653.9869013116465,28.29449206949994,-1.1102230246251565e-16,-2.2737367544323206e-13
-0.3935,625.6943300719438,653.9998897537771,28.3055596818333,-1.1102230246251565e-16,0.0
-0.393,625.696250969625,654.0128783251939,28.316627355568926,0.0,-2.2737367544323206e-13
-0.3925,625.6981719351882,654.0258670258954,28.327695090707266,-1.1102230246251565e-16,-2.2737367544323206e-13
-0.39199999999999996,625.700092968633,654.0388558558818,28.338762887248777,1.1102230246251565e-16,-2.2737367544323206e-13
-0.39149999999999996,625.7020140699578,654.0518448151506,28.349830745192776,-1.1102230246251565e-16,-2.2737367544323206e-13
-0.39100000000000007,625.7039352391616,654.064833903702,28.3608986645404,0.0,-2.2737367544323206e-13
-0.39049999999999996,625.7058564762426,654.0778231215354,28.371966645292787,0.0,0.0
-0.39,625.7077777812003,654.0908124686489,28.38303468744857,0.0,-2.2737367544323206e-13
-0.3895,625.7096991540329,654.1038019450427,28.3941027910098,-1.1102230246251565e-16,0.0
-0.3889999999999999,625.7116205947393,654.1167915507153,28.40517095597602,0.0,-2.2737367544323206e-13
-0.3885,625.7135421033188,654.1297812856656,28.41623918234677,-1.1102230246251565e-16,0.0
-0.388,625.7154636797698,654.1427711498925,28.42730747012274,-1.1102230246251565e-16,0.0
-0.38750000000000007,625.7173853240913,654.1557611433964,28.438375819305065,0.0,-2.2737367544323206e-13
-0.38699999999999996,625.7193070362814,654.1687512661751,28.449444229893743,-1.1102230246251565e-16,0.0
-0.38649999999999995,625.7212288163396,654.1817415182286,28.460512701889,0.0,-2.2737367544323206e-13
-0.38600000000000007,625.7231506642645,654.1947318995558,28.471581235291296,0.0,-2.2737367544323206e-13
-0.3855,625.7250725800545,654.2077224101556,28.48264983010108,-1.1102230246251565e-16,-2.2737367544323206e-13
-0.385,625.7269945637092,654.2207130500271,28.493718486317903,0.0,0.0
-0.3845,625.7289166152264,654.2337038191692,28.504787203942897,0.0,0.0
-0.38399999999999995,625.7308387346056,654.2466947175817,28.515855982976063,0.0,0.0
-0.38350000000000006,625.7327609218455,654.2596857452634,28.526924823417858,0.0,-2.2737367544323206e-13
-0.38300000000000006,625.7346831769444,654.2726769022131,28.537993725268734,0.0,-2.2737367544323206e-13
-0.38250000000000006,625.7366054999013,654.2856681884298,28.549062688528466,0.0,0.0
-0.38199999999999995,625.7385278907154,654.2986596039136,28.56013171319819,0.0,0.0
-0.3815,625.7404503493854,654.3116511486626,28.57120079927722,-2.220446049250313e-16,-2.2737367544323206e-13
-0.3810000000000001,625.7423728759097,654.324642822676,28.582269946766246,-1.1102230246251565e-16,0.0
-0.3805,625.7442954702869,654.3376346259536,28.593339155666627,0.0,-2.2737367544323206e-13
-0.38,625.7462181325163,654.3506265584942,28.60440842597791,-1.1102230246251565e-16,-2.2737367544323206e-13
-0.3795,625.7481408625965,654.3636186202966,28.61547775770009,0.0,0.0
-0.37899999999999995,625.7500636605264,654.3766108113603,28.626547150833858,-1.1102230246251565e-16,-2.2737367544323206e-13
-0.37849999999999995,625.7519865263039,654.389603131684,28.637616605380117,-1.1102230246251565e-16,0.0
-0.37800000000000006,625.7539094599299,654.4025955812672,28.648686121337278,-2.220446049250313e-16,0.0
-0.3775,625.7558324614013,654.4155881601087,28.659755698707386,-1.1102230246251565e-16,0.0
-0.377,625.7577555307171,654.428580868208,28.670825337490896,0.0,-2.2737367544323206e-13
-0.3765,625.7596786678762,654.4415737055642,28.681895037688037,0.0,0.0
-0.376,625.7616018728781,654.4545666721758,28.69296479929767,-1.1102230246251565e-16,-2.2737367544323206e-13
-0.3755,625.7635251457207,654.4675597680423,28.704034622321615,-1.1102230246251565e-16,0.0
-0.37500000000000006,625.7654484864038,654.480552993163,28.71510450675919,0.0,0.0
-0.37450000000000006,625.767371894925,654.4935463475367,28.726174452611758,-1.1102230246251565e-16,0.0
-0.37399999999999994,625.7692953712833,654.5065398311631,28.737244459879776,0.0,-2.2737367544323206e-13
-0.37349999999999994,625.7712189154784,654.5195334440405,28.748314528562105,-1.1102230246251565e-16,-2.2737367544323206e-13
-0.37300000000000005,625.7731425275083,654.5325271861684,28.75938465866011,0.0,-2.2737367544323206e-13
-0.3725,625.7750662073718,654.5455210575458,28.77045485017402,-1.1102230246251565e-16,-2.2737367544323206e-13
-0.372,625.7769899550676,654.5585150581721,28.781525103104514,0.0,-2.2737367544323206e-13
-0.3715,625.7789137705952,654.5715091880459,28.792595417450684,0.0,0.0
-0.37099999999999994,625.7808376539529,654.5845034471668,28.803665793213895,-1.1102230246251565e-16,-2.2737367544323206e-13
-0.37050000000000005,625.7827616051391,654.5974978355337,28.8147362303946,-1.1102230246251565e-16,-2.2737367544323206e-13
-0.37000000000000005,625.7846856241533,654.6104923531459,28.825806728992575,0.0,0.0
-0.36950000000000005,625.7866097109938,654.6234870000019,28.836877289008044,-1.1102230246251565e-16,-2.2737367544323206e-13
-0.369,625.7885338656597,654.6364817761014,28.84794791044169,-1.1102230246251565e-16,-2.2737367544323206e-13
-0.3685,625.7904580881495,654.6494766814435,28.859018593293968,0.0,-2.2737367544323206e-13
-0.3680000000000001,625.792382378462,654.6624717160269,28.870089337564877,-1.1102230246251565e-16,-2.2737367544323206e-13
-0.3675,625.7943067365961,654.6754668798515,28.88116014325533,-1.1102230246251565e-16,0.0
-0.367,625.7962311625508,654.6884621729155,28.89223101036464,0.0,-2.2737367544323206e-13
-0.36650000000000005,625.7981556563248,654.701457595218,28.903301938893264,-1.1102230246251565e-16,-2.2737367544323206e-13
-0.36599999999999994,625.8000802179163,654.7144531467591,28.914372928842795,0.0,0.0
-0.36549999999999994,625.8020048473247,654.727448827537,28.92544398021232,-1.1102230246251565e-16,-2.2737367544323206e-13
-0.36500000000000005,625.803929544549,654.740444637551,28.936515093002072,0.0,0.0
-0.36450000000000005,625.805854309587,654.7534405768008,28.947586267213865,0.0,0.0
-0.364,625.807779142438,654.7664366452846,28.958657502846563,-1.1102230246251565e-16,0.0
-0.3635,625.8097040431012,654.7794328430023,28.969728799901077,0.0,0.0
-0.363,625.8116290115752,654.7924291699524,28.98080015837718,-1.1102230246251565e-16,0.0
-0.3625,625.8135540478586,654.8054256261341,28.99187157827555,0.0,0.0
-0.36200000000000004,625.8154791519496,654.8184222115472,29.002943059597555,0.0,0.0
-0.36150000000000004,625.8174043238485,654.8314189261896,29.01401460234115,0.0,0.0
-0.36099999999999993,625.8193295635522,654.8444157700615,29.025086206509286,-1.1102230246251565e-16,-2.2737367544323206e-13
-0.3605,625.8212548710615,654.8574127431614,29.03615787209992,-1.1102230246251565e-16,0.0
-0.3600000000000001,625.8231802463738,654.8704098454884,29.047229599114644,1.1102230246251565e-16,-2.2737367544323206e-13
-0.3595,625.8251056894876,654.8834070770424,29.05830138755482,0.0,0.0
-0.359,625.8270312004031,654.8964044378215,29.069373237418404,1.1102230246251565e-16,-2.2737367544323206e-13
-0.3585,625.8289567791176,654.9094019278252,29.080445148707668,-2.220446049250313e-16,0.0
-0.35800000000000004,625.830882425631,654.9223995470529,29.09151712142193,-1.1102230246251565e-16,0.0
-0.35750000000000004,625.8328081399416,654.935397295503,29.102589155561418,-1.1102230246251565e-16,-2.2737367544323206e-13
-0.35700000000000004,625.834733922049,654.9483951731752,29.113661251126132,-1.1102230246251565e-16,-2.2737367544323206e-13
-0.35650000000000004,625.83665977195,654.9613931800684,29.124733408118345,-1.1102230246251565e-16,-2.2737367544323206e-13
-0.356,625.8385856896455,654.9743913161815,29.135805626536012,-1.1102230246251565e-16,0.0
-0.3555,625.8405116751328,654.9873895815142,29.146877906381405,-1.1102230246251565e-16,0.0
-0.3550000000000001,625.842437728412,655.0003879760648,29.157950247652707,0.0,0.0
-0.3545,625.8443638494812,655.0133864998334,29.16902265035219,1.1102230246251565e-16,-2.2737367544323206e-13
-0.354,625.8462900383383,655.0263851528182,29.180095114479855,-1.1102230246251565e-16,0.0
-0.35350000000000004,625.8482162949836,655.0393839350188,29.191167640035246,0.0,0.0
-0.3529999999999999,625.850142619415,655.052382846434,29.202240227019047,0.0,0.0
-0.3524999999999999,625.8520690116318,655.0653818870633,29.213312875431484,-1.1102230246251565e-16,0.0
-0.35200000000000004,625.8539954716323,655.0783810569053,29.224385585273012,-1.1102230246251565e-16,-2.2737367544323206e-13
-0.35150000000000003,625.8559219994156,655.0913803559595,29.23545835654386,0.0,0.0
-0.351,625.8578485949804,655.1043797842246,29.24653118924425,-1.1102230246251565e-16,0.0
-0.3505,625.8597752583255,655.1173793417006,29.2576040833751,-1.1102230246251565e-16,-2.2737367544323206e-13
-0.35,625.8617019894491,655.130379028386,29.268677038936858,-1.1102230246251565e-16,-2.2737367544323206e-13
-0.34950000000000003,625.8636287883514,655.1433788442789,29.27975005592748,0.0,0.0
-0.34900000000000003,625.8655556550298,655.1563787893804,29.290823134350603,1.1102230246251565e-16,0.0
-0.34850000000000003,625.8674825894836,655.1693788636883,29.301896274204637,0.0,0.0
-0.3479999999999999,625.8694095917117,655.1823790672017,29.312969475490036,0.0,0.0
-0.3475,625.871336661713,655.1953793999205,29.32404273820748,-1.1102230246251565e-16,0.0
-0.3470000000000001,625.873263799486,655.208379861843,29.335116062356974,-1.1102230246251565e-16,0.0
-0.3465,625.8751910050294,655.2213804529688,29.346189447939423,0.0,-2.2737367544323206e-13
-0.346,625.8771182783426,655.2343811732962,29.357262894953692,1.1102230246251565e-16,-2.2737367544323206e-13
-0.3455,625.8790456194233,655.2473820228251,29.368336403401827,-1.1102230246251565e-16,0.0
-0.34500000000000003,625.880973028271,655.260383001555,29.379409973284055,-1.1102230246251565e-16,0.0
-0.34450000000000003,625.8829005048847,655.2733841094839,29.39048360459924,0.0,0.0
-0.34400000000000003,625.8848280492628,655.2863853466117,29.401557297348972,-1.1102230246251565e-16,-2.2737367544323206e-13
-0.3435,625.8867556614041,655.2993867129371,29.412631051533026,0.0,-2.2737367544323206e-13
-0.34299999999999997,625.8886833413073,655.3123882084597,29.42370486715231,-1.1102230246251565e-16,-2.2737367544323206e-13
-0.34249999999999997,625.8906110889718,655.3253898331775,29.434778744205687,0.0,0.0
-0.3420000000000001,625.8925389043957,655.3383915870909,29.445852682695204,-2.220446049250313e-16,-2.2737367544323206e-13
-0.34149999999999997,625.8944667875778,655.3513934701982,29.456926682620406,0.0,-2.2737367544323206e-13
-0.341,625.8963947385178,655.3643954824988,29.468000743981065,0.0,-2.2737367544323206e-13
-0.3405,625.8983227572132,655.3773976239918,29.479074866778546,1.1102230246251565e-16,0.0
-0.34,625.9002508436633,655.390399894676,29.490149051012622,-1.1102230246251565e-16,-2.2737367544323206e-13
-0.3395,625.9021789978676,655.4034022945505,29.501223296682838,-1.1102230246251565e-16,-2.2737367544323206e-13
-0.339,625.9041072198238,655.4164048236148,29.512297603791012,-1.1102230246251565e-16,0.0
-0.3385000000000001,625.906035509531,655.4294074818683,29.523371972337372,-1.1102230246251565e-16,0.0
-0.33799999999999997,625.9079638669884,655.4424102693094,29.53444640232101,0.0,-2.2737367544323206e-13
-0.33749999999999997,625.9098922921946,655.4554131859375,29.545520893742832,0.0,-2.2737367544323206e-13
-0.33699999999999997,625.9118207851484,655.468416231751,29.556595446602614,0.0,0.0
-0.3365,625.9137493458481,655.4814194067505,29.5676700609024,0.0,0.0
-0.336,625.9156779742932,655.4944227109338,29.5787447366406,0.0,-2.2737367544323206e-13
-0.3355,625.9176066704822,655.5074261443001,29.589819473817897,-1.1102230246251565e-16,0.0
-0.3349999999999999,625.9195354344135,655.5204297068494,29.60089427243588,0.0,0.0
-0.33449999999999996,625.9214642660866,655.53343339858,29.611969132493414,-2.220446049250313e-16,0.0
-0.3340000000000001,625.9233931654999,655.5464372194908,29.623044053990952,-1.1102230246251565e-16,0.0
-0.3335000000000001,625.9253221326524,655.5594411695822,29.63411903692986,0.0,-2.2737367544323206e-13
-0.33299999999999996,625.9272511675422,655.5724452488521,29.64519408130991,-1.1102230246251565e-16,-2.2737367544323206e-13
-0.3325,625.9291802701691,655.5854494572998,29.656269187130647,0.0,-2.2737367544323206e-13
-0.332,625.9311094405309,655.5984537949244,29.667344354393435,0.0,-2.2737367544323206e-13
-0.3315,625.9330386786269,655.6114582617254,29.678419583098503,-1.1102230246251565e-16,-2.2737367544323206e-13
-0.331,625.9349679844563,655.624462857701,29.689494873244712,-2.220446049250313e-16,-2.2737367544323206e-13
-0.3305,625.9368973580176,655.6374675828517,29.70057022483411,-1.1102230246251565e-16,-2.2737367544323206e-13
-0.32999999999999996,625.9388267993093,655.6504724371753,29.711645637866013,1.1102230246251565e-16,0.0
-0.32949999999999996,625.9407563083298,655.6634774206718,29.722721112342015,-1.1102230246251565e-16,-2.2737367544323206e-13
-0.32900000000000007,625.9426858850791,655.6764825333398,29.73379664826075,0.0,0.0
-0.32849999999999996,625.9446155295548,655.6894877751783,29.744872245623583,0.0,0.0
-0.328,625.9465452417562,655.702493146187,29.75594790443074,-1.1102230246251565e-16,0.0
-0.3275,625.9484750216823,655.7154986463643,29.767023624681997,-1.1102230246251565e-16,-2.2737367544323206e-13
-0.327,625.950404869332,655.7285042757096,29.778099406377578,-1.1102230246251565e-16,0.0
-0.3265,625.9523347847032,655.7415100342216,29.789175249518394,-1.1102230246251565e-16,0.0
-0.326,625.9542647677958,655.7545159219003,29.800251154104444,0.0,-2.2737367544323206e-13
-0.32550000000000007,625.9561948186072,655.7675219387445,29.81132712013732,0.0,0.0
-0.32499999999999996,625.9581249371377,655.7805280847529,29.822403147615205,0.0,0.0
-0.32449999999999996,625.9600551233852,655.7935343599247,29.83347923653946,-1.1102230246251565e-16,-2.2737367544323206e-13
-0.324,625.961985377349,655.8065407642587,29.844555386909633,0.0,-2.2737367544323206e-13
-0.3235,625.9639156990274,655.819547297755,29.85563159872754,-1.1102230246251565e-16,-2.2737367544323206e-13
-0.323,625.9658460884195,655.832553960412,29.866707871992503,-1.1102230246251565e-16,-2.2737367544323206e-13
-0.3225,625.967776545524,655.8455607522283,29.87778420670429,0.0,0.0
-0.322,625.9697070703396,655.8585676732041,29.888860602864497,-1.1102230246251565e-16,0.0
-0.32149999999999995,625.9716376628649,655.8715747233377,29.899937060472894,0.0,0.0
-0.32100000000000006,625.9735683230992,655.8845819026285,29.911013579529254,0.0,0.0
-0.32050000000000006,625.975499051041,655.8975892110757,29.922090160034713,0.0,0.0
-0.31999999999999995,625.9774298466889,655.9105966486784,29.9331668019895,0.0,-2.2737367544323206e-13
-0.3195,625.9793607100423,655.923604215435,29.944243505392706,0.0,0.0
-0.319,625.9812916410992,655.9366119113454,29.955320270246148,0.0,-2.2737367544323206e-13
-0.3185,625.9832226398592,655.9496197364083,29.966397096549144,-1.1102230246251565e-16,0.0
-0.318,625.9851537063205,655.9626276906231,29.977473984302605,0.0,0.0
-0.3175,625.9870848404821,655.9756357739889,29.988550933506758,0.0,0.0
-0.31699999999999995,625.9890160423429,655.9886439865045,29.999627944161602,-1.1102230246251565e-16,-2.2737367544323206e-13
-0.31649999999999995,625.9909473119014,656.0016523281688,30.010705016267366,-1.1102230246251565e-16,0.0
-0.31600000000000006,625.9928786491566,656.0146607989811,30.021782149824503,-1.1102230246251565e-16,0.0
-0.31550000000000006,625.9948100541071,656.0276693989415,30.032859344834378,-1.1102230246251565e-16,-2.2737367544323206e-13
-0.315,625.9967415267522,656.0406781280474,30.043936601295172,-1.1102230246251565e-16,-2.2737367544323206e-13
-0.3145,625.9986730670898,656.0536869862988,30.055013919208932,-1.1102230246251565e-16,-2.2737367544323206e-13
-0.314,626.0006046751196,656.066695973695,30.06609129857543,-1.1102230246251565e-16,0.0
-0.3135,626.0025363508398,656.079705090234,30.07716873939421,-1.1102230246251565e-16,0.0
-0.31300000000000006,626.0044680942494,656.0927143359165,30.088246241667093,-1.1102230246251565e-16,0.0
-0.31250000000000006,626.006399905347,656.1057237107404,30.099323805393396,0.0,0.0
-0.31199999999999994,626.0083317841322,656.1187332147051,30.110401430572892,0.0,-2.2737367544323206e-13
-0.31149999999999994,626.0102637306024,656.1317428478096,30.121479117207173,-1.1102230246251565e-16,0.0
-0.311,626.0121957447577,656.1447526100535,30.132556865295783,0.0,-2.2737367544323206e-13
-0.3105,626.0141278265965,656.1577625014354,30.14363467483895,0.0,0.0
-0.31,626.0160599761168,656.1707725219546,30.15471254583781,0.0,-2.2737367544323206e-13
-0.3095,626.0179921933184,656.1837826716094,30.165790478291,-1.1102230246251565e-16,0.0
-0.309,626.0199244781998,656.1967929504003,30.176868472200567,-1.1102230246251565e-16,0.0
-0.30849999999999994,626.0218568307594,656.2098033583261,30.187946527566737,-1.1102230246251565e-16,-2.2737367544323206e-13
-0.30800000000000005,626.023789250997,656.2228138953844,30.199024644387464,0.0,0.0
-0.30750000000000005,626.0257217389099,656.2358245615758,30.21010282266593,0.0,0.0
-0.307,626.0276542944976,656.2488353568992,30.221181062401683,-1.1102230246251565e-16,-2.2737367544323206e-13
-0.3065,626.0295869177594,656.2618462813534,30.23225936359404,0.0,0.0
-0.306,626.0315196086935,656.2748573349377,30.243337726244135,-1.1102230246251565e-16,-2.2737367544323206e-13
-0.3055,626.0334523672993,656.2878685176508,30.254416150351517,0.0,-2.2737367544323206e-13
-0.305,626.0353851935743,656.3008798294918,30.26549463591755,0.0,0.0
-0.30450000000000005,626.037318087519,656.3138912704608,30.276573182941775,0.0,-2.2737367544323206e-13
-0.30400000000000005,626.039251049131,656.3269028405552,30.287651791424196,-1.1102230246251565e-16,0.0
-0.30349999999999994,626.0411840784091,656.3399145397757,30.29873046136663,0.0,-2.2737367544323206e-13
-0.30300000000000005,626.043117175353,656.3529263681203,30.30980919276726,0.0,0.0
-0.30250000000000005,626.0450503399604,656.3659383255883,30.320887985627905,0.0,-2.2737367544323206e-13
-0.302,626.0469835722306,656.3789504121794,30.33196683994879,-1.1102230246251565e-16,-2.2737367544323206e-13
-0.3015,626.0489168721629,656.3919626278923,30.343045755729463,0.0,-2.2737367544323206e-13
-0.301,626.0508502397549,656.4049749727258,30.35412473297083,0.0,0.0
-0.3005,626.052783675007,656.4179874466788,30.36520377167176,-1.1102230246251565e-16,0.0
-0.30000000000000004,626.0547171779165,656.4310000497514,30.376282871834974,-1.1102230246251565e-16,0.0
-0.29950000000000004,626.0566507484828,656.4440127819421,30.38736203345934,-1.1102230246251565e-16,-2.2737367544323206e-13
-0.29899999999999993,626.0585843867045,656.4570256432501,30.39844125654554,-2.220446049250313e-16,0.0
-0.29849999999999993,626.0605180925807,656.4700386336744,30.409520541093798,-1.1102230246251565e-16,0.0
-0.29800000000000004,626.0624518661102,656.4830517532139,30.420599887103663,0.0,-2.2737367544323206e-13
-0.2975000000000001,626.0643857072912,656.4960650018679,30.431679294576725,-1.1102230246251565e-16,-2.2737367544323206e-13
-0.297,626.0663196161231,656.5090783796354,30.442758763512302,-1.1102230246251565e-16,-2.2737367544323206e-13
-0.2965,626.0682535926051,656.5220918865152,30.453838293910167,0.0,0.0
-0.29600000000000004,626.0701876367345,656.5351055225076,30.464917885773048,0.0,-2.2737367544323206e-13
-0.29549999999999993,626.0721217485116,656.54811928761,30.475997539098444,-1.1102230246251565e-16,0.0
-0.29500000000000004,626.0740559279343,656.5611331818229,30.48707725388863,0.0,-2.2737367544323206e-13
-0.29450000000000004,626.0759901750016,656.5741472051445,30.49815703014292,-1.1102230246251565e-16,0.0
-0.294,626.077924489713,656.5871613575744,30.50923686786132,-1.1102230246251565e-16,-2.2737367544323206e-13
-0.2935,626.0798588720661,656.6001756391113,30.520316767045188,-1.1102230246251565e-16,0.0
-0.293,626.0817933220603,656.6131900497546,30.5313967276943,-1.1102230246251565e-16,-2.2737367544323206e-13
-0.2925,626.0837278396946,656.6262045895032,30.542476749808657,-1.1102230246251565e-16,-2.2737367544323206e-13
-0.292,626.0856624249675,656.6392192583562,30.55355683338871,0.0,0.0
-0.29150000000000004,626.0875970778777,656.6522340563129,30.564636978435146,0.0,0.0
-0.29100000000000004,626.0895317984241,656.6652489833718,30.575717184947734,0.0,0.0
-0.2904999999999999,626.091466586606,656.6782640395331,30.586797452927158,-1.1102230246251565e-16,-2.2737367544323206e-13
-0.29000000000000004,626.0934014424213,656.6912792247947,30.597877782373416,-1.1102230246251565e-16,-2.2737367544323206e-13
-0.28950000000000004,626.0953363658693,656.7042945391561,30.608958173286737,0.0,-2.2737367544323206e-13
-0.289,626.0972713569488,656.7173099826164,30.620038625667576,0.0,-2.2737367544323206e-13
-0.2885,626.0992064156583,656.7303255551753,30.631119139517068,-2.220446049250313e-16,-2.2737367544323206e-13
-0.288,626.1011415419971,656.7433412568307,30.642199714833623,0.0,0.0
-0.28750000000000003,626.1030767359634,656.756357087583,30.653280351619514,0.0,0.0
-0.28700000000000003,626.1050119975564,656.7693730474298,30.664361049873378,0.0,0.0
-0.28650000000000003,626.1069473267746,656.7823891363714,30.675441809596805,-1.1102230246251565e-16,0.0
-0.28600000000000003,626.1088827236174,656.7954053544065,30.686522630789113,0.0,0.0
-0.2855,626.1108181880829,656.8084217015341,30.697603513451213,-1.1102230246251565e-16,-2.2737367544323206e-13
-0.2850000000000001,626.1127537201703,656.8214381777532,30.708684457582876,0.0,-2.2737367544323206e-13
-0.2845000000000001,626.1146893198779,656.8344547830634,30.719765463185468,-1.1102230246251565e-16,-2.2737367544323206e-13
-0.284,626.1166249872056,656.847471517463,30.730846530257395,-1.1102230246251565e-16,0.0
-0.2835,626.118560722151,656.8604883809519,30.741927658800932,0.0,0.0
-0.28300000000000003,626.1204965247132,656.8735053735286,30.753008848815398,-1.1102230246251565e-16,0.0
-0.2824999999999999,626.1224323948913,656.8865224951921,30.76409010030079,-1.1102230246251565e-16,0.0
-0.28200000000000003,626.1243683326836,656.8995397459421,30.775171413258477,-1.1102230246251565e-16,0.0
-0.28150000000000003,626.1263043380898,656.9125571257773,30.786252787687545,0.0,-2.2737367544323206e-13
-0.28099999999999997,626.1282404111082,656.9255746346964,30.797334223588223,-1.1102230246251565e-16,0.0
-0.28049999999999997,626.1301765517367,656.9385922726995,30.808415720962785,-1.1102230246251565e-16,-2.2737367544323206e-13
-0.27999999999999997,626.1321127599756,656.951610039785,30.81949727980941,-1.1102230246251565e-16,0.0
-0.2795000000000001,626.1340490358227,656.9646279359517,30.830578900129012,0.0,-2.2737367544323206e-13
-0.279,626.1359853792767,656.9776459611996,30.84166058192295,0.0,-2.2737367544323206e-13
-0.2785,626.1379217903377,656.9906641155267,30.852742325188956,-1.1102230246251565e-16,0.0
-0.278,626.1398582690031,657.003682398933,30.86382412992998,0.0,0.0
-0.2774999999999999,626.1417948152725,657.0167008114172,30.874905996144662,0.0,0.0
-0.277,626.1437314291438,657.029719352978,30.885987923834136,0.0,0.0
-0.2765000000000001,626.145668110617,657.0427380236149,30.89706991299795,-1.1102230246251565e-16,0.0
-0.27599999999999997,626.1476048596901,657.0557568233276,30.908151963637465,0.0,-2.2737367544323206e-13
-0.27549999999999997,626.1495416763619,657.0687757521141,30.91923407575223,-1.1102230246251565e-16,-2.2737367544323206e-13
-0.27499999999999997,626.1514785606314,657.0817948099736,30.93031624934224,-2.220446049250313e-16,0.0
-0.2745,626.1534155124973,657.0948139969059,30.941398484408637,-1.1102230246251565e-16,0.0
-0.274,626.1553525319584,657.1078333129096,30.95248078095119,-1.1102230246251565e-16,0.0
-0.2735,626.1572896190144,657.1208527579836,30.96356313896922,0.0,-2.2737367544323206e-13
-0.273,626.1592267736621,657.1338723321273,30.974645558465227,-1.1102230246251565e-16,-2.2737367544323206e-13
-0.27249999999999996,626.1611639959015,657.1468920353404,30.985728039438982,0.0,-2.2737367544323206e-13
-0.2720000000000001,626.1631012857322,657.1599118676204,30.996810581888212,-1.1102230246251565e-16,0.0
-0.2715000000000001,626.1650386431515,657.1729318289676,31.0078931858161,-1.1102230246251565e-16,-2.2737367544323206e-13
-0.27099999999999996,626.1669760681591,657.1859519193811,31.018975851221967,0.0,0.0
-0.2705,626.1689135607535,657.1989721388591,31.03005857810558,-1.1102230246251565e-16,-2.2737367544323206e-13
-0.27,626.1708511209333,657.2119924874021,31.041141366468764,-1.1102230246251565e-16,-2.2737367544323206e-13
-0.2694999999999999,626.1727887486977,657.2250129650076,31.052224216309924,0.0,0.0
-0.269,626.1747264440453,657.2380335716753,31.06330712762997,0.0,0.0
-0.2685,626.1766642069751,657.2510543074047,31.074390100429582,0.0,-2.2737367544323206e-13
-0.26800000000000007,626.178602037485,657.2640751721942,31.08547313470922,0.0,-2.2737367544323206e-13
-0.26749999999999996,626.1805399355751,657.277096166044,31.096556230468877,0.0,-2.2737367544323206e-13
-0.26699999999999996,626.1824779012436,657.2901172889517,31.107639387708105,0.0,0.0
-0.26650000000000007,626.1844159344892,657.3031385409172,31.118722606428037,-1.1102230246251565e-16,0.0
-0.266,626.1863540353108,657.3161599219395,31.129805886628674,0.0,0.0
-0.2655,626.1882922037071,657.329181432018,31.140889228310925,-1.1102230246251565e-16,-2.2737367544323206e-13
-0.265,626.1902304396772,657.3422030711508,31.151972631473654,0.0,0.0
-0.2644999999999999,626.1921687432196,657.3552248393382,31.16305609611868,0.0,-2.2737367544323206e-13
-0.264,626.1941071143333,657.3682467365782,31.174139622244866,0.0,-2.2737367544323206e-13
-0.26350000000000007,626.1960455530166,657.3812687628706,31.18522320985403,0.0,-2.2737367544323206e-13
-0.26299999999999996,626.1979840592687,657.394290918214,31.196306858945263,1.1102230246251565e-16,0.0
-0.26249999999999996,626.1999226330884,657.4073132026083,31.20739056951993,0.0,-2.2737367544323206e-13
-0.262,626.2018612744748,657.4203356160517,31.218474341576893,-1.1102230246251565e-16,0.0
-0.2615000000000001,626.2037999834263,657.4333581585436,31.22955817511729,0.0,0.0
-0.261,626.2057387599414,657.4463808300827,31.240642070141348,0.0,-2.2737367544323206e-13
-0.2605,626.2076776040194,657.4594036306692,31.25172602664975,0.0,-2.2737367544323206e-13
-0.26,626.2096165156593,657.4724265603006,31.262810044641355,-1.1102230246251565e-16,-2.2737367544323206e-13
-0.25949999999999995,626.2115554948591,657.4854496189771,31.273894124117987,0.0,0.0
-0.25900000000000006,626.2134945416185,657.4984728066972,31.284978265078735,0.0,0.0
-0.25850000000000006,626.2154336559354,657.511496123461,31.296062467525644,-1.1102230246251565e-16,-2.2737367544323206e-13
-0.25799999999999995,626.2173728378091,657.5245195692667,31.30714673145758,-1.1102230246251565e-16,-2.2737367544323206e-13
-0.2575,626.2193120872382,657.5375431441128,31.318231056874538,-1.1102230246251565e-16,0.0
-0.257,626.2212514042224,657.5505668479993,31.329315443776977,0.0,0.0
-0.2564999999999999,626.2231907887592,657.5635906809252,31.340399892166033,-1.1102230246251565e-16,-2.2737367544323206e-13
-0.256,626.2251302408479,657.5766146428896,31.351484402041706,0.0,0.0
-0.2555,626.2270697604874,657.5896387338912,31.362568973403768,0.0,-2.2737367544323206e-13
-0.25500000000000006,626.2290093476768,657.6026629539292,31.373653606252446,-1.1102230246251565e-16,0.0
-0.25449999999999995,626.230949002414,657.6156873030034,31.384738300589333,0.0,-2.2737367544323206e-13
-0.25399999999999995,626.2328887246988,657.6287117811116,31.395823056412837,0.0,-2.2737367544323206e-13
-0.25350000000000006,626.234828514529,657.6417363882535,31.40690787372455,0.0,-2.2737367544323206e-13
-0.253,626.236768371904,657.6547611244287,31.417992752524697,0.0,-2.2737367544323206e-13
-0.2525,626.238708296823,657.6677859896354,31.42907769281237,0.0,0.0
-0.252,626.2406482892839,657.6808109838732,31.44016269458939,-1.1102230246251565e-16,-2.2737367544323206e-13
-0.25149999999999995,626.242588349286,657.6938361071404,31.45124775785439,-1.1102230246251565e-16,-2.2737367544323206e-13
-0.25100000000000006,626.2445284768282,657.7068613594377,31.462332882609417,0.0,0.0
-0.25050000000000006,626.2464686719095,657.7198867407621,31.473418068852652,0.0,-2.2737367544323206e-13
-0.25000000000000006,626.2484089345276,657.7329122511142,31.484503316586597,0.0,0.0
-0.24949999999999997,626.250349264682,657.745937890493,31.495588625811024,-1.1102230246251565e-16,0.0
-0.24899999999999997,626.2522896623718,657.7589636588971,31.50667399652525,0.0,-2.2737367544323206e-13
-0.24850000000000008,626.2542301275953,657.7719895563253,31.51775942872996,-1.1102230246251565e-16,0.0
-0.248,626.2561706603519,657.7850155827771,31.52884492242515,0.0,0.0
-0.2475,626.2581112606401,657.7980417382514,31.53993047761128,0.0,-2.2737367544323206e-13
-0.24700000000000003,626.2600519284581,657.811068022748,31.551016094289935,0.0,-2.2737367544323206e-13
-0.24649999999999994,626.2619926638054,657.8240944362651,31.562101772459755,0.0,-2.2737367544323206e-13
-0.24600000000000005,626.2639334666806,657.8371209788017,31.573187512121194,-1.1102230246251565e-16,0.0
-0.24550000000000005,626.2658743370826,657.8501476503573,31.584273313274707,0.0,0.0
-0.24499999999999997,626.2678152750098,657.8631744509312,31.59535917592143,0.0,0.0
-0.24449999999999997,626.2697562804615,657.8762013805219,31.606445100060455,0.0,0.0
-0.244,626.2716973534364,657.8892284391288,31.617531085692463,-1.1102230246251565e-16,0.0
-0.2435000000000001,626.273638493933,657.902255626751,31.628617132817908,0.0,0.0
-0.24300000000000002,626.2755797019506,657.9152829433872,31.639703241436564,-1.1102230246251565e-16,0.0
-0.24250000000000002,626.2775209774877,657.9283103890368,31.650789411549113,-1.1102230246251565e-16,0.0
-0.24200000000000005,626.279462320543,657.9413379636992,31.661875643156236,-1.1102230246251565e-16,-2.2737367544323206e-13
-0.24149999999999994,626.2814037311152,657.9543656673727,31.67296193625748,-1.1102230246251565e-16,0.0
-0.24099999999999996,626.2833452092036,657.9673935000571,31.684048290853525,0.0,0.0
-0.24050000000000007,626.2852867548067,657.9804214617509,31.695134706944145,-1.1102230246251565e-16,-2.2737367544323206e-13
-0.24,626.287228367923,657.9934495524533,31.70622118453025,-1.1102230246251565e-16,-2.2737367544323206e-13
-0.2395,626.2891700485518,658.0064777721636,31.71730772361184,-1.1102230246251565e-16,0.0
-0.239,626.2911117966914,658.0195061208808,31.728394324189367,-2.220446049250313e-16,0.0
-0.2384999999999999,626.2930536123415,658.0325345986041,31.739480986262606,-1.1102230246251565e-16,0.0
-0.23800000000000002,626.2949954955002,658.0455632053322,31.750567709832012,0.0,0.0
-0.23750000000000004,626.2969374461659,658.0585919410644,31.761654494898494,0.0,0.0
-0.23700000000000004,626.2988794643384,658.0716208058,31.772741341461597,-2.220446049250313e-16,-2.2737367544323206e-13
-0.23649999999999996,626.3008215500154,658.0846497995371,31.783828249521775,-1.1102230246251565e-16,-2.2737367544323206e-13
-0.23599999999999996,626.3027637031969,658.0976789222761,31.794915219079257,0.0,0.0
-0.23550000000000007,626.3047059238809,658.1107081740158,31.806002250134952,0.0,0.0
-0.235,626.3066482120666,658.1237375547541,31.817089342687495,-1.1102230246251565e-16,-2.2737367544323206e-13
-0.23450000000000001,626.3085905677524,658.1367670644913,31.828176496738934,0.0,-2.2737367544323206e-13
-0.234,626.3105329909374,658.1497967032262,31.839263712288812,0.0,0.0
-0.23349999999999993,626.3124754816199,658.162826470957,31.85035098933713,-1.1102230246251565e-16,-2.2737367544323206e-13
-0.23300000000000004,626.3144180397994,658.1758563676844,31.861438327885026,-1.1102230246251565e-16,-2.2737367544323206e-13
-0.23250000000000004,626.3163606654746,658.1888863934059,31.87252572793136,0.0,-2.2737367544323206e-13
-0.23199999999999996,626.3183033586438,658.2019165481217,31.883613189477956,-2.220446049250313e-16,-2.2737367544323206e-13
-0.23149999999999998,626.3202461193066,658.2149468318305,31.8947007125239,-1.1102230246251565e-16,0.0
-0.23099999999999998,626.3221889474605,658.2279772445313,31.905788297070785,-1.1102230246251565e-16,-2.2737367544323206e-13
-0.2305000000000001,626.3241318431055,658.241007786223,31.916875943117475,-1.1102230246251565e-16,-2.2737367544323206e-13
-0.23,626.3260748062403,658.2540384569045,31.927963650664196,-1.1102230246251565e-16,-2.2737367544323206e-13
-0.2295,626.3280178368634,658.2670692565753,31.93905141971186,0.0,0.0
-0.22900000000000004,626.3299609349733,658.2801001852345,31.950139250261145,0.0,-2.2737367544323206e-13
-0.22849999999999995,626.3319041005691,658.2931312428816,31.96122714231251,-1.1102230246251565e-16,-2.2737367544323206e-13
-0.22799999999999995,626.33384733365,658.3061624295144,31.97231509586436,0.0,-2.2737367544323206e-13
-0.22750000000000006,626.3357906342144,658.3191937451325,31.98340311091806,-1.1102230246251565e-16,0.0
-0.22699999999999998,626.3377340022607,658.3322251897359,31.994491187475205,0.0,-2.2737367544323206e-13
-0.22649999999999998,626.3396774377884,658.3452567633226,32.0055793255342,0.0,0.0
-0.226,626.341620940796,658.3582884658913,32.01666752509527,-1.1102230246251565e-16,0.0
-0.2255,626.3435645112822,658.3713202974425,32.02775578616024,-1.1102230246251565e-16,0.0
-0.225,626.3455081492461,658.3843522579743,32.0388441087282,0.0,-2.2737367544323206e-13
-0.22450000000000003,626.3474518546861,658.3973843474862,32.04993249280005,-1.1102230246251565e-16,-2.2737367544323206e-13
-0.22400000000000003,626.3493956276016,658.4104165659767,32.06102093837512,-1.1102230246251565e-16,0.0
-0.22349999999999995,626.351339467991,658.4234489134453,32.072109445454316,0.0,-2.2737367544323206e-13
-0.22299999999999998,626.3532833758529,658.436481389891,32.08319801403809,0.0,0.0
-0.2225000000000001,626.3552273511864,658.4495139953128,32.09428664412644,0.0,0.0
-0.22199999999999998,626.3571713939903,658.4625467297096,32.10537533571937,0.0,0.0
-0.2215,626.3591155042632,658.4755795930814,32.11646408881825,-1.1102230246251565e-16,0.0
-0.221,626.3610596820042,658.4886125854262,32.12755290342193,0.0,-2.2737367544323206e-13
-0.22049999999999992,626.3630039272118,658.5016457067434,32.138641779531554,0.0,0.0
-0.22000000000000003,626.364948239885,658.5146789570322,32.14973071714712,-1.1102230246251565e-16,0.0
-0.21950000000000006,626.3668926200228,658.5277123362912,32.160819716268406,0.0,-2.2737367544323206e-13
-0.21900000000000006,626.3688370676234,658.54074584452,32.171908776896544,-1.1102230246251565e-16,-2.2737367544323206e-13
-0.21849999999999997,626.3707815826858,658.5537794817171,32.18299789903131,0.0,0.0
-0.21799999999999997,626.3727261652095,658.5668132478829,32.19408708267338,-1.1102230246251565e-16,0.0
-0.21750000000000008,626.3746708151923,658.5798471430144,32.20517632782207,0.0,-2.2737367544323206e-13
-0.217,626.3766155326337,658.5928811671124,32.21626563447876,-1.1102230246251565e-16,-2.2737367544323206e-13
-0.2165,626.3785603175322,658.605915320175,32.22735500264275,0.0,0.0
-0.21600000000000003,626.3805051698869,658.6189496022018,32.238444432314964,0.0,0.0
-0.21549999999999994,626.3824500896962,658.6319840131923,32.249533923496074,0.0,0.0
-0.21499999999999994,626.3843950769592,658.6450185531442,32.260623476184946,-1.1102230246251565e-16,0.0
-0.21450000000000005,626.3863401316744,658.6580532220573,32.271713090382946,-1.1102230246251565e-16,0.0
-0.21399999999999997,626.3882852538406,658.671088019931,32.2828027660903,-1.1102230246251565e-16,-2.2737367544323206e-13
-0.21349999999999997,626.3902304434573,658.6841229467641,32.29389250330678,-1.1102230246251565e-16,-2.2737367544323206e-13
-0.213,626.3921757005226,658.6971580025552,32.30498230203261,-1.1102230246251565e-16,-2.2737367544323206e-13
-0.2125,626.3941210250352,658.710193187304,32.31607216226871,-1.1102230246251565e-16,0.0
-0.21200000000000002,626.3960664169945,658.7232285010093,32.327162084014844,-1.1102230246251565e-16,-2.2737367544323206e-13
-0.21150000000000002,626.3980118763989,658.7362639436703,32.33825206727147,-1.1102230246251565e-16,0.0
-0.21100000000000005,626.3999574032473,658.7492995152852,32.3493421120379,0.0,0.0
-0.21049999999999994,626.4019029975386,658.7623352158544,32.36043221831574,0.0,0.0
-0.20999999999999996,626.4038486592715,658.7753710453765,32.37152238610497,-1.1102230246251565e-16,-2.2737367544323206e-13
-0.20950000000000008,626.405794388445,658.7884070038506,32.382612615405606,-1.1102230246251565e-16,-2.2737367544323206e-13
-0.209,626.407740185057,658.8014430912751,32.393702906218095,0.0,0.0
-0.2085,626.4096860491074,658.8144793076501,32.40479325854267,0.0,-2.2737367544323206e-13
-0.208,626.4116319805951,658.8275156529737,32.41588367237864,0.0,0.0
-0.20750000000000002,626.4135779795181,658.8405521272459,32.42697414772783,-1.1102230246251565e-16,-2.2737367544323206e-13
-0.20700000000000002,626.4155240458756,658.8535887304647,32.43806468458911,0.0,-2.2737367544323206e-13
-0.20650000000000004,626.4174701796665,658.86662546263,32.4491552829636,-1.1102230246251565e-16,-2.2737367544323206e-13
-0.20600000000000004,626.4194163808888,658.8796623237404,32.46024594285154,-1.1102230246251565e-16,-2.2737367544323206e-13
-0.20549999999999996,626.4213626495423,658.8926993137954,32.47133666425316,-2.220446049250313e-16,-2.2737367544323206e-13
-0.20499999999999996,626.4233089856257,658.9057364327937,32.48242744716799,-1.1102230246251565e-16,-2.2737367544323206e-13
-0.20450000000000007,626.4252553891374,658.9187736807346,32.493518291597184,0.0,-2.2737367544323206e-13
-0.204,626.4272018600764,658.9318110576162,32.50460919753982,-1.1102230246251565e-16,0.0
-0.20350000000000001,626.4291483984407,658.9448485634391,32.51570016499841,-1.1102230246251565e-16,0.0
-0.203,626.4310950042307,658.957886198202,32.52679119397135,-1.1102230246251565e-16,-2.2737367544323206e-13
-0.20249999999999993,626.4330416774444,658.9709239619033,32.537882284458874,-1.1102230246251565e-16,-2.2737367544323206e-13
-0.20199999999999993,626.4349884180801,658.983961854542,32.54897343646189,-1.1102230246251565e-16,0.0
-0.20150000000000004,626.4369352261374,658.9969998761185,32.560064649981086,-1.1102230246251565e-16,0.0
-0.20100000000000007,626.4388821016153,659.0100380266297,32.57115592501441,0.0,0.0
-0.20049999999999998,626.440829044511,659.0230763060765,32.5822472615655,-1.1102230246251565e-16,0.0
-0.19999999999999998,626.4427760548253,659.0361147144572,32.593338659631854,0.0,0.0
-0.19949999999999998,626.4447231325557,659.0491532517715,32.60443011921575,0.0,-2.2737367544323206e-13
-0.199,626.4466702777015,659.0621919180171,32.61552164031559,-1.1102230246251565e-16,0.0
-0.1985,626.4486174902615,659.0752307131943,32.62661322293275,0.0,-2.2737367544323206e-13
-0.19800000000000004,626.4505647702345,659.0882696373019,32.63770486706744,0.0,-2.2737367544323206e-13
-0.19749999999999995,626.4525121176187,659.1013086903388,32.64879657272013,1.1102230246251565e-16,0.0
-0.19699999999999995,626.4544595324139,659.1143478723038,32.6598883398899,0.0,-2.2737367544323206e-13
-0.19650000000000006,626.4564070146182,659.1273871831963,32.670980168578126,-1.1102230246251565e-16,-2.2737367544323206e-13
-0.19599999999999998,626.4583545642306,659.1404266230152,32.68207205878457,-1.1102230246251565e-16,0.0
-0.19549999999999998,626.46030218125,659.1534661917599,32.69316401050992,-1.1102230246251565e-16,0.0
-0.195,626.4622498656756,659.1665058894291,32.70425602375349,-1.1102230246251565e-16,-2.2737367544323206e-13
-0.1945,626.4641976175055,659.179545716022,32.715348098516415,0.0,0.0
-0.194,626.4661454367385,659.1925856715377,32.726440234799156,0.0,-2.2737367544323206e-13
-0.19350000000000003,626.4680933233735,659.2056257559752,32.73753243260171,0.0,-2.2737367544323206e-13
-0.19300000000000003,626.47004127741,659.2186659693336,32.748624691923624,-1.1102230246251565e-16,0.0
-0.19249999999999995,626.4719892988464,659.2317063116118,32.75971701276535,-1.1102230246251565e-16,0.0
-0.19199999999999998,626.473937387681,659.244746782809,32.770809395128026,-1.1102230246251565e-16,0.0
-0.1915000000000001,626.4758855439131,659.2577873829241,32.78190183901097,-1.1102230246251565e-16,-2.2737367544323206e-13
-0.19099999999999998,626.4778337675411,659.2708281119569,32.792994344415774,0.0,0.0
-0.1905,626.4797820585648,659.2838689699054,32.80408691134062,0.0,0.0
-0.19,626.4817304169817,659.2969099567688,32.815179539787096,0.0,0.0
-0.18950000000000003,626.483678842791,659.3099510725472,32.826272229756114,0.0,-2.2737367544323206e-13
-0.18899999999999995,626.4856273359924,659.3229923172378,32.8373649812454,0.0,0.0
-0.18850000000000006,626.4875758965838,659.3360336908422,32.848457794258366,1.1102230246251565e-16,-2.2737367544323206e-13
-0.18800000000000006,626.4895245245641,659.3490751933568,32.859550668792735,0.0,-2.2737367544323206e-13
-0.18749999999999997,626.4914732199325,659.3621168247823,32.870643604849874,-1.1102230246251565e-16,0.0
-0.18699999999999997,626.4934219826873,659.3751585851176,32.88173660243024,-1.1102230246251565e-16,0.0
-0.1865,626.4953708128273,659.3882004743614,32.89282966153405,-1.1102230246251565e-16,-2.2737367544323206e-13
-0.186,626.497319710352,659.4012424925129,32.90392278216086,-1.1102230246251565e-16,0.0
-0.1855,626.4992686752598,659.414284639571,32.915015964311124,-1.1102230246251565e-16,0.0
-0.18500000000000003,626.5012177075494,659.4273269155349,32.92610920798552,-1.1102230246251565e-16,-2.2737367544323206e-13
-0.18449999999999994,626.5031668072199,659.4403693204038,32.93720251318382,0.0,-2.2737367544323206e-13
-0.18399999999999994,626.5051159742695,659.4534118541762,32.94829587990671,0.0,0.0
-0.18350000000000005,626.5070652086977,659.4664545168516,32.95938930815396,0.0,0.0
-0.18300000000000008,626.5090145105028,659.4794973084292,32.97048279792648,-1.1102230246251565e-16,-2.2737367544323206e-13
-0.18249999999999997,626.5109638796839,659.4925402289077,32.981576349223815,0.0,0.0
-0.182,626.5129133162393,659.5055832782868,32.99266996204756,-1.1102230246251565e-16,-2.2737367544323206e-13
-0.1815,626.5148628201687,659.5186264565648,33.003763636396116,0.0,0.0
-0.18100000000000002,626.5168123914705,659.5316697637406,33.01485737227017,-1.1102230246251565e-16,-2.2737367544323206e-13
-0.18050000000000002,626.5187620301433,659.5447131998142,33.02595116967086,0.0,-2.2737367544323206e-13
-0.18000000000000005,626.5207117361856,659.557756764784,33.03704502859841,0.0,0.0
-0.17949999999999994,626.5226615095971,659.5708004586493,33.048138949052145,-1.1102230246251565e-16,-2.2737367544323206e-13
-0.17899999999999996,626.5246113503767,659.5838442814083,33.0592329310316,-1.1102230246251565e-16,0.0
-0.17850000000000008,626.5265612585217,659.5968882330617,33.07032697453997,-1.1102230246251565e-16,0.0
-0.178,626.5285112340321,659.6099323136073,33.08142107957519,-1.1102230246251565e-16,0.0
-0.1775,626.5304612769069,659.6229765230444,33.09251524613751,-1.1102230246251565e-16,0.0
-0.177,626.5324113871441,659.6360208613728,33.10360947422873,0.0,0.0
-0.17650000000000002,626.5343615647432,659.6490653285898,33.11470376384659,0.0,0.0
-0.17600000000000002,626.5363118097027,659.6621099246963,33.125798114993586,-1.1102230246251565e-16,0.0
-0.17550000000000004,626.5382621220213,659.6751546496903,33.13689252766903,-1.1102230246251565e-16,0.0
-0.17500000000000004,626.5402125016981,659.6881995035717,33.14798700187362,-1.1102230246251565e-16,0.0
-0.17449999999999996,626.5421629487316,659.7012444863387,33.15908153760711,0.0,0.0
-0.17399999999999996,626.5441134631205,659.7142895979903,33.170176134869735,0.0,0.0
-0.1735,626.5460640448641,659.7273348385265,33.18127079366241,0.0,0.0
-0.173,626.548014693961,659.7403802079457,33.19236551398467,0.0,-2.2737367544323206e-13
-0.17250000000000001,626.5499654104101,659.7534257062468,33.20346029583675,-1.1102230246251565e-16,-2.2737367544323206e-13
-0.17200000000000001,626.5519161942093,659.7664713334293,33.21455513922001,-1.1102230246251565e-16,-2.2737367544323206e-13
-0.1715,626.5538670453593,659.7795170894917,33.22565004413241,-1.1102230246251565e-16,0.0
-0.17099999999999993,626.555817963857,659.7925629744338,33.2367450105769,-1.1102230246251565e-16,-2.2737367544323206e-13
-0.17050000000000004,626.5577689497022,659.8056089882541,33.247840038551885,0.0,0.0
-0.17000000000000007,626.5597200028935,659.8186551309518,33.25893512805828,-1.1102230246251565e-16,-2.2737367544323206e-13
-0.16949999999999998,626.56167112343,659.831701402526,33.27003027909609,0.0,-2.2737367544323206e-13
-0.16899999999999998,626.5636223113097,659.8447478029755,33.28112549166576,0.0,0.0
-0.16849999999999998,626.5655735665325,659.8577943322998,33.2922207657673,-1.1102230246251565e-16,0.0
-0.168,626.5675248890966,659.8708409904975,33.303316101400924,-1.1102230246251565e-16,0.0
-0.1675,626.5694762790004,659.8838877775684,33.314411498568006,0.0,-2.2737367544323206e-13
-0.16700000000000004,626.5714277362435,659.8969346935105,33.32550695726695,-1.1102230246251565e-16,-2.2737367544323206e-13
-0.16649999999999995,626.5733792608246,659.9099817383235,33.3366024774989,0.0,0.0
-0.16599999999999995,626.5753308527414,659.9230289120064,33.347698059264985,-1.1102230246251565e-16,0.0
-0.16550000000000006,626.5772825119943,659.9360762145579,33.35879370256362,-1.1102230246251565e-16,0.0
-0.16500000000000006,626.5792342385816,659.9491236459771,33.369889407395476,-1.1102230246251565e-16,0.0
-0.16449999999999998,626.5811860325014,659.9621712062642,33.38098517376284,-1.1102230246251565e-16,-2.2737367544323206e-13
-0.164,626.5831378937532,659.9752188954164,33.3920810016632,-1.1102230246251565e-16,0.0
-0.1635,626.5850898223355,659.9882667134341,33.40317689109861,-1.1102230246251565e-16,0.0
-0.163,626.5870418182471,660.0013146603155,33.414272842068385,-1.1102230246251565e-16,-2.2737367544323206e-13
-0.16250000000000003,626.5889938814878,660.0143627360608,33.42536885457298,-1.1102230246251565e-16,-2.2737367544323206e-13
-0.16200000000000003,626.5909460120549,660.027410940668,33.43646492861308,0.0,-2.2737367544323206e-13
-0.16149999999999995,626.5928982099481,660.0404592741359,33.44756106418777,0.0,-2.2737367544323206e-13
-0.16099999999999998,626.5948504751659,660.0535077364648,33.45865726129887,-1.1102230246251565e-16,0.0
-0.16049999999999998,626.5968028077066,660.0665563276527,33.46975351994615,-1.1102230246251565e-16,0.0
-0.15999999999999998,626.5987552075705,660.0796050476995,33.48084984012894,-1.1102230246251565e-16,0.0
-0.1595,626.6007076747551,660.0926538966032,33.49194622184814,0.0,-2.2737367544323206e-13
-0.159,626.6026602092595,660.1057028743637,33.5030426651042,0.0,-2.2737367544323206e-13
-0.15850000000000003,626.6046128110831,660.1187519809796,33.51413916989645,-1.1102230246251565e-16,-2.2737367544323206e-13
-0.15799999999999995,626.6065654802239,660.1318012164504,33.52523573622648,-1.1102230246251565e-16,0.0
-0.15750000000000006,626.6085182166812,660.1448505807748,33.536332364093596,-1.1102230246251565e-16,0.0
-0.15700000000000006,626.6104710204534,660.1579000739514,33.547429053498036,0.0,-2.2737367544323206e-13
-0.15649999999999997,626.61242389154,660.1709496959802,33.55852580444025,0.0,-2.2737367544323206e-13
-0.15599999999999997,626.6143768299387,660.1839994468596,33.569622616920924,0.0,0.0
-0.1555,626.6163298356498,660.197049326589,33.580719490939146,0.0,-2.2737367544323206e-13
-0.155,626.6182829086704,660.2100993351673,33.59181642649696,-1.1102230246251565e-16,0.0
-0.1545,626.6202360490008,660.2231494725938,33.60291342359301,-1.1102230246251565e-16,0.0
-0.15400000000000003,626.6221892566393,660.2361997388668,33.61401048222751,-1.1102230246251565e-16,-2.2737367544323206e-13
-0.15350000000000003,626.6241425315843,660.2492501339859,33.62510760240161,0.0,0.0
-0.15299999999999994,626.6260958738351,660.2623006579504,33.63620478411531,-1.1102230246251565e-16,0.0
-0.15250000000000005,626.6280492833905,660.2753513107591,33.647302027368596,0.0,0.0
-0.15200000000000008,626.6300027602492,660.2884020924103,33.658399332161025,0.0,-2.2737367544323206e-13
-0.15149999999999997,626.6319563044094,660.3014530029045,33.669496698495095,0.0,-2.2737367544323206e-13
-0.151,626.6339099158711,660.3145040422396,33.68059412636853,0.0,-2.2737367544323206e-13
-0.1505,626.6358635946324,660.3275552104151,33.6916916157827,-1.1102230246251565e-16,-2.2737367544323206e-13
-0.15000000000000002,626.637817340692,660.3406065074296,33.7027891667376,0.0,-2.2737367544323206e-13
-0.14950000000000002,626.639771154049,660.3536579332833,33.71388677923437,0.0,0.0
-0.14900000000000002,626.6417250347022,660.3667094879738,33.724984453271645,0.0,-2.2737367544323206e-13
-0.14849999999999994,626.6436789826503,660.3797611715013,33.736082188851015,-1.1102230246251565e-16,-2.2737367544323206e-13
-0.14799999999999996,626.6456329978921,660.3928129838635,33.74717998597134,-1.1102230246251565e-16,0.0
-0.14749999999999996,626.6475870804265,660.4058649250612,33.75827784463468,0.0,-2.2737367544323206e-13
-0.14700000000000008,626.6495412302527,660.4189169950919,33.7693757648392,-1.1102230246251565e-16,0.0
-0.1465,626.6514954473687,660.4319691939559,33.78047374658718,1.1102230246251565e-16,0.0
-0.146,626.6534497317737,660.4450215216509,33.79157178987725,0.0,0.0
-0.14550000000000002,626.6554040834665,660.4580739781773,33.80266989471079,-1.1102230246251565e-16,-2.2737367544323206e-13
-0.14499999999999993,626.6573585024457,660.4711265635335,33.813768061087785,-1.1102230246251565e-16,0.0
-0.14450000000000005,626.6593129887108,660.4841792777183,33.82486628900756,-1.1102230246251565e-16,-2.2737367544323206e-13
-0.14400000000000004,626.66126754226,660.4972321207313,33.83596457847125,-1.1102230246251565e-16,-2.2737367544323206e-13
-0.14349999999999996,626.6632221630919,660.5102850925712,33.84706292947931,0.0,0.0
-0.14299999999999996,626.6651768512063,660.5233381932367,33.85816134203037,-1.1102230246251565e-16,0.0
-0.1425,626.6671316066013,660.5363914227275,33.86925981612626,0.0,0.0
-0.142,626.6690864292757,660.5494447810424,33.880358351766745,-1.1102230246251565e-16,-2.2737367544323206e-13
-0.14150000000000001,626.6710413192279,660.5624982681807,33.89145694895274,0.0,0.0
-0.14100000000000001,626.6729962764578,660.5755518841409,33.9025556076831,1.1102230246251565e-16,-2.2737367544323206e-13
-0.1405,626.6749513009636,660.5886056289221,33.91365432795851,0.0,-2.2737367544323206e-13
-0.13999999999999993,626.6769063927436,660.6016595025237,33.92475310978011,-1.1102230246251565e-16,0.0
-0.13950000000000004,626.6788615517976,660.614713504945,33.93585195314745,-1.1102230246251565e-16,-2.2737367544323206e-13
-0.13900000000000007,626.6808167781242,660.6277676361842,33.94695085806006,0.0,0.0
-0.13849999999999998,626.6827720717217,660.640821896241,33.95804982451932,-1.1102230246251565e-16,0.0
-0.13799999999999998,626.6847274325894,660.6538762851139,33.96914885252454,-1.1102230246251565e-16,0.0
-0.13749999999999998,626.6866828607258,660.6669308028031,33.98024794207731,0.0,-2.2737367544323206e-13
-0.137,626.6886383561298,660.6799854493061,33.99134709317627,0.0,-2.2737367544323206e-13
-0.1365,626.6905939188,660.6930402246228,34.00244630582279,0.0,-2.2737367544323206e-13
-0.13600000000000004,626.6925495487355,660.7060951287522,34.013545580016626,0.0,-2.2737367544323206e-13
-0.13550000000000004,626.6945052459355,660.7191501616933,34.02464491575779,0.0,-2.2737367544323206e-13
-0.13499999999999995,626.6964610103983,660.732205323445,34.035744313046735,-1.1102230246251565e-16,-2.2737367544323206e-13
-0.13450000000000006,626.6984168421225,660.7452606140064,34.046843771883914,0.0,0.0
-0.13400000000000006,626.7003727411075,660.7583160333766,34.0579432922691,0.0,-2.2737367544323206e-13
-0.13349999999999998,626.7023287073516,660.7713715815544,34.06904287420275,0.0,0.0
-0.133,626.7042847408536,660.7844272585401,34.080142517686454,-1.1102230246251565e-16,-2.2737367544323206e-13
-0.1325,626.7062408416134,660.79748306433,34.09124222271657,0.0,0.0
-0.13199999999999992,626.7081970096281,660.8105389989262,34.10234198929811,-1.1102230246251565e-16,-2.2737367544323206e-13
-0.13150000000000003,626.7101532448976,660.8235950623257,34.11344181742811,0.0,-2.2737367544323206e-13
-0.13100000000000003,626.7121095474208,660.8366512545288,34.12454170710794,0.0,-2.2737367544323206e-13
-0.13049999999999995,626.714065917196,660.8497075755331,34.135641658337136,0.0,0.0
-0.12999999999999998,626.7160223542221,660.8627640253392,34.14674167111707,0.0,0.0
-0.12949999999999998,626.7179788584979,660.8758206039456,34.15784174544774,-1.1102230246251565e-16,-2.2737367544323206e-13
-0.1290000000000001,626.7199354300224,660.8888773113508,34.168941881328465,0.0,-2.2737367544323206e-13
-0.1285,626.7218920687944,660.9019341475544,34.180042078759925,-1.1102230246251565e-16,-2.2737367544323206e-13
-0.128,626.7238487748132,660.9149911125551,34.191142337741894,0.0,-2.2737367544323206e-13
-0.12750000000000003,626.7258055480766,660.9280482063518,34.20224265827528,-1.1102230246251565e-16,-2.2737367544323206e-13
-0.12699999999999995,626.7277623885836,660.9411054289444,34.21334304036077,-1.1102230246251565e-16,0.0
-0.12650000000000006,626.7297192963338,660.954162780331,34.22444348399722,0.0,-2.2737367544323206e-13
-0.12600000000000006,626.7316762713256,660.9672202605113,34.23554398918577,0.0,-2.2737367544323206e-13
-0.12549999999999997,626.7336333135572,660.9802778694841,34.24664455592688,-2.220446049250313e-16,0.0
-0.12499999999999997,626.7355904230285,660.9933356072481,34.25774518421963,-1.1102230246251565e-16,0.0
-0.12449999999999999,626.7375475997374,661.006393473803,34.26884587406562,-1.1102230246251565e-16,-2.2737367544323206e-13
-0.124,626.7395048436829,661.0194514691475,34.27994662546462,-1.1102230246251565e-16,0.0
-0.12350000000000001,626.7414621548651,661.0325095932799,34.29104743841481,0.0,-2.2737367544323206e-13
-0.12300000000000003,626.7434195332805,661.0455678462006,34.30214831292005,-1.1102230246251565e-16,-2.2737367544323206e-13
-0.12250000000000004,626.7453769789297,661.0586262279078,34.31324924897808,0.0,0.0
-0.12199999999999994,626.7473344918108,661.0716847384008,34.32435024659003,-1.1102230246251565e-16,0.0
-0.12150000000000005,626.7492920719224,661.0847433776787,34.33545130575635,-1.1102230246251565e-16,0.0
-0.12100000000000007,626.7512497192643,661.0978021457404,34.34655242647614,1.1102230246251565e-16,0.0
-0.12049999999999998,626.7532074338349,661.1108610425849,34.35765360875007,0.0,-2.2737367544323206e-13
-0.12,626.7551652156317,661.1239200682112,34.368754852579514,0.0,0.0
-0.1195,626.7571230646554,661.136979222618,34.37985615796265,0.0,-2.2737367544323206e-13
-0.11899999999999991,626.7590809809037,661.1500385058059,34.390957524902205,-1.1102230246251565e-16,-2.2737367544323206e-13
-0.11850000000000002,626.761038964376,661.1630979177719,34.40205895339591,-1.1102230246251565e-16,-2.2737367544323206e-13
-0.11800000000000004,626.7629970150708,661.176157458516,34.41316044344512,0.0,-2.2737367544323206e-13
-0.11750000000000005,626.7649551329869,661.1892171280374,34.42426199505053,-1.1102230246251565e-16,-2.2737367544323206e-13
-0.11699999999999995,626.7669133181232,661.2022769263344,34.43536360821122,0.0,0.0
-0.11649999999999996,626.768871570479,661.2153368534075,34.44646528292856,0.0,0.0
-0.11600000000000008,626.770829890052,661.2283969092539,34.45756701920186,0.0,-2.2737367544323206e-13
-0.11549999999999999,626.7727882768422,661.2414570938738,34.468668817031585,0.0,-2.2737367544323206e-13
-0.115,626.7747467308468,661.2545174072663,34.47977067641955,-1.1102230246251565e-16,0.0
-0.11450000000000002,626.7767052520667,661.2675778494297,34.49087259736302,-1.1102230246251565e-16,0.0
-0.11399999999999992,626.7786638404993,661.2806384203636,34.50197457986428,1.1102230246251565e-16,-2.2737367544323206e-13
-0.11350000000000003,626.7806224961439,661.293699120067,34.5130766239231,0.0,-2.2737367544323206e-13
-0.11300000000000004,626.782581218999,661.3067599485385,34.52417872953947,-1.1102230246251565e-16,0.0
-0.11249999999999996,626.7845400090641,661.3198209057775,34.5352808967134,0.0,0.0
-0.11199999999999997,626.7864988663373,661.3328819917829,34.54638312544557,0.0,0.0
-0.11149999999999999,626.7884577908171,661.3459432065542,34.55748541573712,0.0,0.0
-0.1110000000000001,626.790416782504,661.3590045500896,34.56858776758554,0.0,0.0
-0.1105,626.7923758413947,661.3720660223889,34.57969018099425,0.0,0.0
-0.11000000000000001,626.7943349674895,661.3851276234509,34.59079265596142,-1.1102230246251565e-16,-2.2737367544323206e-13
-0.10950000000000003,626.7962941607866,661.3981893532743,34.601895192487746,-1.1102230246251565e-16,-2.2737367544323206e-13
-0.10899999999999994,626.7982534212849,661.4112512118584,34.612997790573445,0.0,-2.2737367544323206e-13
-0.10850000000000005,626.8002127489835,661.4243131992016,34.624100450218066,-1.1102230246251565e-16,0.0
-0.10800000000000005,626.8021721438811,661.4373753153045,34.63520317142343,0.0,0.0
-0.10749999999999997,626.8041316059757,661.450437560165,34.6463059541893,0.0,-2.2737367544323206e-13
-0.10699999999999998,626.8060911352675,661.4634999337823,34.65740879851478,-1.1102230246251565e-16,-2.2737367544323206e-13
-0.1065,626.8080507317543,661.4765624361551,34.66851170440077,0.0,0.0
-0.10599999999999991,626.8100103954357,661.489625067283,34.679614671847276,0.0,0.0
-0.10550000000000002,626.8119701263092,661.5026878271653,34.69071770085611,0.0,-2.2737367544323206e-13
-0.10500000000000002,626.8139299243753,661.5157507157994,34.7018207914241,-1.1102230246251565e-16,-2.2737367544323206e-13
-0.10450000000000013,626.8158897896319,661.5288137331861,34.71292394355419,0.0,0.0
-0.10400000000000005,626.8178497220777,661.541876879324,34.72402715724638,-1.1102230246251565e-16,-2.2737367544323206e-13
-0.10349999999999997,626.8198097217112,661.5549401542123,34.73513043250114,-1.1102230246251565e-16,-2.2737367544323206e-13
-0.10300000000000008,626.8217697885327,661.5680035578491,34.746233769316405,1.1102230246251565e-16,-2.2737367544323206e-13
-0.10249999999999998,626.8237299225393,661.581067090234,34.757337167694686,0.0,0.0
-0.10200000000000009,626.825690123731,661.594130751366,34.76844062763507,-1.1102230246251565e-16,0.0
-0.1015,626.8276503921063,661.6071945412446,34.779544149138246,0.0,0.0
-0.10099999999999992,626.8296107276635,661.6202584598684,34.79064773220489,-1.1102230246251565e-16,-2.2737367544323206e-13
-0.10050000000000003,626.8315711304022,661.6333225072362,34.80175137683409,0.0,0.0
-0.09999999999999994,626.8335316003208,661.6463866833471,34.81285508302631,-1.1102230246251565e-16,-2.2737367544323206e-13
-0.09949999999999985,626.835492137418,661.6594509882009,34.8239588507829,0.0,-2.2737367544323206e-13
-0.09899999999999996,626.8374527416931,661.6725154217954,34.83506268010228,-1.1102230246251565e-16,-2.2737367544323206e-13
-0.09850000000000007,626.8394134131445,661.6855799841305,34.84616657098604,0.0,0.0
-0.09799999999999999,626.8413741517709,661.6986446752053,34.85727052343441,-1.1102230246251565e-16,-2.2737367544323206e-13
-0.09749999999999989,626.8433349575712,661.7117094950183,34.86837453744715,0.0,0.0
-0.097,626.845295830545,661.7247744435688,34.87947861302382,-1.1102230246251565e-16,-2.2737367544323206e-13
-0.09650000000000011,626.8472567706899,661.7378395208555,34.89058275016555,-1.1102230246251565e-16,0.0
-0.09600000000000003,626.8492177780054,661.7509047268784,34.90168694887302,0.0,-2.2737367544323206e-13
-0.09549999999999995,626.8511788524906,661.7639700616353,34.91279120914464,0.0,-2.2737367544323206e-13
-0.09500000000000006,626.8531399941439,661.7770355251259,34.92389553098201,0.0,-2.2737367544323206e-13
-0.09449999999999997,626.8551012029639,661.7901011173492,34.934999914385344,0.0,-2.2737367544323206e-13
-0.09400000000000008,626.8570624789495,661.8031668383042,34.94610435935465,0.0,0.0
-0.09349999999999999,626.8590238220997,661.8162326879899,34.95720886589015,-1.1102230246251565e-16,0.0
-0.0930000000000001,626.8609852324137,661.8292986664051,34.9683134339914,-1.1102230246251565e-16,-2.2737367544323206e-13
-0.09250000000000001,626.8629467098895,661.8423647735492,34.97941806365975,-1.1102230246251565e-16,-2.2737367544323206e-13
-0.09199999999999993,626.8649082545267,661.8554310094212,34.99052275489453,-1.1102230246251565e-16,-2.2737367544323206e-13
-0.09150000000000004,626.8668698663234,661.8684973740194,35.00162750769596,-1.1102230246251565e-16,0.0
-0.09099999999999994,626.8688315452789,661.8815638673443,35.0127323220654,-2.220446049250313e-16,-2.2737367544323206e-13
-0.09050000000000005,626.8707932913919,661.8946304893934,35.0238371980015,-1.1102230246251565e-16,-2.2737367544323206e-13
-0.08999999999999997,626.8727551046613,661.907697240167,35.03494213550562,-1.1102230246251565e-16,-2.2737367544323206e-13
-0.08949999999999989,626.874716985086,661.9207641196631,35.046047134577066,0.0,0.0
-0.089,626.8766789326646,661.9338311278814,35.05715219521676,0.0,-2.2737367544323206e-13
-0.0885000000000001,626.8786409473958,661.94689826482,35.06825731742424,-1.1102230246251565e-16,0.0
-0.08800000000000001,626.8806030292785,661.9599655304792,35.07936250120065,0.0,0.0
-0.08749999999999993,626.882565178312,661.9730329248575,35.09046774654553,0.0,0.0
-0.08700000000000004,626.8845273944944,661.9861004479537,35.10157305345933,0.0,-2.2737367544323206e-13
-0.08650000000000015,626.886489677825,661.9991680997668,35.11267842194184,-1.1102230246251565e-16,-2.2737367544323206e-13
-0.08600000000000006,626.8884520283025,662.0122358802957,35.12378385199327,0.0,0.0
-0.08549999999999996,626.8904144459254,662.0253037895407,35.134889343615214,-2.220446049250313e-16,-2.2737367544323206e-13
-0.08500000000000008,626.8923769306932,662.0383718274993,35.14599489680609,-1.1102230246251565e-16,-2.2737367544323206e-13
-0.08449999999999999,626.8943394826042,662.0514399941712,35.15710051156702,0.0,0.0
-0.08399999999999991,626.896302101657,662.0645082895558,35.168206187898704,-1.1102230246251565e-16,-2.2737367544323206e-13
-0.08350000000000002,626.8982647878511,662.0775767136511,35.17931192579999,0.0,0.0
-0.08300000000000013,626.9002275411851,662.0906452664569,35.1904177252718,-1.1102230246251565e-16,-2.2737367544323206e-13
-0.08250000000000003,626.9021903616576,662.1037139479718,35.201523586314124,1.1102230246251565e-16,-2.2737367544323206e-13
-0.08199999999999995,626.9041532492672,662.1167827581951,35.212629508927876,-1.1102230246251565e-16,-2.2737367544323206e-13
-0.08150000000000006,626.9061162040132,662.1298516971256,35.22373549311237,-1.1102230246251565e-16,0.0
-0.08099999999999997,626.9080792258944,662.1429207647627,35.234841538868295,-2.220446049250313e-16,0.0
-0.08049999999999988,626.91004231491,662.1559899611052,35.24594764619519,-1.1102230246251565e-16,-2.2737367544323206e-13
-0.07999999999999999,626.9120054710575,662.1690592861523,35.25705381509488,-1.1102230246251565e-16,0.0
-0.0794999999999999,626.9139686943374,662.1821287399023,35.268160045564855,0.0,0.0
-0.07899999999999982,626.9159319847467,662.1951983223553,35.27926633760853,-1.1102230246251565e-16,-2.2737367544323206e-13
-0.07850000000000013,626.9178953422852,662.20826803351,35.290372691224775,0.0,0.0
-0.07800000000000004,626.9198587669523,662.221337873365,35.30147910641267,-1.1102230246251565e-16,-2.2737367544323206e-13
-0.07750000000000015,626.9218222587458,662.2344078419196,35.312585583173814,-1.1102230246251565e-16,0.0
-0.07700000000000005,626.923785817665,662.247477939173,35.323692121507975,0.0,-2.2737367544323206e-13
-0.07649999999999997,626.9257494437093,662.2605481651228,35.33479872141356,-1.1102230246251565e-16,0.0
-0.07600000000000008,626.9277131368756,662.2736185197712,35.34590538289558,0.0,-2.2737367544323206e-13
-0.0755,626.9296768971649,662.2866890031139,35.357012105949025,-1.1102230246251565e-16,0.0
-0.0749999999999999,626.9316407245747,662.2997596151517,35.36811889057708,-1.1102230246251565e-16,-2.2737367544323206e-13
-0.07450000000000001,626.9336046191047,662.3128303558831,35.37922573677838,0.0,0.0
-0.07399999999999993,626.9355685807527,662.3259012253077,35.390332644554974,-1.1102230246251565e-16,-2.2737367544323206e-13
-0.07349999999999984,626.9375326095183,662.3389722234235,35.40143961390527,-1.1102230246251565e-16,0.0
-0.07300000000000015,626.9394967054002,662.3520433502304,35.41254664483017,0.0,0.0
-0.07250000000000006,626.9414608683967,662.3651146057271,35.42365373733037,-2.220446049250313e-16,-2.2737367544323206e-13
-0.07199999999999998,626.9434250985078,662.3781859899129,35.434760891405176,0.0,-2.2737367544323206e-13
-0.07150000000000009,626.9453893957307,662.391257502786,35.445868107055276,-1.1102230246251565e-16,0.0
-0.071,626.9473537600654,662.4043291443461,35.45697538428067,-1.1102230246251565e-16,0.0
-0.07049999999999991,626.9493181915109,662.4174009145925,35.46808272308158,0.0,-2.2737367544323206e-13
-0.07000000000000002,626.951282690065,662.4304728135239,35.47919012345892,0.0,-2.2737367544323206e-13
-0.06949999999999994,626.9532472557271,662.4435448411386,35.490297585411554,-1.1102230246251565e-16,0.0
-0.06899999999999984,626.9552118884958,662.4566169974364,35.50140510894062,-1.1102230246251565e-16,0.0
-0.06849999999999995,626.9571765883704,662.4696892824168,35.512512694046336,-1.1102230246251565e-16,0.0
-0.06800000000000006,626.9591413553492,662.4827616960781,35.52362034072894,-1.1102230246251565e-16,0.0
-0.06749999999999998,626.9611061894313,662.4958342384191,35.534728048987745,0.0,0.0
-0.06700000000000009,626.9630710906154,662.5089069094392,35.54583581882389,-1.1102230246251565e-16,0.0
-0.0665,626.9650360589008,662.5219797091374,35.55694365023669,0.0,0.0
-0.06600000000000011,626.9670010942855,662.535052637513,35.56805154322751,0.0,0.0
-0.06550000000000002,626.9689661967689,662.5481256945648,35.5791594977959,-1.1102230246251565e-16,-2.2737367544323206e-13
-0.06499999999999993,626.9709313663493,662.5611988802916,35.59026751394231,-1.1102230246251565e-16,0.0
-0.06450000000000004,626.9728966030259,662.5742721946926,35.60137559166674,-1.1102230246251565e-16,0.0
-0.06399999999999996,626.9748619067975,662.5873456377667,35.61248373096919,-1.1102230246251565e-16,0.0
-0.06349999999999986,626.9768272776632,662.6004192095131,35.62359193184989,0.0,0.0
-0.06300000000000018,626.9787927156215,662.6134929099305,35.63470019430906,0.0,-2.2737367544323206e-13
-0.06250000000000008,626.9807582206709,662.6265667390187,35.64580851834785,-1.1102230246251565e-16,-2.2737367544323206e-13
-0.062,626.9827237928107,662.639640696776,35.65691690396534,0.0,-2.2737367544323206e-13
-0.06150000000000011,626.9846894320397,662.6527147832014,35.66802535116176,0.0,0.0
-0.06100000000000002,626.9866551383566,662.6657889982941,35.679133859937565,-1.1102230246251565e-16,0.0
-0.060499999999999936,626.9886209117601,662.6788633420535,35.69024243029344,-1.1102230246251565e-16,-2.2737367544323206e-13
-0.060000000000000046,626.9905867522491,662.6919378144785,35.70135106222938,0.0,-2.2737367544323206e-13
-0.059499999999999956,626.9925526598229,662.7050124155671,35.71245975574425,0.0,-2.2737367544323206e-13
-0.058999999999999865,626.9945186344794,662.7180871453197,35.72356851084032,-1.1102230246251565e-16,-2.2737367544323206e-13
-0.058499999999999976,626.9964846762186,662.7311620037342,35.734677327515556,-1.1102230246251565e-16,0.0
-0.05799999999999989,626.9984507850379,662.7442369908108,35.7457862057729,-1.1102230246251565e-16,-2.2737367544323206e-13
-0.0575,627.0004169609374,662.7573121065475,35.75689514561009,0.0,0.0
-0.05700000000000011,627.0023832039149,662.770387350944,35.76800414702916,-1.1102230246251565e-16,-2.2737367544323206e-13
-0.05650000000000002,627.0043495139698,662.7834627239986,35.779113210028754,-1.1102230246251565e-16,0.0
-0.05599999999999994,627.0063158911012,662.7965382257112,35.79022233461001,-1.1102230246251565e-16,-2.2737367544323206e-13
-0.05550000000000005,627.0082823353075,662.8096138560797,35.80133152077224,0.0,0.0
-0.05499999999999996,627.0102488465875,662.8226896151043,35.81244076851681,-1.1102230246251565e-16,-2.2737367544323206e-13
-0.05449999999999987,627.0122154249402,662.8357655027833,35.82355007784304,0.0,0.0
-0.05399999999999998,627.0141820703641,662.8488415191159,35.834659448751836,0.0,-2.2737367544323206e-13
-0.053499999999999895,627.0161487828582,662.8619176641018,35.84576888124366,0.0,0.0
-0.053000000000000005,627.0181155624214,662.8749939377385,35.85687837531714,0.0,0.0
-0.052500000000000116,627.020082409053,662.8880703400259,35.86798793097296,0.0,0.0
-0.052000000000000025,627.0220493227505,662.9011468709639,35.879097548213394,-1.1102230246251565e-16,-2.2737367544323206e-13
-0.051500000000000136,627.0240163035146,662.9142235305496,35.890207227035035,-1.1102230246251565e-16,-2.2737367544323206e-13
-0.051000000000000045,627.0259833513421,662.9273003187836,35.90131696744152,0.0,-2.2737367544323206e-13
-0.05049999999999996,627.0279504662335,662.9403772356638,35.91242676943034,1.1102230246251565e-16,0.0
-0.05000000000000007,627.0299176481865,662.95345428119,35.92353663300355,-1.1102230246251565e-16,-2.2737367544323206e-13
-0.04949999999999998,627.0318848972004,662.9665314553613,35.93464655816092,0.0,-2.2737367544323206e-13
-0.04899999999999989,627.0338522132738,662.979608758176,35.945756544902224,1.1102230246251565e-16,0.0
-0.0485,627.0358195964061,662.9926861896338,35.95686659322769,0.0,0.0
-0.04799999999999992,627.0377870465957,663.0057637497332,35.96797670313754,0.0,0.0
-0.04750000000000003,627.0397545638414,663.0188414384734,35.979086874632,0.0,0.0
-0.04700000000000014,627.0417221481416,663.0319192558536,35.99019710771199,-1.1102230246251565e-16,0.0
-0.04650000000000005,627.043689799496,663.0449972018728,36.001307402376824,0.0,-2.2737367544323206e-13
-0.045999999999999965,627.0456575179032,663.0580752765295,36.01241775862627,0.0,-2.2737367544323206e-13
-0.045500000000000075,627.0476253033614,663.0711534798236,36.02352817646215,-2.220446049250313e-16,0.0
-0.044999999999999984,627.0495931558703,663.0842318117534,36.0346386558831,0.0,-2.2737367544323206e-13
-0.044499999999999894,627.051561075428,663.0973102723178,36.0457491968898,-1.1102230246251565e-16,0.0
-0.044000000000000004,627.0535290620332,663.1103888615169,36.05685979948362,-1.1102230246251565e-16,0.0
-0.04349999999999992,627.0554971156857,663.1234675793485,36.06797046366273,0.0,-2.2737367544323206e-13
-0.04299999999999983,627.0574652363839,663.1365464258122,36.07908118942828,-1.1102230246251565e-16,0.0
-0.04249999999999994,627.0594334241259,663.1496254009069,36.09019197678094,-2.220446049250313e-16,-2.2737367544323206e-13
-0.04200000000000005,627.0614016789116,663.1627045046318,36.10130282572027,-1.1102230246251565e-16,-2.2737367544323206e-13
-0.04150000000000016,627.0633700007388,663.1757837369855,36.11241373624671,0.0,0.0
-0.04100000000000007,627.0653383896074,663.1888630979672,36.12352470835981,0.0,-2.2737367544323206e-13
-0.04049999999999999,627.0673068455153,663.201942587576,36.13463574206071,-1.1102230246251565e-16,-2.2737367544323206e-13
-0.0400000000000001,627.0692753684623,663.2150222058108,36.1457468373485,0.0,0.0
-0.03950000000000001,627.0712439584465,663.2281019526706,36.15685799422408,0.0,0.0
-0.03899999999999992,627.0732126154664,663.2411818281548,36.16796921268838,0.0,0.0
-0.03850000000000003,627.0751813395214,663.254261832262,36.179080492740695,-1.1102230246251565e-16,0.0
-0.037999999999999944,627.0771501306103,663.2673419649916,36.19019183438127,0.0,0.0
-0.03749999999999985,627.079118988732,663.2804222263421,36.20130323761009,0.0,0.0
-0.037000000000000165,627.0810879138844,663.2935026163129,36.21241470242853,-1.1102230246251565e-16,0.0
-0.036500000000000074,627.0830569060681,663.3065831349031,36.223526228835,-1.1102230246251565e-16,-2.2737367544323206e-13
-0.03599999999999999,627.0850259652807,663.3196637821113,36.23463781683063,-1.1102230246251565e-16,-2.2737367544323206e-13
-0.0355000000000001,627.086995091521,663.3327445579364,36.24574946641542,-1.1102230246251565e-16,0.0
-0.03500000000000001,627.0889642847881,663.3458254623781,36.256861177590054,-1.1102230246251565e-16,-2.2737367544323206e-13
-0.03449999999999992,627.0909335450808,663.3589064954347,36.26797295035385,-1.1102230246251565e-16,0.0
-0.03400000000000003,627.0929028723976,663.3719876571058,36.279084784708175,-1.1102230246251565e-16,0.0
-0.033499999999999946,627.0948722667383,663.3850689473898,36.290196680651434,-1.1102230246251565e-16,0.0
-0.032999999999999856,627.0968417281003,663.3981503662867,36.301308638186356,-1.1102230246251565e-16,-2.2737367544323206e-13
-0.032499999999999966,627.0988112564837,663.4112319137944,36.31242065731067,0.0,-2.2737367544323206e-13
-0.031999999999999876,627.1007808518868,663.4243135899128,36.32353273802596,0.0,-2.2737367544323206e-13
-0.031499999999999986,627.1027505143084,663.4373953946401,36.33464488033178,-1.1102230246251565e-16,-2.2737367544323206e-13
-0.0310000000000001,627.1047202437471,663.4504773279759,36.34575708422881,-1.1102230246251565e-16,-2.2737367544323206e-13
-0.03050000000000001,627.1066900402022,663.463559389919,36.35686934971682,-1.1102230246251565e-16,-2.2737367544323206e-13
-0.03000000000000012,627.1086599036723,663.4766415804686,36.36798167679626,0.0,0.0
-0.029500000000000033,627.1106298341565,663.4897238996232,36.37909406546669,0.0,-2.2737367544323206e-13
-0.028999999999999946,627.1125998316529,663.5028063473824,36.39020651572946,-1.1102230246251565e-16,0.0
-0.028500000000000057,627.1145698961616,663.5158889237453,36.40131902758367,-1.1102230246251565e-16,0.0
-0.02799999999999997,627.11654002768,663.5289716287102,36.41243160103022,0.0,-2.2737367544323206e-13
-0.02749999999999988,627.1185102262073,663.5420544622766,36.42354423606935,-1.1102230246251565e-16,-2.2737367544323206e-13
-0.02699999999999999,627.1204804917431,663.5551374244433,36.434656932700136,0.0,0.0
-0.0265000000000001,627.1224508242854,663.5682205152095,36.44576969092418,0.0,0.0
-0.026000000000000013,627.1244212238339,663.5813037345745,36.45688251074057,0.0,-2.2737367544323206e-13
-0.025500000000000123,627.1263916903861,663.5943870825367,36.46799539215067,0.0,-2.2737367544323206e-13
-0.025000000000000036,627.1283622239418,663.6074705590947,36.47910833515289,0.0,0.0
-0.024499999999999945,627.1303328244999,663.6205541642494,36.490221339749496,-1.1102230246251565e-16,0.0
-0.024000000000000056,627.1323034920586,663.6336378979979,36.50133440593936,-2.220446049250313e-16,0.0
-0.02349999999999997,627.1342742266174,663.6467217603397,36.51244753372225,-1.1102230246251565e-16,-2.2737367544323206e-13
-0.02299999999999988,627.1362450281745,663.6598057512742,36.52356072309976,0.0,0.0
-0.022499999999999992,627.1382158967292,663.6728898708,36.534673974070756,0.0,0.0
-0.021999999999999905,627.1401868322805,663.6859741189169,36.54578728663637,0.0,-2.2737367544323206e-13
-0.021500000000000016,627.1421578348263,663.6990584956231,36.55690066079683,-1.1102230246251565e-16,-2.2737367544323206e-13
-0.021000000000000126,627.1441289043657,663.7121430009181,36.56801409655236,-1.1102230246251565e-16,-2.2737367544323206e-13
-0.020500000000000036,627.146100040899,663.7252276347999,36.57912759390092,0.0,-2.2737367544323206e-13
-0.01999999999999995,627.1480712444231,663.7383123972684,36.59024115284524,0.0,-2.2737367544323206e-13
-0.01950000000000006,627.1500425149375,663.7513972883228,36.60135477338531,-1.1102230246251565e-16,0.0
-0.018999999999999972,627.1520138524413,663.7644823079618,36.61246845552046,-1.1102230246251565e-16,-2.2737367544323206e-13
-0.018499999999999885,627.1539852569333,663.777567456184,36.62358219925068,-1.1102230246251565e-16,0.0
-0.017999999999999995,627.1559567284116,663.7906527329892,36.63469600457756,-1.1102230246251565e-16,0.0
-0.017499999999999905,627.1579282668761,663.803738138376,36.64580987149998,-1.1102230246251565e-16,-2.2737367544323206e-13
-0.017000000000000015,627.1598998723252,663.8168236723434,36.65692380001815,0.0,0.0
-0.016499999999999928,627.1618715447578,663.8299093348903,36.66803779013253,0.0,0.0
-0.01600000000000004,627.1638432841721,663.8429951260155,36.67915184184335,-1.1102230246251565e-16,0.0
-0.015500000000000149,627.1658150905673,663.8560810457188,36.69026595515152,0.0,0.0
-0.01500000000000006,627.1677869639425,663.8691670939988,36.70138013005635,-1.1102230246251565e-16,0.0
-0.014499999999999973,627.1697589042967,663.8822532708539,36.712494366557166,-1.1102230246251565e-16,-2.2737367544323206e-13
-0.014000000000000084,627.1717309116282,663.895339576284,36.723608664655785,0.0,0.0
-0.013499999999999995,627.1737029859357,663.9084260102882,36.734723024352434,0.0,0.0
-0.012999999999999907,627.1756751272189,663.9215125728645,36.74583744564552,0.0,-2.2737367544323206e-13
-0.012500000000000018,627.1776473354757,663.9345992640126,36.756951928536864,-1.1102230246251565e-16,-2.2737367544323206e-13
-0.011999999999999929,627.1796196107055,663.9476860837315,36.76806647302601,-1.1102230246251565e-16,-2.2737367544323206e-13
-0.011499999999999842,627.1815919529067,663.9607730320197,36.77918107911296,0.0,0.0
-0.01100000000000015,627.1835643620789,663.973860108877,36.790295746798165,0.0,0.0
-0.010500000000000063,627.1855368382198,663.9869473143021,36.80141047608231,-1.1102230246251565e-16,-2.2737367544323206e-13
-0.009999999999999974,627.1875093813292,664.0000346482939,36.81252526696471,0.0,0.0
-0.009500000000000085,627.1894819914053,664.0131221108509,36.8236401194456,-1.1102230246251565e-16,-2.2737367544323206e-13
-0.008999999999999998,627.1914546684472,664.0262097019729,36.83475503352565,-2.220446049250313e-16,-2.2737367544323206e-13
-0.008499999999999909,627.193427412454,664.0392974216588,36.84587000920487,0.0,-2.2737367544323206e-13
-0.00800000000000002,627.195400223424,664.0523852699073,36.85698504648326,0.0,0.0
-0.007499999999999931,627.1973731013561,664.0654732467176,36.868100145361495,-1.1102230246251565e-16,0.0
-0.006999999999999843,627.1993460462495,664.0785613520884,36.8792153058389,0.0,0.0
-0.006499999999999954,627.2013190581024,664.0916495860195,36.89033052791706,-1.1102230246251565e-16,0.0
-0.006000000000000064,627.2032921369148,664.1047379485092,36.901445811594385,-1.1102230246251565e-16,-2.2737367544323206e-13
-0.005500000000000175,627.2052652826846,664.1178264395558,36.91256115687111,-1.1102230246251565e-16,-2.2737367544323206e-13
-0.005000000000000087,627.2072384954108,664.1309150591601,36.92367656374927,-1.1102230246251565e-16,0.0
-0.004499999999999999,627.2092117750922,664.1440038073199,36.93479203222773,-1.1102230246251565e-16,-2.2737367544323206e-13
-0.004000000000000109,627.2111851217278,664.1570926840341,36.945907562306274,1.1102230246251565e-16,0.0
-0.003500000000000021,627.2131585353156,664.1701816893026,36.95702315398694,0.0,0.0
-0.002999999999999933,627.2151320158557,664.1832708231238,36.96813880726813,0.0,-2.2737367544323206e-13
-0.0025000000000000434,627.2171055633464,664.1963600854967,36.97925452215031,0.0,-2.2737367544323206e-13
-0.001999999999999955,627.2190791777862,664.2094494764203,36.99037029863416,-1.1102230246251565e-16,-2.2737367544323206e-13
-0.0014999999999998669,627.2210528591745,664.222538995894,37.00148613671945,-1.1102230246251565e-16,-2.2737367544323206e-13
-0.0009999999999999775,627.2230266075096,664.2356286439158,37.01260203640618,0.0,-2.2737367544323206e-13
-0.0005000000000000882,627.2250004227906,664.2487184204865,37.02371799769594,-1.1102230246251565e-16,-2.2737367544323206e-13
0.0,627.2269743050167,664.2618083256029,37.03483402058623,-1.1102230246251565e-16,0.0
0.0004999999999998894,627.2381340734983,664.2618519586199,37.02371788512164,-1.1102230246251565e-16,1.1368683772161603e-13
0.0009999999999999775,627.2492940050997,664.2618955912085,37.01260158610876,-1.1102230246251565e-16,1.1368683772161603e-13
0.0015000000000000657,627.2604540998268,664.2619392233687,37.0014851235419,-1.1102230246251565e-16,-1.1368683772161603e-13
0.001999999999999955,627.2716143576845,664.2619828551001,36.9903684974156,-1.1102230246251565e-16,1.1368683772161603e-13
0.0025000000000000434,627.2827747786775,664.2620264864033,36.97925170772578,-1.1102230246251565e-16,-1.1368683772161603e-13
0.0030000000000001315,627.2939353628119,664.262070117278,36.968134754466064,-1.1102230246251565e-16,-1.1368683772161603e-13
0.003500000000000021,627.3050961100926,664.262113747724,36.95701763763145,-1.1102230246251565e-16,-1.1368683772161603e-13
0.004000000000000109,627.316257020525,664.2621573777415,36.94590035721649,-1.1102230246251565e-16,0.0
0.004499999999999999,627.3274180941144,664.2622010073305,36.93478291321617,0.0,0.0
0.004999999999999887,627.338579330866,664.262244636491,36.923665305625036,0.0,1.1368683772161603e-13
0.005499999999999976,627.349740730785,664.2622882652231,36.91254753443809,-1.1102230246251565e-16,0.0
0.005999999999999866,627.360902293877,664.2623318935266,36.901429599649646,-1.1102230246251565e-16,0.0
0.006499999999999954,627.372064020147,664.2623755214015,36.89031150125447,-1.1102230246251565e-16,0.0
0.007000000000000042,627.3832259096002,664.262419148848,36.8791932392478,0.0,-1.1368683772161603e-13
0.007499999999999931,627.3943879622423,664.262462775866,36.86807481362371,-1.1102230246251565e-16,-1.1368683772161603e-13
0.00800000000000002,627.4055501780783,664.2625064024553,36.85695622437697,0.0,-1.1368683772161603e-13
0.008500000000000108,627.4167125571137,664.262550028616,36.845837471502364,0.0,0.0
0.008999999999999998,627.4278750993535,664.2625936543484,36.83471855499488,0.0,-1.1368683772161603e-13
0.009500000000000085,627.4390378048031,664.2626372796522,36.82359947484906,0.0,-1.1368683772161603e-13
0.009999999999999974,627.4502006734676,664.2626809045273,36.81248023105968,0.0,0.0
0.010499999999999864,627.4613637053526,664.2627245289739,36.80136082362128,-1.1102230246251565e-16,0.0
0.010999999999999953,627.4725269004634,664.2627681529921,36.79024125252863,0.0,-1.1368683772161603e-13
0.01150000000000004,627.4836902588052,664.2628117765817,36.7791215177765,0.0,-1.1368683772161603e-13
0.011999999999999929,627.4948537803832,664.2628553997426,36.76800161935944,0.0,-1.1368683772161603e-13
0.012500000000000018,627.5060174652024,664.262899022475,36.75688155727266,0.0,-1.1368683772161603e-13
0.013000000000000105,627.5171813132688,664.2629426447788,36.74576133151004,0.0,-1.1368683772161603e-13
0.013499999999999995,627.528345324587,664.262986266654,36.73464094206702,0.0,-1.1368683772161603e-13
0.014000000000000084,627.5395094991627,664.2630298881006,36.723520388937914,-1.1102230246251565e-16,0.0
0.01450000000000017,627.5506738370013,664.2630735091188,36.7123996721175,0.0,-1.1368683772161603e-13
0.014999999999999862,627.5618383381077,664.2631171297082,36.701278791600544,-1.1102230246251565e-16,0.0
0.01549999999999995,627.5730030024874,664.263160749869,36.69015774738159,-1.1102230246251565e-16,1.1368683772161603e-13
0.01600000000000004,627.5841678301456,664.2632043696017,36.67903653945609,0.0,-1.1368683772161603e-13
0.016499999999999928,627.5953328210876,664.2632479889053,36.66791516781768,0.0,0.0
0.017000000000000015,627.6064979753191,664.2632916077805,36.65679363246136,-1.1102230246251565e-16,-1.1368683772161603e-13
0.017500000000000106,627.6176632928446,664.2633352262271,36.64567193338257,0.0,-1.1368683772161603e-13
0.017999999999999995,627.62882877367,664.2633788442449,36.63455007057496,0.0,0.0
0.018500000000000082,627.6399944178002,664.2634224618344,36.6234280440342,0.0,-1.1368683772161603e-13
0.018999999999999972,627.651160225241,664.2634660789952,36.61230585375415,-1.1102230246251565e-16,-1.1368683772161603e-13
0.01950000000000006,627.6623261959971,664.2635096957272,36.60118349973004,0.0,-1.1368683772161603e-13
0.01999999999999995,627.6734923300744,664.2635533120306,36.590060981956185,-1.1102230246251565e-16,1.1368683772161603e-13
0.020499999999999838,627.6846586274776,664.2635969279056,36.578938300428035,-1.1102230246251565e-16,-1.1368683772161603e-13
0.020999999999999925,627.6958250882121,664.2636405433518,36.56781545513968,0.0,0.0
0.021500000000000016,627.7069917122838,664.2636841583694,36.55669244608566,-1.1102230246251565e-16,1.1368683772161603e-13
0.021999999999999905,627.7181584996974,664.2637277729586,36.54556927326121,0.0,-1.1368683772161603e-13
0.022499999999999992,627.729325450458,664.2637713871188,36.53444593666086,-1.1102230246251565e-16,0.0
0.02300000000000008,627.7404925645715,664.2638150008506,36.52332243627916,0.0,-1.1368683772161603e-13
0.02349999999999997,627.751659842043,664.2638586141538,36.51219877211088,-1.1102230246251565e-16,-1.1368683772161603e-13
0.024000000000000056,627.7628272828774,664.2639022270282,36.50107494415079,0.0,-1.1368683772161603e-13
0.024500000000000147,627.7739948870803,664.263945839474,36.489950952393656,-1.1102230246251565e-16,-1.1368683772161603e-13
0.025000000000000036,627.7851626546574,664.2639894514912,36.4788267968338,-1.1102230246251565e-16,0.0
0.025499999999999926,627.7963305856133,664.2640330630798,36.467702477466446,-1.1102230246251565e-16,-1.1368683772161603e-13
0.026000000000000013,627.8074986799536,664.2640766742395,36.45657799428591,0.0,0.0
0.026499999999999902,627.8186669376837,664.2641202849709,36.445453347287184,-1.1102230246251565e-16,-1.1368683772161603e-13
0.02699999999999999,627.8298353588086,664.2641638952732,36.43432853646459,0.0,1.1368683772161603e-13
0.02750000000000008,627.8410039433338,664.2642075051472,36.42320356181335,0.0,0.0
0.02799999999999997,627.8521726912647,664.2642511145923,36.41207842332756,0.0,0.0
0.028500000000000057,627.8633416026062,664.2642947236088,36.40095312100266,0.0,1.1368683772161603e-13
0.029000000000000144,627.8745106773642,664.2643383321968,36.389827654832516,0.0,0.0
0.029500000000000033,627.8856799155433,664.2643819403559,36.37870202481258,-1.1102230246251565e-16,1.1368683772161603e-13
0.03000000000000012,627.8968493171492,664.2644255480866,36.3675762309374,-1.1102230246251565e-16,-1.1368683772161603e-13
0.030499999999999812,627.9080188821874,664.2644691553883,36.356450273200835,0.0,0.0
0.0309999999999999,627.9191886106623,664.2645127622613,36.345324151599016,-1.1102230246251565e-16,1.1368683772161603e-13
0.031499999999999986,627.9303585025802,664.2645563687058,36.33419786612558,-1.1102230246251565e-16,0.0
0.031999999999999876,627.9415285579462,664.2645999747215,36.32307141677529,0.0,1.1368683772161603e-13
0.032499999999999966,627.9526987767651,664.2646435803088,36.31194480354361,0.0,-1.1368683772161603e-13
0.03300000000000006,627.9638691590428,664.264687185467,36.30081802642417,0.0,-1.1368683772161603e-13
0.033499999999999946,627.9750397047842,664.2647307901966,36.289691085412414,-1.1102230246251565e-16,-1.1368683772161603e-13
0.03400000000000003,627.9862104139947,664.2647743944976,36.278563980502895,0.0,-1.1368683772161603e-13
0.03450000000000012,627.9973812866792,664.2648179983698,36.26743671169061,0.0,-1.1368683772161603e-13
0.03500000000000001,628.0085523228438,664.2648616018132,36.25630927896941,-1.1102230246251565e-16,0.0
0.0354999999999999,628.0197235224935,664.264905204828,36.24518168233453,0.0,-1.1368683772161603e-13
0.03599999999999999,628.0308948856334,664.2649488074142,36.23405392178074,0.0,-1.1368683772161603e-13
0.03649999999999988,628.0420664122687,664.2649924095715,36.22292599730281,0.0,-1.1368683772161603e-13
0.036999999999999963,628.053238102405,664.2650360113,36.21179790889505,0.0,0.0
0.037500000000000054,628.0644099560475,664.2650796126,36.20066965655246,-1.1102230246251565e-16,-1.1368683772161603e-13
0.037999999999999944,628.0755819732012,664.265123213471,36.18954124026982,-1.1102230246251565e-16,-1.1368683772161603e-13
0.03850000000000003,628.0867541538721,664.2651668139135,36.17841266004143,0.0,-1.1368683772161603e-13
0.03900000000000012,628.0979264980649,664.2652104139272,36.1672839158623,0.0,-1.1368683772161603e-13
0.03950000000000001,628.1090990057851,664.265254013512,36.156155007726966,-1.1102230246251565e-16,-1.1368683772161603e-13
0.0400000000000001,628.1202716770379,664.2652976126683,36.14502593563043,-1.1102230246251565e-16,-1.1368683772161603e-13
0.04050000000000018,628.1314445118287,664.2653412113955,36.133896699566776,0.0,1.1368683772161603e-13
0.04099999999999988,628.1426175101628,664.2653848096943,36.12276729953146,-1.1102230246251565e-16,-1.1368683772161603e-13
0.04149999999999996,628.1537906720455,664.2654284075641,36.11163773551857,-1.1102230246251565e-16,0.0
0.04200000000000005,628.1649639974821,664.2654720050052,36.1005080075231,0.0,0.0
0.04249999999999994,628.1761374864777,664.2655156020176,36.08937811553983,0.0,0.0
0.04300000000000003,628.187311139038,664.2655591986011,36.078248059563066,0.0,1.1368683772161603e-13
0.04349999999999992,628.1984849551677,664.265602794756,36.06711783958826,-1.1102230246251565e-16,1.1368683772161603e-13
0.044000000000000004,628.2096589348728,664.2656463904821,36.055987455609284,0.0,0.0
0.044500000000000095,628.2208330781582,664.2656899857793,36.044856907621124,-1.1102230246251565e-16,0.0
0.044999999999999984,628.2320073850292,664.265733580648,36.03372619561878,-1.1102230246251565e-16,-1.1368683772161603e-13
0.045500000000000075,628.2431818554915,664.2657771750876,36.02259531959612,-1.1102230246251565e-16,0.0
0.045999999999999965,628.2543564895498,664.2658207690986,36.01146427954882,-1.1102230246251565e-16,-1.1368683772161603e-13
0.046499999999999854,628.2655312872098,664.2658643626805,36.000333075470735,-1.1102230246251565e-16,1.1368683772161603e-13
0.04699999999999994,628.2767062484763,664.2659079558341,35.98920170735778,-1.1102230246251565e-16,-1.1368683772161603e-13
0.04750000000000003,628.2878813733553,664.2659515485586,35.97807017520336,-1.1102230246251565e-16,-1.1368683772161603e-13
0.04799999999999992,628.2990566618519,664.2659951408543,35.966938479002465,-1.1102230246251565e-16,-1.1368683772161603e-13
0.0485,628.3102321139711,664.2660387327212,35.9558066187501,-1.1102230246251565e-16,-1.1368683772161603e-13
0.04900000000000009,628.3214077297187,664.2660823241592,35.944674594440585,0.0,0.0
0.04949999999999998,628.3325835090991,664.2661259151687,35.93354240606959,-1.1102230246251565e-16,-1.1368683772161603e-13
0.05000000000000007,628.3437594521185,664.2661695057491,35.92241005363053,0.0,0.0
0.050500000000000156,628.3549355587822,664.2662130959009,35.91127753711862,-1.1102230246251565e-16,-1.1368683772161603e-13
0.051000000000000045,628.366111829095,664.2662566856236,35.90014485652864,0.0,0.0
0.051499999999999935,628.3772882630622,664.2663002749177,35.889012011855584,0.0,-1.1368683772161603e-13
0.052000000000000025,628.3884648606895,664.2663438637828,35.87787900309331,1.1102230246251565e-16,0.0
0.052499999999999915,628.399641621982,664.2663874522193,35.86674583023728,0.0,-1.1368683772161603e-13
0.053000000000000005,628.4108185469449,664.2664310402267,35.8556124932818,-1.1102230246251565e-16,1.1368683772161603e-13
0.05350000000000009,628.4219956355837,664.2664746278056,35.844478992221866,-1.1102230246251565e-16,-1.1368683772161603e-13
0.05399999999999998,628.4331728879038,664.2665182149553,35.833345327051575,0.0,0.0
0.05450000000000007,628.4443503039099,664.2665618016763,35.822211497766375,0.0,0.0
0.05499999999999996,628.4555278836083,664.2666053879686,35.811077504360355,0.0,-1.1368683772161603e-13
0.05550000000000005,628.4667056270034,664.2666489738317,35.799943346828286,-1.1102230246251565e-16,1.1368683772161603e-13
0.05600000000000013,628.477883534101,664.2666925592664,35.78880902516539,-1.1102230246251565e-16,-1.1368683772161603e-13
0.05649999999999983,628.4890616049063,664.266736144272,35.77767453936576,0.0,-1.1368683772161603e-13
0.05699999999999991,628.5002398394242,664.2667797288486,35.76653988942439,-1.1102230246251565e-16,0.0
0.0575,628.5114182376608,664.2668233129966,35.75540507533583,-1.1102230246251565e-16,-1.1368683772161603e-13
0.05799999999999989,628.5225967996209,664.2668668967156,35.74427009709461,0.0,0.0
0.058499999999999976,628.5337755253095,664.2669104800057,35.7331349546962,-1.1102230246251565e-16,0.0
0.059000000000000066,628.5449544147327,664.266954062867,35.721999648134215,0.0,-1.1368683772161603e-13
0.059499999999999956,628.5561334678953,664.2669976452994,35.71086417740412,0.0,-1.1368683772161603e-13
0.060000000000000046,628.5673126848026,664.2670412273028,35.699728542500225,0.0,-1.1368683772161603e-13
0.06050000000000013,628.5784920654601,664.2670848088774,35.6885927434173,-1.1102230246251565e-16,1.1368683772161603e-13
0.06100000000000002,628.589671609873,664.2671283900231,35.67745678015012,0.0,0.0
0.06149999999999991,628.6008513180468,664.26717197074,35.66632065269323,0.0,-1.1368683772161603e-13
0.062,628.6120311899863,664.2672155510279,35.65518436104162,-1.1102230246251565e-16,0.0
0.06249999999999989,628.6232112256973,664.2672591308869,35.64404790518961,-1.1102230246251565e-16,0.0
0.06299999999999997,628.6343914251852,664.2673027103172,35.63291128513197,0.0,0.0
0.06350000000000007,628.6455717884546,664.2673462893185,35.62177450086392,-1.1102230246251565e-16,-1.1368683772161603e-13
0.06399999999999996,628.6567523155115,664.2673898678906,35.6106375523791,-1.1102230246251565e-16,0.0
0.06450000000000004,628.667933006361,664.2674334460341,35.59950043967319,-1.1102230246251565e-16,-1.1368683772161603e-13
0.06500000000000013,628.6791138610083,664.2674770237486,35.58836316274028,0.0,0.0
0.06550000000000002,628.6902948794586,664.2675206010342,35.57722572157559,-1.1102230246251565e-16,0.0
0.06600000000000011,628.7014760617178,664.267564177891,35.566088116173205,-1.1102230246251565e-16,-1.1368683772161603e-13
0.0665,628.7126574077909,664.2676077543185,35.554950346527676,-1.1102230246251565e-16,1.1368683772161603e-13
0.06699999999999989,628.7238389176828,664.2676513303174,35.54381241263468,0.0,0.0
0.06749999999999998,628.7350205913992,664.2676949058873,35.53267431448808,0.0,0.0
0.06799999999999987,628.7462024289455,664.2677384810283,35.521536052082865,-1.1102230246251565e-16,0.0
0.06849999999999995,628.7573844303265,664.2677820557403,35.510397625413816,-1.1102230246251565e-16,0.0
0.06900000000000005,628.7685665955482,664.2678256300235,35.499259034475244,-1.1102230246251565e-16,-1.1368683772161603e-13
0.06949999999999994,628.7797489246154,664.2678692038776,35.48812027926215,-1.1102230246251565e-16,-1.1368683772161603e-13
0.07000000000000002,628.7909314175338,664.2679127773029,35.47698135976907,0.0,-1.1368683772161603e-13
0.0705000000000001,628.8021140743085,664.2679563502988,35.465842275990326,-1.1102230246251565e-16,1.1368683772161603e-13
0.071,628.8132968949446,664.2679999228662,35.454703027921596,0.0,-1.1368683772161603e-13
0.07150000000000009,628.8244798794476,664.2680434950046,35.44356361555697,0.0,-1.1368683772161603e-13
0.07199999999999998,628.8356630278231,664.2680870667139,35.43242403889076,-1.1102230246251565e-16,0.0
0.07249999999999987,628.8468463400761,664.2681306379943,35.42128429791819,-1.1102230246251565e-16,-1.1368683772161603e-13
0.07299999999999995,628.8580298162119,664.2681742088457,35.41014439263381,0.0,-1.1368683772161603e-13
0.07350000000000004,628.8692134562359,664.2682177792681,35.39900432303216,-1.1102230246251565e-16,1.1368683772161603e-13
0.07399999999999993,628.8803972601531,664.2682613492616,35.38786408910846,0.0,0.0
0.07450000000000001,628.8915812279695,664.2683049188261,35.37672369085658,0.0,0.0
0.07500000000000011,628.9027653596897,664.2683484879617,35.365583128271965,-1.1102230246251565e-16,-1.1368683772161603e-13
0.0755,628.9139496553196,664.2683920566683,35.354442401348706,0.0,-1.1368683772161603e-13
0.07600000000000008,628.9251341148642,664.2684356249458,35.343301510081574,0.0,0.0
0.07650000000000017,628.9363187383287,664.2684791927943,35.332160454465566,0.0,0.0
0.07699999999999986,628.9475035257185,664.268522760214,35.32101923449545,-1.1102230246251565e-16,-1.1368683772161603e-13
0.07749999999999994,628.9586884770392,664.2685663272046,35.30987785016532,-1.1102230246251565e-16,-1.1368683772161603e-13
0.07800000000000004,628.9698735922962,664.2686098937661,35.298736301469944,-1.1102230246251565e-16,-1.1368683772161603e-13
0.07849999999999993,628.981058871494,664.2686534598986,35.287594588404545,0.0,0.0
0.07900000000000001,628.9922443146388,664.268697025602,35.27645271096321,0.0,1.1368683772161603e-13
0.0794999999999999,629.0034299217352,664.2687405908766,35.2653106691414,-1.1102230246251565e-16,0.0
0.07999999999999999,629.014615692789,664.2687841557222,35.254168462933194,-1.1102230246251565e-16,0.0
0.08050000000000009,629.0258016278053,664.2688277201387,35.243026092333366,-1.1102230246251565e-16,0.0
0.08099999999999997,629.0369877267897,664.2688712841261,35.23188355733646,0.0,1.1368683772161603e-13
0.08150000000000006,629.048173989747,664.2689148476848,35.2207408579377,-1.1102230246251565e-16,-1.1368683772161603e-13
0.08200000000000014,629.0593604166831,664.2689584108141,35.209597994130945,-1.1102230246251565e-16,0.0
0.08249999999999984,629.0705470076032,664.2690019735146,35.198454965911424,-1.1102230246251565e-16,0.0
0.08299999999999992,629.0817337625119,664.2690455357861,35.18731177327413,-1.1102230246251565e-16,-1.1368683772161603e-13
0.08350000000000002,629.0929206814158,664.2690890976282,35.17616841621248,0.0,0.0
0.08399999999999991,629.1041077643188,664.2691326590416,35.16502489472282,-1.1102230246251565e-16,0.0
0.08449999999999999,629.1152950112275,664.2691762200259,35.15388120879834,0.0,0.0
0.08500000000000008,629.1264824221462,664.2692197805811,35.14273735843494,0.0,-1.1368683772161603e-13
0.08549999999999996,629.1376699970808,664.2692633407073,35.13159334362649,-1.1102230246251565e-16,-1.1368683772161603e-13
0.08600000000000006,629.1488577360362,664.2693069004042,35.12044916436798,-2.220446049250313e-16,0.0
0.08650000000000015,629.1600456390186,664.2693504596723,35.10930482065373,0.0,0.0
0.08700000000000004,629.1712337060324,664.2693940185113,35.09816031247897,0.0,0.0
0.08749999999999993,629.1824219370828,664.2694375769213,35.087015639838455,-1.1102230246251565e-16,0.0
0.08800000000000001,629.1936103321761,664.2694811349022,35.07587080272606,-1.1102230246251565e-16,-1.1368683772161603e-13
0.0884999999999999,629.2047988913166,664.2695246924538,35.06472580113723,-1.1102230246251565e-16,1.1368683772161603e-13
0.089,629.2159876145104,664.2695682495767,35.05358063506628,-1.1102230246251565e-16,-1.1368683772161603e-13
0.08950000000000008,629.2271765017624,664.2696118062702,35.04243530450776,-1.1102230246251565e-16,1.1368683772161603e-13
0.08999999999999997,629.2383655530784,664.2696553625349,35.03128980945644,1.1102230246251565e-16,-1.1368683772161603e-13
0.09050000000000005,629.2495547684628,664.2696989183703,35.02014414990754,0.0,-1.1368683772161603e-13
0.09099999999999994,629.2607441479215,664.2697424737767,35.008998325855146,0.0,0.0
0.09150000000000004,629.2719336914599,664.269786028754,34.997852337294034,0.0,0.0
0.09200000000000012,629.2831233990833,664.2698295833022,34.986706184218974,0.0,0.0
0.09250000000000001,629.2943132707969,664.2698731374214,34.97555986662451,0.0,-1.1368683772161603e-13
0.0929999999999999,629.3055033066057,664.2699166911113,34.96441338450563,-1.1102230246251565e-16,-1.1368683772161603e-13
0.09349999999999999,629.3166935065158,664.2699602443722,34.95326673785644,0.0,0.0
0.09399999999999988,629.3278838705317,664.270003797204,34.942119926672376,-1.1102230246251565e-16,-1.1368683772161603e-13
0.09449999999999997,629.3390743986595,664.2700473496068,34.93097295094731,-1.1102230246251565e-16,-1.1368683772161603e-13
0.09500000000000006,629.3502650909036,664.2700909015803,34.919825810676684,-1.1102230246251565e-16,0.0
0.09549999999999995,629.3614559472703,664.2701344531247,34.90867850585437,-1.1102230246251565e-16,0.0
0.09600000000000003,629.3726469677645,664.27017800424,34.897531036475584,0.0,0.0
0.09650000000000011,629.383838152391,664.2702215549261,34.8863834025351,-1.1102230246251565e-16,1.1368683772161603e-13
0.097,629.3950295011562,664.2702651051834,34.87523560402724,-1.1102230246251565e-16,0.0
0.0975000000000001,629.4062210140644,664.2703086550114,34.86408764094699,-1.1102230246251565e-16,-1.1368683772161603e-13
0.09799999999999999,629.4174126911216,664.2703522044101,34.85293951328845,0.0,1.1368683772161603e-13
0.09849999999999988,629.4286045323329,664.2703957533797,34.84179122104683,0.0,1.1368683772161603e-13
0.09899999999999996,629.4397965377034,664.2704393019203,34.83064276421692,0.0,1.1368683772161603e-13
0.09950000000000005,629.4509887072388,664.2704828500318,34.81949414279302,-1.1102230246251565e-16,-1.1368683772161603e-13
0.09999999999999994,629.4621810409442,664.2705263977141,34.808345356769905,-1.1102230246251565e-16,-1.1368683772161603e-13
0.10050000000000003,629.473373538825,664.2705699449671,34.79719640614212,0.0,1.1368683772161603e-13
0.10100000000000012,629.4845662008863,664.270613491791,34.78604729090466,0.0,1.1368683772161603e-13
0.1015,629.4957590271335,664.2706570381858,34.7748980110523,-1.1102230246251565e-16,0.0
0.10200000000000009,629.5069520175725,664.2707005841517,34.763748566579125,-1.1102230246251565e-16,-1.1368683772161603e-13
0.10249999999999998,629.518145172208,664.270744129688,34.752598957479904,0.0,0.0
0.10299999999999987,629.5293384910453,664.2707876747952,34.741449183749864,-1.1102230246251565e-16,0.0
0.10349999999999997,629.5405319740903,664.2708312194734,34.730299245383094,-1.1102230246251565e-16,-1.1368683772161603e-13
0.10399999999999986,629.5517256213477,664.2708747637223,34.71914914237459,0.0,1.1368683772161603e-13
0.10449999999999994,629.5629194328233,664.2709183075422,34.707998874718896,0.0,-1.1368683772161603e-13
0.10500000000000002,629.574113408522,664.2709618509327,34.69684844241078,0.0,0.0
0.10549999999999991,629.5853075484495,664.2710053938943,34.68569784544479,0.0,-1.1368683772161603e-13
0.10600000000000001,629.5965018526103,664.2710489364265,34.67454708381615,-2.220446049250313e-16,-1.1368683772161603e-13
0.1065000000000001,629.6076963210112,664.2710924785295,34.663396157518264,0.0,-1.1368683772161603e-13
0.10699999999999998,629.6188909536563,664.2711360202034,34.65224506654704,-1.1102230246251565e-16,-1.1368683772161603e-13
0.10750000000000007,629.6300857505516,664.271179561448,34.641093810896336,0.0,-1.1368683772161603e-13
0.10800000000000017,629.6412807117019,664.2712231022633,34.62994239056138,0.0,1.1368683772161603e-13
0.10849999999999985,629.6524758371129,664.2712666426496,34.61879080553672,0.0,0.0
0.10899999999999994,629.6636711267897,664.2713101826068,34.60763905581712,0.0,-1.1368683772161603e-13
0.10950000000000003,629.6748665807377,664.2713537221346,34.59648714139689,-1.1102230246251565e-16,0.0
0.10999999999999992,629.6860621989624,664.2713972612332,34.585335062270815,0.0,-1.1368683772161603e-13
0.1105,629.697257981469,664.2714407999026,34.574182818433655,0.0,-1.1368683772161603e-13
0.1110000000000001,629.7084539282628,664.2714843381427,34.56303040987996,0.0,0.0
0.11149999999999999,629.7196500393493,664.2715278759538,34.55187783660449,0.0,-1.1368683772161603e-13
0.11200000000000007,629.7308463147335,664.2715714133356,34.540725098602024,0.0,-1.1368683772161603e-13
0.11250000000000016,629.7420427544207,664.271614950288,34.52957219586733,-2.220446049250313e-16,-1.1368683772161603e-13
0.11300000000000004,629.753239358417,664.2716584868112,34.51841912839427,-1.1102230246251565e-16,-1.1368683772161603e-13
0.11349999999999993,629.7644361267269,664.2717020229054,34.507265896178524,0.0,-1.1368683772161603e-13
0.11400000000000003,629.7756330593559,664.27174555857,34.49611249921418,0.0,0.0
0.11449999999999992,629.7868301563094,664.2717890938056,34.48495893749623,0.0,-1.1368683772161603e-13
0.115,629.798027417593,664.271832628612,34.473805211019,0.0,0.0
0.1154999999999999,629.8092248432113,664.271876162989,34.462651319777706,-2.220446049250313e-16,0.0
0.11599999999999998,629.8204224331705,664.271919696937,34.45149726376644,-1.1102230246251565e-16,-1.1368683772161603e-13
0.11650000000000006,629.8316201874757,664.2719632304554,34.44034304297975,0.0,-1.1368683772161603e-13
0.11699999999999995,629.8428181061317,664.2720067635448,34.42918865741308,-1.1102230246251565e-16,-1.1368683772161603e-13
0.11750000000000005,629.8540161891447,664.2720502962047,34.418034107060066,0.0,-1.1368683772161603e-13
0.11800000000000013,629.8652144365192,664.2720938284353,34.40687939191616,0.0,1.1368683772161603e-13
0.11849999999999983,629.8764128482608,664.2721373602371,34.39572451197637,0.0,-1.1368683772161603e-13
0.11899999999999991,629.8876114243749,664.2721808916092,34.384569467234314,-1.1102230246251565e-16,0.0
0.1195,629.8988101648672,664.2722244225522,34.373414257685,-1.1102230246251565e-16,-1.1368683772161603e-13
0.11999999999999988,629.910009069742,664.2722679530659,34.362258883323875,-1.1102230246251565e-16,-1.1368683772161603e-13
0.12049999999999998,629.9212081390058,664.2723114831501,34.35110334414435,-1.1102230246251565e-16,1.1368683772161603e-13
0.12100000000000007,629.9324073726636,664.2723550128053,34.339947640141645,0.0,0.0
0.12149999999999996,629.94360677072,664.2723985420312,34.32879177131122,-1.1102230246251565e-16,-1.1368683772161603e-13
0.12200000000000004,629.9548063331815,664.2724420708275,34.317635737646015,-1.1102230246251565e-16,1.1368683772161603e-13
0.12250000000000014,629.9660060600527,664.2724855991949,34.306479539142174,-1.1102230246251565e-16,0.0
0.12300000000000003,629.9772059513389,664.2725291271327,34.29532317579378,-1.1102230246251565e-16,1.1368683772161603e-13
0.12350000000000011,629.9884060070453,664.2725726546414,34.28416664759607,0.0,0.0
0.124,629.999606227178,664.2726161817207,34.27300995454266,0.0,0.0
0.12449999999999989,630.0108066117418,664.2726597083708,34.26185309662901,0.0,-1.1368683772161603e-13
0.12499999999999997,630.0220071607419,664.2727032345913,34.25069607384944,-1.1102230246251565e-16,0.0
0.12550000000000006,630.0332078741837,664.2727467603827,34.23953888619894,-1.1102230246251565e-16,0.0
0.12599999999999995,630.0444087520732,664.2727902857448,34.22838153367161,-1.1102230246251565e-16,0.0
0.12650000000000006,630.055609794415,664.2728338106776,34.21722401626266,-1.1102230246251565e-16,-1.1368683772161603e-13
0.12699999999999995,630.0668110012145,664.272877335181,34.20606633396642,-1.1102230246251565e-16,0.0
0.12750000000000003,630.0780123724771,664.272920859255,34.19490848677788,-1.1102230246251565e-16,0.0
0.1280000000000001,630.0892139082086,664.2729643828998,34.183750474691124,0.0,0.0
0.1285,630.1004156084136,664.2730079061153,34.17259229770161,-1.1102230246251565e-16,-1.1368683772161603e-13
0.1289999999999999,630.1116174730978,664.2730514289015,34.16143395580366,-1.1102230246251565e-16,-1.1368683772161603e-13
0.12949999999999998,630.1228195022666,664.2730949512579,34.15027544899135,-1.1102230246251565e-16,1.1368683772161603e-13
0.12999999999999987,630.1340216959254,664.2731384731853,34.139116777259915,0.0,1.1368683772161603e-13
0.13049999999999995,630.1452240540791,664.2731819946835,34.12795794060435,-1.1102230246251565e-16,0.0
0.13100000000000003,630.1564265767333,664.2732255157521,34.116798939018736,-1.1102230246251565e-16,0.0
0.13149999999999992,630.1676292638938,664.2732690363914,34.105639772497625,-1.1102230246251565e-16,1.1368683772161603e-13
0.132,630.178832115565,664.2733125566015,34.09448044103647,-1.1102230246251565e-16,0.0
0.13250000000000012,630.1900351317531,664.273356076382,34.083320944628895,0.0,0.0
0.133,630.2012383124627,664.2733995957333,34.07216128327059,-1.1102230246251565e-16,0.0
0.1335000000000001,630.2124416577001,664.2734431146553,34.06100145695518,-1.1102230246251565e-16,-1.1368683772161603e-13
0.13400000000000017,630.2236451674696,664.2734866331477,34.04984146567813,-1.1102230246251565e-16,-1.1368683772161603e-13
0.13449999999999987,630.234848841777,664.2735301512109,34.03868130943397,-1.1102230246251565e-16,-1.1368683772161603e-13
0.13499999999999995,630.2460526806276,664.2735736688446,34.02752098821702,0.0,-1.1368683772161603e-13
0.13550000000000004,630.2572566840272,664.273617186049,34.016360502021826,0.0,-1.1368683772161603e-13
0.13599999999999993,630.2684608519803,664.2736607028239,34.00519985084361,0.0,0.0
0.1365,630.2796651844926,664.2737042191695,33.994039034676916,-1.1102230246251565e-16,-1.1368683772161603e-13
0.1370000000000001,630.2908696815696,664.2737477350856,33.98287805351606,-1.1102230246251565e-16,0.0
0.13749999999999998,630.3020743432164,664.2737912505725,33.97171690735604,-1.1102230246251565e-16,0.0
0.1380000000000001,630.3132791694386,664.27383476563,33.9605555961914,-1.1102230246251565e-16,-1.1368683772161603e-13
0.13849999999999998,630.3244841602416,664.2738782802578,33.94939412001622,0.0,0.0
0.13900000000000007,630.3356893156301,664.2739217944566,33.93823247882642,-1.1102230246251565e-16,0.0
0.13949999999999996,630.3468946356102,664.2739653082258,33.92707067261563,0.0,-1.1368683772161603e-13
0.13999999999999985,630.3581001201865,664.2740088215655,33.91590870137907,-1.1102230246251565e-16,-1.1368683772161603e-13
0.14049999999999993,630.3693057693654,664.274052334476,33.9047465651106,0.0,-1.1368683772161603e-13
0.14100000000000001,630.380511583151,664.2740958469569,33.893584263805906,-1.1102230246251565e-16,-1.1368683772161603e-13
0.1414999999999999,630.3917175615495,664.2741393590084,33.882421797458846,0.0,-1.1368683772161603e-13
0.142,630.4029237045661,664.2741828706305,33.87125916606442,-1.1102230246251565e-16,-1.1368683772161603e-13
0.14250000000000007,630.4141300122062,664.2742263818229,33.86009636961671,0.0,1.1368683772161603e-13
0.14299999999999996,630.4253364844744,664.2742698925863,33.84893340811186,0.0,0.0
0.14350000000000007,630.4365431213769,664.2743134029201,33.83777028154327,0.0,-1.1368683772161603e-13
0.14400000000000016,630.4477499229188,664.2743569128245,33.82660698990571,-1.1102230246251565e-16,-1.1368683772161603e-13
0.14449999999999985,630.4589568891051,664.2744004222993,33.815443533194184,-1.1102230246251565e-16,0.0
0.14499999999999993,630.4701640199416,664.2744439313449,33.80427991140323,-1.1102230246251565e-16,0.0
0.14550000000000002,630.4813713154338,664.2744874399609,33.79311612452716,-1.1102230246251565e-16,-1.1368683772161603e-13
0.1459999999999999,630.4925787755865,664.2745309481475,33.78195217256098,0.0,0.0
0.1465,630.5037864004053,664.2745744559047,33.77078805549945,0.0,-1.1368683772161603e-13
0.14700000000000008,630.5149941898951,664.2746179632322,33.759623773337125,0.0,0.0
0.14749999999999996,630.5262021440622,664.2746614701305,33.748459326068314,1.1102230246251565e-16,0.0
0.14800000000000005,630.537410262911,664.2747049765992,33.73729471368824,-1.1102230246251565e-16,-1.1368683772161603e-13
0.14850000000000013,630.5486185464474,664.2747484826384,33.726129936191,0.0,0.0
0.14900000000000002,630.5598269946765,664.2747919882481,33.714964993571584,0.0,1.1368683772161603e-13
0.14950000000000013,630.5710356076036,664.2748354934286,33.70379988582499,-1.1102230246251565e-16,0.0
0.15000000000000002,630.5822443852344,664.2748789981795,33.692634612945085,-1.1102230246251565e-16,-1.1368683772161603e-13
0.1504999999999999,630.5934533275743,664.2749225025009,33.68146917492663,0.0,-1.1368683772161603e-13
0.151,630.6046624346277,664.2749660063926,33.67030357176486,0.0,1.1368683772161603e-13
0.15149999999999988,630.6158717064011,664.275009509855,33.65913780345386,0.0,1.1368683772161603e-13
0.15199999999999997,630.6270811428992,664.2750530128881,33.64797186998885,0.0,-1.1368683772161603e-13
0.15250000000000005,630.6382907441275,664.2750965154914,33.636805771363925,1.1102230246251565e-16,-1.1368683772161603e-13
0.15299999999999994,630.6495005100915,664.2751400176653,33.62563950757385,0.0,-1.1368683772161603e-13
0.15350000000000003,630.660710440796,664.2751835194097,33.61447307861363,0.0,-1.1368683772161603e-13
0.1540000000000001,630.671920536247,664.2752270207245,33.60330648447757,0.0,0.0
0.1545,630.6831307964494,664.2752705216101,33.59213972516068,0.0,-1.1368683772161603e-13
0.1549999999999999,630.6943412214086,664.2753140220659,33.580972800657264,-1.1102230246251565e-16,-1.1368683772161603e-13
0.1555,630.7055518111306,664.2753575220922,33.569805710961646,0.0,-1.1368683772161603e-13
0.1559999999999999,630.7167625656198,664.275401021689,33.558638456069275,0.0,0.0
0.15649999999999997,630.7279734848819,664.2754445208564,33.54747103597447,-1.1102230246251565e-16,-1.1368683772161603e-13
0.15700000000000006,630.7391845689226,664.2754880195941,33.53630345067154,-1.1102230246251565e-16,0.0
0.15749999999999995,630.7503958177467,664.2755315179024,33.525135700155715,-1.1102230246251565e-16,-1.1368683772161603e-13
0.15800000000000003,630.7616072313601,664.2755750157812,33.513967784421084,0.0,-1.1368683772161603e-13
0.1585000000000001,630.7728188097676,664.2756185132305,33.50279970346287,0.0,-1.1368683772161603e-13
0.159,630.7840305529753,664.27566201025,33.49163145727471,0.0,0.0
0.1595000000000001,630.7952424609873,664.2757055068403,33.48046304585296,-1.1102230246251565e-16,-1.1368683772161603e-13
0.1600000000000002,630.80645453381,664.2757490030008,33.4692944691908,-1.1102230246251565e-16,0.0
0.16049999999999986,630.8176667714488,664.2757924987318,33.458125727283004,0.0,0.0
0.16099999999999998,630.8288791739083,664.2758359940333,33.446956820125024,0.0,0.0
0.16150000000000006,630.8400917411943,664.2758794889053,33.43578774771095,0.0,0.0
0.16199999999999995,630.8513044733122,664.2759229833475,33.424618510035316,0.0,0.0
0.16250000000000003,630.8625173702671,664.2759664773603,33.41344910709313,-1.1102230246251565e-16,1.1368683772161603e-13
0.16299999999999992,630.8737304320646,664.2760099709437,33.40227953887916,0.0,-1.1368683772161603e-13
0.1635,630.88494365871,664.2760534640975,33.39110980538749,-1.1102230246251565e-16,-1.1368683772161603e-13
0.1640000000000001,630.8961570502086,664.2760969568214,33.37993990661289,-1.1102230246251565e-16,-1.1368683772161603e-13
0.16449999999999998,630.9073706065656,664.2761404491159,33.368769842550364,-1.1102230246251565e-16,1.1368683772161603e-13
0.16500000000000006,630.9185843277867,664.2761839409809,33.357599613194225,-1.1102230246251565e-16,1.1368683772161603e-13
0.16549999999999995,630.9297982138769,664.2762274324164,33.34642921853947,0.0,-1.1368683772161603e-13
0.16599999999999984,630.9410122648419,664.2762709234221,33.33525865858019,0.0,0.0
0.16649999999999995,630.9522264806865,664.2763144139983,33.32408793331183,0.0,0.0
0.16700000000000004,630.9634408614168,664.276357904145,33.31291704272826,-1.1102230246251565e-16,-1.1368683772161603e-13
0.16749999999999993,630.9746554070371,664.276401393862,33.301745986824926,-1.1102230246251565e-16,-1.1368683772161603e-13
0.168,630.9858701175542,664.2764448831495,33.29057476559524,-1.1102230246251565e-16,-1.1368683772161603e-13
0.1685000000000001,630.9970849929723,664.2764883720074,33.2794033790351,0.0,-1.1368683772161603e-13
0.16899999999999998,631.008300033297,664.2765318604354,33.26823182713838,0.0,0.0
0.16950000000000007,631.0195152385338,664.2765753484341,33.257060109900294,-1.1102230246251565e-16,-1.1368683772161603e-13
0.17000000000000015,631.0307306086881,664.2766188360031,33.245888227314936,0.0,0.0
0.17049999999999985,631.0419461437655,664.2766623231425,33.234716179377074,1.1102230246251565e-16,-1.1368683772161603e-13
0.17099999999999993,631.0531618437703,664.2767058098523,33.223543966081934,-1.1102230246251565e-16,-1.1368683772161603e-13
0.1715,631.0643777087091,664.2767492961323,33.21237158742315,-1.1102230246251565e-16,0.0
0.1719999999999999,631.0755937385868,664.2767927819827,33.201199043395945,0.0,1.1368683772161603e-13
0.17250000000000001,631.0868099334084,664.2768362674037,33.19002633399532,0.0,0.0
0.1730000000000001,631.0980262931791,664.276879752395,33.178853459215816,0.0,1.1368683772161603e-13
0.1735,631.1092428179056,664.2769232369567,33.16768041905107,0.0,-1.1368683772161603e-13
0.17400000000000007,631.1204595075919,664.2769667210887,33.15650721349675,0.0,-1.1368683772161603e-13
0.17450000000000015,631.1316763622438,664.2770102047909,33.14533384254719,0.0,1.1368683772161603e-13
0.17500000000000004,631.1428933818665,664.2770536880637,33.134160306197145,0.0,0.0
0.17550000000000013,631.1541105664658,664.2770971709067,33.12298660444094,0.0,0.0
0.17599999999999982,631.1653279160469,664.2771406533202,33.11181273727334,0.0,0.0
0.1764999999999999,631.1765454306149,664.277184135304,33.10063870468912,0.0,0.0
0.177,631.187763110175,664.277227616858,33.08946450668304,0.0,1.1368683772161603e-13
0.17749999999999988,631.1989809547326,664.2772710979825,33.07829014324989,-1.1102230246251565e-16,0.0
0.178,631.2101989642938,664.2773145786773,33.06711561438351,0.0,0.0
0.17850000000000008,631.2214171388634,664.2773580589426,33.05594092007914,0.0,-1.1368683772161603e-13
0.17899999999999996,631.2326354784468,664.2774015387779,33.044766060331085,0.0,0.0
0.17950000000000005,631.2438539830491,664.2774450181837,33.03359103513458,-1.1102230246251565e-16,-1.1368683772161603e-13
0.18000000000000013,631.2550726526761,664.2774884971598,33.0224158444837,-1.1102230246251565e-16,-1.1368683772161603e-13
0.18050000000000002,631.2662914873331,664.2775319757061,33.011240488373005,0.0,0.0
0.1809999999999999,631.2775104870252,664.2775754538229,33.00006496679771,-1.1102230246251565e-16,-1.1368683772161603e-13
0.1815,631.2887296517579,664.27761893151,32.98888927975213,0.0,-1.1368683772161603e-13
0.18199999999999988,631.2999489815365,664.2776624087674,32.97771342723081,0.0,-1.1368683772161603e-13
0.18249999999999997,631.3111684763662,664.277705885595,32.96653740922875,-1.1102230246251565e-16,-1.1368683772161603e-13
0.18300000000000008,631.3223881362528,664.2777493619928,32.955361225740035,-1.1102230246251565e-16,0.0
0.18349999999999997,631.3336079612016,664.2777928379612,32.944184876759664,0.0,-1.1368683772161603e-13
0.18400000000000005,631.3448279512177,664.2778363134996,32.93300836228195,0.0,0.0
0.18450000000000014,631.3560481063062,664.2778797886085,32.921831682302354,0.0,0.0
0.18500000000000003,631.367268426473,664.2779232632877,32.91065483681473,0.0,0.0
0.1855000000000001,631.3784889117233,664.2779667375371,32.89947782581385,-1.1102230246251565e-16,0.0
0.1860000000000002,631.3897095620623,664.2780102113568,32.88830064929448,0.0,0.0
0.1864999999999999,631.4009303774953,664.2780536847467,32.877123307251395,-1.1102230246251565e-16,1.1368683772161603e-13
0.18699999999999997,631.4121513580283,664.2780971577072,32.86594579967891,0.0,-1.1368683772161603e-13
0.18749999999999986,631.4233725036661,664.2781406302377,32.85476812657157,0.0,-1.1368683772161603e-13
0.18799999999999994,631.434593814414,664.2781841023384,32.84359028792437,0.0,0.0
0.18850000000000006,631.4458152902773,664.2782275740096,32.83241228373231,0.0,-1.1368683772161603e-13
0.18899999999999995,631.4570369312621,664.2782710452509,32.821234113988794,0.0,-1.1368683772161603e-13
0.18950000000000003,631.4682587373729,664.2783145160624,32.8100557786895,-1.1102230246251565e-16,0.0
0.1900000000000001,631.4794807086155,664.2783579864442,32.79887727782875,0.0,1.1368683772161603e-13
0.1905,631.4907028449948,664.2784014563963,32.78769861140154,-1.1102230246251565e-16,1.1368683772161603e-13
0.1910000000000001,631.5019251465171,664.2784449259188,32.776519779401724,0.0,-1.1368683772161603e-13
0.19149999999999998,631.5131476131867,664.2784883950114,32.76534078182476,-1.1102230246251565e-16,-1.1368683772161603e-13
0.19199999999999987,631.5243702450098,664.2785318636743,32.75416161866451,-1.1102230246251565e-16,-1.1368683772161603e-13
0.19249999999999995,631.5355930419912,664.2785753319074,32.7429822899162,0.0,-1.1368683772161603e-13
0.19300000000000003,631.5468160041364,664.2786187997108,32.73180279557437,0.0,-1.1368683772161603e-13
0.19349999999999992,631.5580391314509,664.2786622670842,32.72062313563333,-1.1102230246251565e-16,0.0
0.194,631.56926242394,664.2787057340281,32.70944331008809,0.0,-1.1368683772161603e-13
0.19450000000000012,631.5804858816093,664.278749200542,32.69826331893273,0.0,0.0
0.195,631.5917095044636,664.2787926666263,32.68708316216271,-1.1102230246251565e-16,0.0
0.1955000000000001,631.6029332925086,664.2788361322807,32.67590283977211,-1.1102230246251565e-16,0.0
0.19600000000000017,631.6141572457498,664.2788795975055,32.6647223517557,0.0,-1.1368683772161603e-13
0.19649999999999987,631.6253813641922,664.2789230623002,32.65354169810803,0.0,1.1368683772161603e-13
0.19699999999999995,631.6366056478419,664.2789665266655,32.64236087882364,0.0,-1.1368683772161603e-13
0.19750000000000004,631.647830096703,664.2790099906008,32.63117989389775,0.0,-1.1368683772161603e-13
0.19799999999999993,631.6590547107821,664.2790534541064,32.61999874332423,0.0,-1.1368683772161603e-13
0.1985,631.6702794900839,664.279096917182,32.608817427098074,-1.1102230246251565e-16,-1.1368683772161603e-13
0.1989999999999999,631.6815044346138,664.2791403798278,32.59763594521405,0.0,0.0
0.19949999999999998,631.6927295443775,664.279183842044,32.58645429766648,-1.1102230246251565e-16,0.0
0.2000000000000001,631.7039548193798,664.2792273038303,32.57527248445058,-1.1102230246251565e-16,-1.1368683772161603e-13
0.20049999999999998,631.7151802596272,664.2792707651868,32.564090505559534,0.0,0.0
0.20100000000000007,631.7264058651238,664.2793142261135,32.552908360989704,-1.1102230246251565e-16,-1.1368683772161603e-13
0.20150000000000015,631.7376316358752,664.2793576866102,32.54172605073495,-1.1102230246251565e-16,1.1368683772161603e-13
0.20199999999999985,631.7488575718874,664.2794011466772,32.53054357478982,0.0,1.1368683772161603e-13
0.20249999999999993,631.7600836731656,664.2794446063144,32.519360933148846,0.0,1.1368683772161603e-13
0.203,631.7713099397142,664.279488065522,32.50817812580772,-1.1102230246251565e-16,-1.1368683772161603e-13
0.2034999999999999,631.7825363715397,664.2795315242995,32.49699515275984,-1.1102230246251565e-16,-1.1368683772161603e-13
0.204,631.7937629686473,664.2795749826473,32.485812013999976,-1.1102230246251565e-16,-1.1368683772161603e-13
0.20450000000000007,631.804989731042,664.279618440565,32.474628709522904,0.0,1.1368683772161603e-13
0.20499999999999996,631.8162166587294,664.2796618980531,32.46344523932362,0.0,0.0
0.20550000000000007,631.8274437517146,664.2797053551112,32.452261603396664,0.0,-1.1368683772161603e-13
0.20600000000000016,631.8386710100033,664.2797488117396,32.441077801736355,-1.1102230246251565e-16,-1.1368683772161603e-13
0.20650000000000004,631.8498984336009,664.2797922679381,32.429893834337236,0.0,-1.1368683772161603e-13
0.20699999999999993,631.8611260225123,664.2798357237066,32.4187097011943,-1.1102230246251565e-16,0.0
0.20750000000000002,631.8723537767432,664.2798791790453,32.4075254023021,0.0,0.0
0.2079999999999999,631.8835816962992,664.2799226339544,32.39634093765517,0.0,-1.1368683772161603e-13
0.2085,631.8948097811849,664.2799660884334,32.38515630724851,0.0,-1.1368683772161603e-13
0.20900000000000007,631.9060380314065,664.2800095424825,32.37397151107598,0.0,0.0
0.20949999999999996,631.917266446969,664.2800529961019,32.36278654913281,-1.1102230246251565e-16,-1.1368683772161603e-13
0.21000000000000005,631.928495027878,664.2800964492912,32.35160142141331,-1.1102230246251565e-16,0.0
0.21050000000000016,631.9397237741384,664.2801399020507,32.34041612791225,-1.1102230246251565e-16,1.1368683772161603e-13
0.21100000000000005,631.950952685756,664.2801833543804,32.329230668624405,-1.1102230246251565e-16,0.0
0.21150000000000013,631.9621817627358,664.2802268062803,32.318045043544544,-1.1102230246251565e-16,-1.1368683772161603e-13
0.21199999999999983,631.9734110050838,664.2802702577501,32.3068592526663,0.0,-1.1368683772161603e-13
0.2124999999999999,631.9846404128045,664.2803137087901,32.29567329598558,0.0,-1.1368683772161603e-13
0.213,631.9958699859042,664.2803571594002,32.28448717349602,-1.1102230246251565e-16,-1.1368683772161603e-13
0.21349999999999988,632.0070997243874,664.2804006095803,32.27330088519284,0.0,0.0
0.21399999999999997,632.0183296282601,664.2804440593306,32.262114431070586,0.0,-1.1368683772161603e-13
0.21450000000000005,632.0295596975272,664.280487508651,32.2509278111238,0.0,-1.1368683772161603e-13
0.21499999999999994,632.0407899321945,664.2805309575415,32.23974102534703,-1.1102230246251565e-16,-1.1368683772161603e-13
0.21550000000000002,632.0520203322674,664.280574406002,32.228554073734585,0.0,1.1368683772161603e-13
0.2160000000000001,632.0632508977508,664.2806178540327,32.21736695628192,0.0,0.0
0.2165,632.0744816286501,664.2806613016335,32.20617967298335,-1.1102230246251565e-16,-1.1368683772161603e-13
0.2170000000000001,632.0857125249713,664.2807047488043,32.19499222383297,-1.1102230246251565e-16,-1.1368683772161603e-13
0.2175,632.0969435867194,664.2807481955451,32.18380460882577,0.0,0.0
0.2179999999999999,632.1081748138993,664.2807916418562,32.17261682795697,-1.1102230246251565e-16,-1.1368683772161603e-13
0.21849999999999997,632.1194062065174,664.2808350877372,32.16142888121976,0.0,-1.1368683772161603e-13
0.21900000000000006,632.1306377645781,664.2808785331881,32.15024076861005,-1.1102230246251565e-16,1.1368683772161603e-13
0.21949999999999995,632.1418694880872,664.2809219782093,32.13905249012214,0.0,0.0
0.22000000000000003,632.15310137705,664.2809654228006,32.127864045750584,-1.1102230246251565e-16,-1.1368683772161603e-13
0.2205000000000001,632.164333431472,664.2810088669619,32.116675435489924,0.0,-1.1368683772161603e-13
0.221,632.1755656513587,664.2810523106932,32.105486659334474,0.0,-1.1368683772161603e-13
0.22150000000000009,632.1867980367151,664.2810957539946,32.09429771727946,0.0,-1.1368683772161603e-13
0.2220000000000002,632.1980305875466,664.281139196866,32.083108609319424,0.0,-1.1368683772161603e-13
0.22249999999999986,632.2092633038587,664.2811826393074,32.07191933544868,-1.1102230246251565e-16,0.0
0.22299999999999998,632.2204961856571,664.2812260813189,32.06072989566178,-1.1102230246251565e-16,0.0
0.22349999999999987,632.2317292329465,664.2812695229004,32.04954028995394,0.0,0.0
0.22399999999999995,632.2429624457327,664.281312964052,32.03835051831925,-1.1102230246251565e-16,0.0
0.22450000000000003,632.2541958240215,664.2813564047735,32.027160580752025,0.0,0.0
0.22499999999999992,632.2654293678172,664.2813998450652,32.01597047724795,-1.1102230246251565e-16,0.0
0.2255,632.2766630771259,664.2814432849268,32.00478020780088,0.0,-1.1368683772161603e-13
0.2260000000000001,632.2878969519529,664.2814867243585,31.993589772405585,-1.1102230246251565e-16,-1.1368683772161603e-13
0.22649999999999998,632.2991309923036,664.2815301633602,31.982399171056613,0.0,-1.1368683772161603e-13
0.22700000000000006,632.3103651981833,664.2815736019318,31.971208403748506,-1.1102230246251565e-16,0.0
0.22750000000000017,632.3215995695973,664.2816170400736,31.96001747047626,-1.1102230246251565e-16,-1.1368683772161603e-13
0.22799999999999984,632.3328341065508,664.2816604777852,31.948826371234418,-1.1102230246251565e-16,0.0
0.22849999999999995,632.3440688090495,664.2817039150668,31.937635106017296,-1.1102230246251565e-16,-1.1368683772161603e-13
0.22900000000000004,632.3553036770993,664.2817473519187,31.92644367481944,0.0,-1.1368683772161603e-13
0.22949999999999993,632.3665387107042,664.2817907883402,31.91525207763607,-1.1102230246251565e-16,0.0
0.23,632.3777739098709,664.281834224332,31.90406031446105,0.0,-1.1368683772161603e-13
0.2305000000000001,632.3890092746042,664.2818776598936,31.892868385289376,0.0,1.1368683772161603e-13
0.23099999999999998,632.4002448049091,664.2819210950252,31.881676290116047,-1.1102230246251565e-16,1.1368683772161603e-13
0.23150000000000007,632.4114805007916,664.281964529727,31.87048402893538,-1.1102230246251565e-16,-1.1368683772161603e-13
0.23200000000000015,632.422716362257,664.2820079639985,31.85929160174146,-1.1102230246251565e-16,0.0
0.23250000000000004,632.4339523893107,664.2820513978402,31.848099008529516,-1.1102230246251565e-16,-1.1368683772161603e-13
0.23299999999999993,632.4451885819576,664.2820948312517,31.83690624929409,-1.1102230246251565e-16,-1.1368683772161603e-13
0.2335,632.4564249402033,664.2821382642333,31.825713324029948,-1.1102230246251565e-16,0.0
0.2339999999999999,632.4676614640534,664.2821816967846,31.814520232731184,-1.1102230246251565e-16,1.1368683772161603e-13
0.23450000000000001,632.4788981535135,664.2822251289062,31.803326975392793,-1.1102230246251565e-16,-1.1368683772161603e-13
0.2349999999999999,632.4901350085884,664.2822685605977,31.792133552009318,-1.1102230246251565e-16,-1.1368683772161603e-13
0.2355,632.5013720292836,664.2823119918589,31.780939962575303,0.0,0.0
0.23600000000000007,632.5126092156049,664.2823554226902,31.76974620708529,-1.1102230246251565e-16,1.1368683772161603e-13
0.23649999999999996,632.523846567557,664.2823988530915,31.758552285534506,-1.1102230246251565e-16,0.0
0.23700000000000004,632.5350840851459,664.2824422830629,31.747358197917038,-1.1102230246251565e-16,-1.1368683772161603e-13
0.23750000000000013,632.5463217683769,664.2824857126038,31.736163944226973,0.0,1.1368683772161603e-13
0.23799999999999982,632.5575596172546,664.282529141715,31.724969524460448,-1.1102230246251565e-16,0.0
0.2384999999999999,632.5687976317859,664.282572570396,31.713774938610186,0.0,0.0
0.239,632.5800358119745,664.2826159986471,31.70258018667255,0.0,0.0
0.23949999999999988,632.5912741578272,664.282659426468,31.691385268640715,0.0,1.1368683772161603e-13
0.24,632.6025126693485,664.2827028538588,31.680190184510366,-1.1102230246251565e-16,0.0
0.24050000000000007,632.613751346544,664.2827462808195,31.668994934275588,0.0,-1.1368683772161603e-13
0.24099999999999996,632.6249901894191,664.2827897073503,31.657799517931153,-1.1102230246251565e-16,-1.1368683772161603e-13
0.24150000000000005,632.6362291979792,664.2828331334508,31.646603935471603,-1.1102230246251565e-16,-1.1368683772161603e-13
0.24200000000000013,632.6474683722297,664.2828765591214,31.63540818689171,0.0,-1.1368683772161603e-13
0.24250000000000002,632.6587077121762,664.2829199843618,31.62421227218556,0.0,-1.1368683772161603e-13
0.2430000000000001,632.6699472178234,664.282963409172,31.613016191348606,-1.1102230246251565e-16,0.0
0.2435,632.6811868891773,664.2830068335522,31.601819944374938,-1.1102230246251565e-16,0.0
0.24399999999999988,632.6924267262434,664.2830502575025,31.590623531259098,0.0,-1.1368683772161603e-13
0.24449999999999997,632.7036667290267,664.2830936810224,31.57942695199563,1.1102230246251565e-16,-1.1368683772161603e-13
0.24500000000000008,632.7149068975323,664.2831371041123,31.568230206579983,-2.220446049250313e-16,0.0
0.24549999999999997,632.7261472317666,664.283180526772,31.55703329500534,0.0,0.0
0.24600000000000005,632.7373877317341,664.2832239490017,31.545836217267606,0.0,0.0
0.24650000000000014,632.7486283974404,664.2832673708012,31.53463897336087,1.1102230246251565e-16,1.1368683772161603e-13
0.24700000000000003,632.7598692288907,664.2833107921708,31.52344156328013,-1.1102230246251565e-16,-1.1368683772161603e-13
0.2475000000000001,632.7711102260907,664.28335421311,31.512243987019247,0.0,0.0
0.248,632.7823513890457,664.2833976336192,31.501046244573445,-1.1102230246251565e-16,0.0
0.2484999999999999,632.7935927177614,664.2834410536984,31.48984833593704,0.0,-1.1368683772161603e-13
0.24899999999999997,632.8048342122427,664.2834844733472,31.478650261104576,0.0,-1.1368683772161603e-13
0.24949999999999986,632.8160758724948,664.2835278925661,31.467452020071278,-1.1102230246251565e-16,-1.1368683772161603e-13
0.24999999999999994,632.827317698524,664.2835713113548,31.45625361283078,0.0,-1.1368683772161603e-13
0.25050000000000006,632.8385596903349,664.2836147297132,31.445055039378303,0.0,-1.1368683772161603e-13
0.25099999999999995,632.8498018479331,664.2836581476415,31.433856299708395,0.0,0.0
0.2515,632.8610441713238,664.2837015651398,31.422657393816053,-2.220446049250313e-16,-1.1368683772161603e-13
0.2520000000000001,632.8722866605128,664.2837449822077,31.41145832169491,0.0,0.0
0.2525,632.8835293155053,664.2837883988457,31.400259083340416,0.0,0.0
0.2530000000000001,632.8947721363068,664.2838318150534,31.389059678746662,0.0,0.0
0.25350000000000017,632.9060151229219,664.283875230831,31.3778601079091,-1.1102230246251565e-16,0.0
0.2539999999999999,632.9172582753572,664.2839186461783,31.366660370821137,-1.1102230246251565e-16,1.1368683772161603e-13
0.25449999999999995,632.9285015936173,664.2839620610957,31.35546046747845,-1.1102230246251565e-16,-1.1368683772161603e-13
0.25500000000000006,632.9397450777078,664.2840054755827,31.344260397874905,-1.1102230246251565e-16,0.0
0.25549999999999995,632.9509887276345,664.2840488896397,31.333060162005268,0.0,-1.1368683772161603e-13
0.256,632.962232543402,664.2840923032663,31.32185975986431,-1.1102230246251565e-16,0.0
0.2565000000000001,632.9734765250162,664.284135716463,31.310659191446803,-1.1102230246251565e-16,-1.1368683772161603e-13
0.257,632.9847206724821,664.2841791292292,31.29945845674706,-1.1102230246251565e-16,-1.1368683772161603e-13
0.25750000000000006,632.995964985806,664.2842225415654,31.2882575557594,0.0,-1.1368683772161603e-13
0.2580000000000002,633.007209464992,664.2842659534713,31.277056488479275,-1.1102230246251565e-16,1.1368683772161603e-13
0.25850000000000006,633.0184541100464,664.2843093649471,31.26585525490077,-1.1102230246251565e-16,-1.1368683772161603e-13
0.25899999999999995,633.0296989209746,664.2843527759926,31.254653855017978,0.0,0.0
0.25949999999999984,633.0409438977811,664.2843961866081,31.24345228882703,-1.1102230246251565e-16,-1.1368683772161603e-13
0.25999999999999995,633.0521890404725,664.2844395967932,31.23225055632065,0.0,-1.1368683772161603e-13
0.2605,633.0634343490533,664.284483006548,31.221048657494748,0.0,0.0
0.2609999999999999,633.0746798235293,664.2845264158727,31.20984659234341,0.0,1.1368683772161603e-13
0.2615,633.0859254639054,664.2845698247672,31.198644360861863,0.0,1.1368683772161603e-13
0.26200000000000007,633.0971712701876,664.2846132332318,31.187441963044193,-1.1102230246251565e-16,-1.1368683772161603e-13
0.26249999999999996,633.1084172423814,664.2846566412657,31.176239398884263,0.0,0.0
0.26300000000000007,633.1196633804914,664.2847000488696,31.165036668378207,-1.1102230246251565e-16,-1.1368683772161603e-13
0.2635000000000001,633.1309096845237,664.2847434560431,31.15383377151943,0.0,1.1368683772161603e-13
0.26399999999999985,633.1421561544832,664.2847868627866,31.142630708303386,0.0,-1.1368683772161603e-13
0.2644999999999999,633.1534027903758,664.2848302690998,31.131427478723936,0.0,-1.1368683772161603e-13
0.265,633.1646495922066,664.2848736749827,31.120224082776076,0.0,-1.1368683772161603e-13
0.2654999999999999,633.1758965599806,664.2849170804352,31.109020520454578,0.0,-1.1368683772161603e-13
0.266,633.187143693704,664.2849604854575,31.09781679175353,-1.1102230246251565e-16,1.1368683772161603e-13
0.26650000000000007,633.1983909933817,664.2850038900499,31.086612896668157,0.0,-1.1368683772161603e-13
0.26699999999999996,633.2096384590193,664.2850472942116,31.07540883519232,-1.1102230246251565e-16,1.1368683772161603e-13
0.26750000000000007,633.2208860906219,664.2850906979434,31.06420460732147,0.0,0.0
0.2680000000000001,633.2321338881954,664.2851341012449,31.053000213049472,0.0,-1.1368683772161603e-13
0.2685,633.2433818517447,664.2851775041158,31.041795652371093,0.0,1.1368683772161603e-13
0.26900000000000013,633.2546299812752,664.2852209065568,31.030590925281558,0.0,-1.1368683772161603e-13
0.2695,633.2658782767926,664.2852643085675,31.019386031774957,-1.1102230246251565e-16,-1.1368683772161603e-13
0.2699999999999999,633.2771267383021,664.2853077101477,31.008180971845604,-1.1102230246251565e-16,0.0
0.2705,633.2883753658095,664.2853511112978,30.99697574548827,0.0,-1.1368683772161603e-13
0.2709999999999999,633.2996241593194,664.2853945120175,30.985770352698182,0.0,0.0
0.27149999999999996,633.3108731188377,664.2854379123071,30.974564793469426,0.0,-1.1368683772161603e-13
0.2720000000000001,633.3221222443697,664.2854813121662,30.963359067796546,-1.1102230246251565e-16,0.0
0.27249999999999996,633.3333715359211,664.2855247115951,30.952153175674084,0.0,1.1368683772161603e-13
0.273,633.3446209934968,664.2855681105939,30.94094711709704,-1.1102230246251565e-16,-1.1368683772161603e-13
0.27350000000000013,633.3558706171025,664.2856115091622,30.929740892059726,-1.1102230246251565e-16,-1.1368683772161603e-13
0.274,633.3671204067434,664.2856549073001,30.91853450055669,-1.1102230246251565e-16,0.0
0.2744999999999999,633.3783703624254,664.2856983050078,30.90732794258247,0.0,0.0
0.27499999999999997,633.3896204841533,664.2857417022853,30.896121218132066,0.0,0.0
0.27549999999999986,633.4008707719324,664.2857850991325,30.884914327200022,-1.1102230246251565e-16,-1.1368683772161603e-13
0.27599999999999997,633.4121212257687,664.2858284955491,30.873707269780425,-1.1102230246251565e-16,0.0
0.2765000000000001,633.4233718456674,664.2858718915359,30.8625000458685,0.0,-1.1368683772161603e-13
0.27699999999999997,633.4346226316336,664.2859152870919,30.851292655458337,-1.1102230246251565e-16,-1.1368683772161603e-13
0.2775,633.4458735836731,664.2859586822176,30.840085098544478,0.0,1.1368683772161603e-13
0.27800000000000014,633.4571247017909,664.2860020769133,30.828877375122374,0.0,0.0
0.2785,633.4683759859927,664.2860454711783,30.81766948518566,0.0,1.1368683772161603e-13
0.2790000000000001,633.4796274362836,664.2860888650132,30.806461428729563,-1.1102230246251565e-16,0.0
0.27949999999999997,633.4908790526695,664.2861322584179,30.795253205748395,-1.1102230246251565e-16,-1.1368683772161603e-13
0.27999999999999986,633.5021308351554,664.2861756513921,30.7840448162367,0.0,-1.1368683772161603e-13
0.28049999999999997,633.5133827837467,664.286219043936,30.77283626018925,-1.1102230246251565e-16,-1.1368683772161603e-13
0.281,633.524634898449,664.2862624360494,30.76162753760036,-1.1102230246251565e-16,0.0
0.2814999999999999,633.5358871792673,664.2863058277326,30.750418648465256,-1.1102230246251565e-16,-1.1368683772161603e-13
0.28200000000000003,633.5471396262078,664.2863492189854,30.73920959277757,0.0,-1.1368683772161603e-13
0.28250000000000014,633.5583922392748,664.2863926098078,30.728000370532982,-1.1102230246251565e-16,-1.1368683772161603e-13
0.28300000000000003,633.5696450184748,664.2864360001997,30.7167909817249,0.0,0.0
0.2835000000000001,633.5808979638123,664.2864793901615,30.705581426349227,0.0,0.0
0.284,633.5921510752933,664.2865227796929,30.6943717043996,-1.1102230246251565e-16,0.0
0.2845000000000001,633.603404352923,664.2865661687938,30.68316181587079,0.0,0.0
0.285,633.6146577967068,664.2866095574645,30.671951760757793,0.0,-1.1368683772161603e-13
0.28549999999999986,633.6259114066502,664.2866529457046,30.66074153905447,0.0,1.1368683772161603e-13
0.2859999999999999,633.6371651827583,664.2866963335146,30.649531150756275,0.0,0.0
0.28650000000000003,633.6484191250365,664.286739720894,30.63832059585752,-1.1102230246251565e-16,1.1368683772161603e-13
0.2869999999999999,633.6596732334908,664.2867831078431,30.6271098743523,0.0,0.0
0.28750000000000003,633.6709275081257,664.286826494362,30.61589898623629,-1.1102230246251565e-16,-1.1368683772161603e-13
0.2880000000000001,633.6821819489478,664.2868698804502,30.60468793150244,0.0,-1.1368683772161603e-13
0.2885,633.6934365559614,664.2869132661081,30.59347671014666,0.0,1.1368683772161603e-13
0.2890000000000001,633.7046913291722,664.2869566513357,30.582265322163494,0.0,-1.1368683772161603e-13
0.28950000000000015,633.7159462685859,664.2870000361327,30.5710537675468,-1.1102230246251565e-16,1.1368683772161603e-13
0.28999999999999987,633.7272013742077,664.2870434204995,30.559842046291806,-1.1102230246251565e-16,0.0
0.2904999999999999,633.7384566460428,664.2870868044358,30.548630158393053,-1.1102230246251565e-16,-1.1368683772161603e-13
0.29100000000000004,633.7497120840969,664.2871301879418,30.537418103844857,-1.1102230246251565e-16,-1.1368683772161603e-13
0.2914999999999999,633.7609676883756,664.2871735710173,30.52620588264176,0.0,-1.1368683772161603e-13
0.292,633.7722234588839,664.2872169536622,30.51499349477831,-1.1102230246251565e-16,0.0
0.2925000000000001,633.7834793956272,664.2872603358769,30.503780940249726,0.0,0.0
0.293,633.7947354986109,664.2873037176612,30.492568219050327,-1.1102230246251565e-16,-1.1368683772161603e-13
0.2935000000000001,633.8059917678409,664.287347099015,30.4813553311742,0.0,-1.1368683772161603e-13
0.29400000000000015,633.8172482033219,664.2873904799383,30.470142276616343,-1.1102230246251565e-16,-1.1368683772161603e-13
0.29450000000000004,633.82850480506,664.2874338604313,30.4589290553713,0.0,-1.1368683772161603e-13
0.29500000000000015,633.8397615730598,664.2874772404937,30.44771566743384,0.0,0.0
0.2954999999999998,633.8510185073276,664.2875206201256,30.436502112798053,0.0,1.1368683772161603e-13
0.29599999999999993,633.862275607868,664.2875639993274,30.42528839145939,0.0,-1.1368683772161603e-13
0.2965,633.873532874687,664.2876073780985,30.414074503411484,-1.1102230246251565e-16,0.0
0.2969999999999999,633.8847903077899,664.2876507564392,30.402860448649335,0.0,0.0
0.2975,633.8960479071814,664.2876941343495,30.391646227168167,-1.1102230246251565e-16,-1.1368683772161603e-13
0.29800000000000004,633.9073056728682,664.2877375118294,30.380431838961158,-1.1102230246251565e-16,-1.1368683772161603e-13
0.29849999999999993,633.9185636048544,664.2877808888786,30.369217284024216,-1.1102230246251565e-16,0.0
0.29900000000000004,633.9298217031462,664.2878242654974,30.358002562351203,-1.1102230246251565e-16,0.0
0.29950000000000015,633.9410799677491,664.2878676416858,30.34678767393666,-1.1102230246251565e-16,0.0
0.30000000000000004,633.9523383986682,664.2879110174438,30.335572618775586,-1.1102230246251565e-16,-1.1368683772161603e-13
0.30049999999999993,633.9635969959088,664.2879543927713,30.324357396862524,0.0,-1.1368683772161603e-13
0.301,633.9748557594762,664.2879977676682,30.313142008192017,0.0,-1.1368683772161603e-13
0.3014999999999999,633.9861146893761,664.2880411421347,30.301926452758607,-1.1102230246251565e-16,0.0
0.302,633.9973737856137,664.2880845161708,30.290710730557066,-1.1102230246251565e-16,-1.1368683772161603e-13
0.30250000000000005,634.008633048195,664.2881278897762,30.279494841581254,-1.1102230246251565e-16,0.0
0.30299999999999994,634.0198924771248,664.2881712629512,30.268278785826396,-1.1102230246251565e-16,0.0
0.30350000000000005,634.0311520724085,664.2882146356958,30.257062563287263,0.0,0.0
0.30400000000000016,634.042411834052,664.2882580080097,30.245846173957716,0.0,1.1368683772161603e-13
0.30450000000000005,634.05367176206,664.2883013798935,30.234629617833434,0.0,-1.1368683772161603e-13
0.3050000000000001,634.0649318564385,664.2883447513464,30.223412894907824,-1.1102230246251565e-16,0.0
0.3055,634.0761921171927,664.288388122369,30.212196005176338,0.0,-1.1368683772161603e-13
0.3059999999999999,634.087452544328,664.2884314929611,30.200978948633065,-1.1102230246251565e-16,-1.1368683772161603e-13
0.3065,634.0987131378499,664.2884748631225,30.189761725272547,0.0,1.1368683772161603e-13
0.30700000000000005,634.1099738977637,664.2885182328534,30.178544335089782,0.0,0.0
0.30749999999999994,634.1212348240747,664.288561602154,30.167326778079314,-1.1102230246251565e-16,-1.1368683772161603e-13
0.30800000000000005,634.1324959167885,664.2886049710239,30.156109054235458,0.0,0.0
0.30849999999999994,634.1437571759107,664.2886483394634,30.144891163552757,0.0,-1.1368683772161603e-13
0.309,634.155018601446,664.2886917074723,30.133673106026208,0.0,-1.1368683772161603e-13
0.3095000000000001,634.1662801934008,664.2887350750507,30.1224548816499,-1.1102230246251565e-16,-1.1368683772161603e-13
0.31,634.1775419517796,664.2887784421985,30.111236490418833,-1.1102230246251565e-16,-1.1368683772161603e-13
0.3105000000000001,634.1888038765887,664.2888218089156,30.100017932326864,0.0,1.1368683772161603e-13
0.311,634.2000659678326,664.2888651752023,30.088799207369675,0.0,1.1368683772161603e-13
0.3114999999999999,634.2113282255175,664.2889085410586,30.077580315541127,0.0,-1.1368683772161603e-13
0.31199999999999994,634.2225906496483,664.2889519064843,30.06636125683599,0.0,-1.1368683772161603e-13
0.31250000000000006,634.2338532402302,664.2889952714793,30.055142031249034,0.0,0.0
0.31299999999999994,634.2451159972693,664.2890386360439,30.043922638774575,-1.1102230246251565e-16,0.0
0.3135,634.2563789207707,664.2890820001778,30.032703079407156,-1.1102230246251565e-16,0.0
0.3140000000000001,634.2676420107398,664.2891253638811,30.02148335314132,0.0,1.1368683772161603e-13
0.3145,634.2789052671819,664.289168727154,30.010263459972066,-1.1102230246251565e-16,0.0
0.3150000000000001,634.2901686901027,664.2892120899962,29.99904339989348,0.0,1.1368683772161603e-13
0.31550000000000017,634.3014322795073,664.289255452408,29.98782317290079,0.0,-1.1368683772161603e-13
0.3159999999999999,634.3126960354011,664.2892988143892,29.97660277898808,-1.1102230246251565e-16,0.0
0.31649999999999995,634.3239599577901,664.2893421759397,29.96538221814967,-1.1102230246251565e-16,-1.1368683772161603e-13
0.31700000000000006,634.3352240466788,664.2893855370596,29.954161490380784,-1.1102230246251565e-16,0.0
0.31749999999999995,634.3464883020733,664.2894288977491,29.942940595675736,-1.1102230246251565e-16,-1.1368683772161603e-13
0.318,634.3577527239788,664.2894722580079,29.93171953402907,-1.1102230246251565e-16,-1.1368683772161603e-13
0.3185000000000001,634.3690173124007,664.2895156178358,29.920498305435103,-1.1102230246251565e-16,1.1368683772161603e-13
0.319,634.380282067345,664.2895589772336,29.909276909888604,0.0,-1.1368683772161603e-13
0.31950000000000006,634.3915469888157,664.2896023362005,29.898055347384798,-1.1102230246251565e-16,1.1368683772161603e-13
0.31999999999999995,634.4028120768194,664.2896456947369,29.886833617917546,-1.1102230246251565e-16,0.0
0.32050000000000006,634.4140773313613,664.2896890528427,29.87561172148139,-1.1102230246251565e-16,-1.1368683772161603e-13
0.32099999999999995,634.4253427524466,664.2897324105179,29.86438965807133,-1.1102230246251565e-16,-1.1368683772161603e-13
0.32149999999999984,634.436608340081,664.2897757677624,29.853167427681456,0.0,0.0
0.32199999999999995,634.4478740942698,664.2898191245763,29.841945030306533,1.1102230246251565e-16,1.1368683772161603e-13
0.3225,634.459140015018,664.2898624809598,29.83072246594179,-1.1102230246251565e-16,-1.1368683772161603e-13
0.3229999999999999,634.4704061023315,664.2899058369123,29.81949973458086,0.0,1.1368683772161603e-13
0.3235,634.4816723562155,664.2899491924345,29.808276836218965,-1.1102230246251565e-16,0.0
0.32400000000000007,634.4929387766756,664.2899925475258,29.797053770850198,0.0,1.1368683772161603e-13
0.32449999999999996,634.5042053637171,664.2900359021867,29.785830538469554,-1.1102230246251565e-16,0.0
0.32500000000000007,634.5154721173456,664.2900792564169,29.77460713907135,0.0,0.0
0.3255000000000001,634.5267390375661,664.2901226102165,29.763383572650355,0.0,-1.1368683772161603e-13
0.326,634.5380061243845,664.2901659635854,29.752159839200885,-2.220446049250313e-16,-1.1368683772161603e-13
0.3264999999999999,634.549273377806,664.2902093165237,29.740935938717712,-1.1102230246251565e-16,-1.1368683772161603e-13
0.327,634.5605407978358,664.2902526690314,29.729711871195605,0.0,-1.1368683772161603e-13
0.3274999999999999,634.5718083844797,664.2902960211081,29.718487636628424,-1.1102230246251565e-16,0.0
0.328,634.5830761377429,664.2903393727545,29.707263235011624,-1.1102230246251565e-16,-1.1368683772161603e-13
0.32850000000000007,634.5943440576307,664.2903827239702,29.69603866633952,-1.1102230246251565e-16,-1.1368683772161603e-13
0.32899999999999996,634.6056121441491,664.290426074755,29.68481393060597,0.0,0.0
0.32950000000000007,634.616880397303,664.2904694251094,29.67358902780643,0.0,-1.1368683772161603e-13
0.3300000000000001,634.6281488170976,664.290512775033,29.66236395793544,0.0,-1.1368683772161603e-13
0.3305,634.6394174035388,664.2905561245259,29.651138720987092,-1.1102230246251565e-16,0.0
0.3310000000000001,634.6506861566322,664.2905994735881,29.639913316955926,0.0,1.1368683772161603e-13
0.3314999999999998,634.6619550763824,664.2906428222198,29.628687745837397,0.0,0.0
0.3319999999999999,634.6732241627956,664.2906861704207,29.617462007625136,-1.1102230246251565e-16,1.1368683772161603e-13
0.3325,634.6844934158767,664.290729518191,29.60623610231437,0.0,-1.1368683772161603e-13
0.3329999999999999,634.6957628356317,664.2907728655305,29.59501002989873,0.0,1.1368683772161603e-13
0.33349999999999996,634.7070324220654,664.2908162124395,29.583783790374127,0.0,-1.1368683772161603e-13
0.3340000000000001,634.7183021751837,664.2908595589176,29.572557383733965,-1.1102230246251565e-16,-1.1368683772161603e-13
0.33449999999999996,634.7295720949917,664.2909029049652,29.56133080997347,-1.1102230246251565e-16,-1.1368683772161603e-13
0.335,634.7408421814948,664.2909462505818,29.550104069086956,-1.1102230246251565e-16,0.0
0.33550000000000013,634.7521124346986,664.2909895957678,29.538877161069195,-1.1102230246251565e-16,0.0
0.336,634.7633828546088,664.2910329405231,29.527650085914274,0.0,0.0
0.3365000000000001,634.7746534412302,664.2910762848478,29.516422843617647,-1.1102230246251565e-16,0.0
0.33699999999999997,634.7859241945687,664.2911196287419,29.505195434173174,0.0,-1.1368683772161603e-13
0.33749999999999986,634.7971951146292,664.291162972205,29.493967857575853,-1.1102230246251565e-16,0.0
0.33799999999999997,634.8084662014178,664.2912063152376,29.482740113819773,-1.1102230246251565e-16,-1.1368683772161603e-13
0.3385000000000001,634.8197374549395,664.2912496578392,29.471512202899703,0.0,0.0
0.33899999999999997,634.8310088752,664.2912930000102,29.460284124810187,-1.1102230246251565e-16,0.0
0.3395,634.8422804622044,664.2913363417506,29.449055879546222,0.0,-1.1368683772161603e-13
0.34000000000000014,634.8535522159582,664.2913796830601,29.437827467101897,-1.1102230246251565e-16,0.0
0.3405,634.864824136467,664.2914230239389,29.426598887471982,-1.1102230246251565e-16,0.0
0.3410000000000001,634.8760962237361,664.2914663643871,29.41537014065102,0.0,-1.1368683772161603e-13
0.3415000000000002,634.8873684777709,664.2915097044042,29.404141226633328,-1.1102230246251565e-16,1.1368683772161603e-13
0.34199999999999986,634.898640898577,664.2915530439909,29.392912145413902,0.0,0.0
0.34249999999999997,634.9099134861597,664.2915963831467,29.38168289698706,0.0,0.0
0.343,634.9211862405241,664.2916397218719,29.370453481347795,0.0,-1.1368683772161603e-13
0.3434999999999999,634.9324591616762,664.2916830601662,29.359223898489972,-1.1102230246251565e-16,0.0
0.34400000000000003,634.9437322496212,664.2917263980298,29.34799414840859,0.0,-1.1368683772161603e-13
0.3444999999999999,634.9550055043644,664.2917697354626,29.336764231098186,0.0,-1.1368683772161603e-13
0.34500000000000003,634.9662789259112,664.2918130724645,29.32553414655331,-1.1102230246251565e-16,0.0
0.3455000000000001,634.9775525142675,664.2918564090357,29.314303894768273,0.0,1.1368683772161603e-13
0.346,634.9888262694383,664.2918997451764,29.303073475738074,0.0,0.0
0.3465000000000001,635.0001001914288,664.2919430808861,29.291842889457257,0.0,-1.1368683772161603e-13
0.347,635.0113742802448,664.291986416165,29.280612135920137,-1.1102230246251565e-16,0.0
0.34749999999999986,635.0226485358919,664.2920297510132,29.269381215121257,0.0,-1.1368683772161603e-13
0.3479999999999999,635.0339229583751,664.2920730854303,29.25815012705516,0.0,1.1368683772161603e-13
0.34850000000000003,635.0451975477001,664.292116419417,29.246918871716844,-1.1102230246251565e-16,0.0
0.3489999999999999,635.0564723038719,664.2921597529728,29.23568744910085,-1.1102230246251565e-16,-1.1368683772161603e-13
0.34950000000000003,635.0677472268972,664.2922030860977,29.22445585920059,1.1102230246251565e-16,-1.1368683772161603e-13
0.3500000000000001,635.0790223167794,664.2922464187918,29.21322410201242,-1.1102230246251565e-16,0.0
0.3505,635.0902975735257,664.2922897510553,29.20199217752952,0.0,-1.1368683772161603e-13
0.3510000000000001,635.1015729971405,664.2923330828878,29.190760085747343,0.0,0.0
0.35150000000000015,635.1128485876297,664.2923764142895,29.17952782665975,-1.1102230246251565e-16,0.0
0.35200000000000004,635.1241243449988,664.2924197452605,29.16829540026174,0.0,-1.1368683772161603e-13
0.3524999999999999,635.1354002692526,664.2924630758005,29.157062806547856,-1.1102230246251565e-16,1.1368683772161603e-13
0.35300000000000004,635.1466763603974,664.2925064059098,29.14583004551241,0.0,1.1368683772161603e-13
0.3534999999999999,635.157952618438,664.2925497355884,29.134597117150406,-1.1102230246251565e-16,-1.1368683772161603e-13
0.354,635.1692290433798,664.292593064836,29.123364021456155,0.0,0.0
0.3545000000000001,635.1805056352291,664.2926363936529,29.112130758423746,0.0,-1.1368683772161603e-13
0.355,635.1917823939905,664.2926797220387,29.100897328048177,0.0,1.1368683772161603e-13
0.3555000000000001,635.2030593196691,664.292723049994,29.0896637303249,0.0,-1.1368683772161603e-13
0.356,635.2143364122712,664.2927663775183,29.078429965247096,0.0,-1.1368683772161603e-13
0.35650000000000004,635.2256136718017,664.2928097046117,29.06719603280999,0.0,-1.1368683772161603e-13
0.35700000000000015,635.2368910982666,664.2928530312743,29.055961933007666,-1.1102230246251565e-16,-1.1368683772161603e-13
0.3574999999999998,635.2481686916706,664.2928963575059,29.044727665835353,-1.1102230246251565e-16,0.0
0.35799999999999993,635.2594464520198,664.2929396833069,29.03349323128714,0.0,-1.1368683772161603e-13
0.3585,635.2707243793191,664.2929830086769,29.022258629357793,-1.1102230246251565e-16,0.0
0.3589999999999999,635.282002473574,664.2930263336161,29.011023860042087,-1.1102230246251565e-16,0.0
0.3595,635.2932807347904,664.2930696581245,28.99978892333411,0.0,-1.1368683772161603e-13
0.3600000000000001,635.3045591629732,664.2931129822018,28.988553819228628,-1.1102230246251565e-16,0.0
0.3605,635.3158377581283,664.2931563058485,28.977318547720188,-1.1102230246251565e-16,-1.1368683772161603e-13
0.36100000000000004,635.3271165202605,664.293199629064,28.96608310880356,0.0,1.1368683772161603e-13
0.36150000000000015,635.3383954493756,664.2932429518489,28.954847502473285,-1.1102230246251565e-16,0.0
0.36200000000000004,635.3496745454793,664.293286274203,28.94361172872368,-1.1102230246251565e-16,0.0
0.36249999999999993,635.3609538085766,664.2933295961261,28.932375787549518,0.0,-1.1368683772161603e-13
0.363,635.3722332386733,664.2933729176182,28.921139678944883,-1.1102230246251565e-16,0.0
0.3634999999999999,635.3835128357744,664.2934162386794,28.909903402905,-1.1102230246251565e-16,1.1368683772161603e-13
0.364,635.3947925998855,664.2934595593099,28.898666959424418,-1.1102230246251565e-16,-1.1368683772161603e-13
0.36450000000000005,635.4060725310126,664.2935028795096,28.88743034849699,0.0,-1.1368683772161603e-13
0.36499999999999994,635.4173526291602,664.2935461992779,28.87619357011772,-1.1102230246251565e-16,1.1368683772161603e-13
0.36550000000000005,635.4286328943342,664.2935895186156,28.864956624281376,-1.1102230246251565e-16,0.0
0.36600000000000016,635.4399133265404,664.2936328375224,28.853719510982046,0.0,0.0
0.36650000000000005,635.4511939257834,664.2936761559984,28.842482230214955,0.0,-1.1368683772161603e-13
0.3670000000000001,635.4624746920692,664.2937194740434,28.831244781974192,-1.1102230246251565e-16,-1.1368683772161603e-13
0.3675,635.4737556254033,664.2937627916574,28.820007166254072,0.0,-1.1368683772161603e-13
0.3679999999999999,635.4850367257909,664.2938061088405,28.808769383049594,1.1102230246251565e-16,-1.1368683772161603e-13
0.3685,635.4963179932372,664.2938494255927,28.797531432355527,0.0,-1.1368683772161603e-13
0.3689999999999999,635.5075994277481,664.2938927419141,28.78629331416596,-1.1102230246251565e-16,-1.1368683772161603e-13
0.36949999999999994,635.5188810293291,664.2939360578043,28.775055028475208,0.0,0.0
0.37000000000000005,635.5301627979852,664.2939793732637,28.763816575278497,0.0,0.0
0.37049999999999994,635.5414447337218,664.2940226882922,28.75257795457037,0.0,0.0
0.371,635.5527268365449,664.2940660028898,28.741339166344915,-1.1102230246251565e-16,-1.1368683772161603e-13
0.3715000000000001,635.5640091064595,664.2941093170564,28.730100210596902,-2.220446049250313e-16,-1.1368683772161603e-13
0.372,635.5752915434714,664.294152630792,28.718861087320647,-1.1102230246251565e-16,-1.1368683772161603e-13
0.3725000000000001,635.5865741475855,664.2941959440968,28.707621796511376,0.0,-1.1368683772161603e-13
0.373,635.5978569188076,664.2942392569705,28.696382338162948,-1.1102230246251565e-16,0.0
0.3734999999999999,635.6091398571432,664.2942825694133,28.685142712270135,0.0,-1.1368683772161603e-13
0.37399999999999994,635.6204229625973,664.294325881425,28.673902918827707,0.0,0.0
0.37450000000000006,635.6317062351759,664.2943691930059,28.66266295782998,0.0,1.1368683772161603e-13
0.37499999999999994,635.6429896748839,664.2944125041558,28.65142282927195,0.0,0.0
0.3755,635.6542732817275,664.2944558148747,28.640182533147254,0.0,1.1368683772161603e-13
0.3760000000000001,635.6655570557111,664.2944991251629,28.628942069451796,-1.1102230246251565e-16,-1.1368683772161603e-13
0.3765,635.6768409968408,664.2945424350198,28.617701438178983,-1.1102230246251565e-16,-1.1368683772161603e-13
0.3770000000000001,635.6881251051225,664.2945857444458,28.60646063932336,0.0,-1.1368683772161603e-13
0.37750000000000017,635.6994093805608,664.2946290534408,28.59521967287992,1.1102230246251565e-16,-1.1368683772161603e-13
0.37800000000000006,635.7106938231611,664.2946723620048,28.583978538843667,1.1102230246251565e-16,1.1368683772161603e-13
0.37849999999999995,635.7219784329293,664.2947156701377,28.572737237208457,-1.1102230246251565e-16,1.1368683772161603e-13
0.37900000000000006,635.7332632098708,664.2947589778398,28.561495767969063,-1.1102230246251565e-16,1.1368683772161603e-13
0.37949999999999995,635.7445481539908,664.294802285111,28.550254131120255,0.0,-1.1368683772161603e-13
0.38,635.755833265295,664.2948455919511,28.53901232665612,0.0,-1.1368683772161603e-13
0.3804999999999999,635.7671185437887,664.2948888983601,28.52777035457143,-1.1102230246251565e-16,-1.1368683772161603e-13
0.381,635.7784039894773,664.2949322043382,28.516528214860955,-1.1102230246251565e-16,-1.1368683772161603e-13
0.38150000000000006,635.7896896023665,664.2949755098853,28.505285907518783,0.0,-1.1368683772161603e-13
0.38199999999999995,635.8009753824613,664.2950188150012,28.49404343253991,0.0,1.1368683772161603e-13
0.38250000000000006,635.8122613297676,664.2950621196862,28.482800789918656,-1.1102230246251565e-16,1.1368683772161603e-13
0.3830000000000002,635.8235474442904,664.2951054239404,28.471557979650015,0.0,-1.1368683772161603e-13
0.38349999999999984,635.8348337260356,664.2951487277633,28.460315001727622,0.0,0.0
0.38399999999999995,635.8461201750083,664.2951920311552,28.44907185614693,0.0,-1.1368683772161603e-13
0.3845,635.8574067912139,664.2952353341161,28.437828542902253,0.0,-1.1368683772161603e-13
0.3849999999999999,635.8686935746584,664.2952786366459,28.426585061987453,0.0,1.1368683772161603e-13
0.3855,635.8799805253466,664.295321938745,28.415341413398437,0.0,-1.1368683772161603e-13
0.38600000000000007,635.8912676432842,664.2953652404126,28.404097597128384,0.0,1.1368683772161603e-13
0.38649999999999995,635.9025549284765,664.2954085416493,28.392853613172747,-1.1102230246251565e-16,1.1368683772161603e-13
0.38700000000000007,635.9138423809295,664.2954518424551,28.381609461525613,0.0,1.1368683772161603e-13
0.3875000000000001,635.9251300006479,664.2954951428299,28.37036514218198,-1.1102230246251565e-16,-1.1368683772161603e-13
0.388,635.9364177876375,664.2955384427735,28.35912065513594,0.0,0.0
0.3884999999999999,635.9477057419037,664.295581742286,28.347876000382257,0.0,0.0
0.389,635.9589938634517,664.2956250413677,28.336631177915933,-1.1102230246251565e-16,-1.1368683772161603e-13
0.3894999999999999,635.9702821522876,664.295668340018,28.325386187730373,-1.1102230246251565e-16,0.0
0.39,635.9815706084164,664.2957116382374,28.31414102982103,0.0,0.0
0.39050000000000007,635.9928592318433,664.2957549360258,28.302895704182447,-1.1102230246251565e-16,-1.1368683772161603e-13
0.39099999999999996,636.0041480225743,664.2957982333828,28.291650210808484,-1.1102230246251565e-16,1.1368683772161603e-13
0.39150000000000007,636.0154369806148,664.2958415303092,28.280404549694367,-1.1102230246251565e-16,-1.1368683772161603e-13
0.39199999999999996,636.0267261059696,664.2958848268042,28.26915872083464,-1.1102230246251565e-16,-1.1368683772161603e-13
0.3925,636.0380153986448,664.2959281228682,28.257912724223388,0.0,0.0
0.3930000000000001,636.0493048586454,664.295971418501,28.246666559855612,0.0,1.1368683772161603e-13
0.3935,636.0605944859774,664.296014713703,28.235420227725626,0.0,-1.1368683772161603e-13
0.3939999999999999,636.0718842806457,664.2960580084737,28.224173727827974,0.0,1.1368683772161603e-13
0.3945,636.083174242656,664.2961013028134,28.212927060157426,-1.1102230246251565e-16,-1.1368683772161603e-13
0.3949999999999999,636.0944643720138,664.2961445967221,28.201680224708298,-1.1102230246251565e-16,-1.1368683772161603e-13
0.39549999999999996,636.1057546687243,664.2961878901995,28.190433221475132,0.0,-1.1368683772161603e-13
0.3960000000000001,636.1170451327932,664.2962311832457,28.179186050452472,-1.1102230246251565e-16,0.0
0.39649999999999996,636.1283357642258,664.2962744758611,28.167938711635315,-1.1102230246251565e-16,-1.1368683772161603e-13
0.397,636.1396265630276,664.2963177680451,28.156691205017523,-1.1102230246251565e-16,0.0
0.39750000000000013,636.1509175292042,664.2963610597981,28.145443530593866,0.0,1.1368683772161603e-13
0.398,636.1622086627608,664.2964043511201,28.13419568835934,0.0,-1.1368683772161603e-13
0.3985000000000001,636.1734999637029,664.2964476420109,28.122947678308037,0.0,-1.1368683772161603e-13
0.39899999999999997,636.184791432036,664.2964909324705,28.111699500434497,-1.1102230246251565e-16,0.0
0.39949999999999986,636.1960830677654,664.2965342224991,28.10045115473372,-1.1102230246251565e-16,-1.1368683772161603e-13
0.39999999999999997,636.207374870897,664.2965775120963,28.089202641199336,-1.1102230246251565e-16,0.0
0.4005000000000001,636.2186668414358,664.2966208012626,28.0779539598268,-1.1102230246251565e-16,0.0
0.40099999999999997,636.2299589793874,664.2966640899979,28.066705110610428,0.0,-1.1368683772161603e-13
0.4015,636.2412512847573,664.2967073783018,28.055456093544535,0.0,-1.1368683772161603e-13
0.40200000000000014,636.2525437575507,664.2967506661746,28.04420690862389,-1.1102230246251565e-16,0.0
0.4025,636.2638363977737,664.2967939536163,28.032957555842586,0.0,0.0
0.4030000000000001,636.2751292054309,664.2968372406269,28.02170803519607,0.0,-1.1368683772161603e-13
0.40349999999999997,636.2864221805282,664.2968805272062,28.01045834667798,0.0,0.0
0.40399999999999986,636.2977153230711,664.2969238133544,27.99920849028331,0.0,1.1368683772161603e-13
0.40449999999999997,636.3090086330646,664.2969670990715,27.98795846600683,0.0,-1.1368683772161603e-13
0.40499999999999986,636.3203021105148,664.2970103843575,27.976708273842632,-1.1102230246251565e-16,-1.1368683772161603e-13
0.4054999999999999,636.3315957554269,664.2970536692121,27.965457913785258,0.0,0.0
0.406,636.3428895678062,664.2970969536357,27.954207385829477,-1.1102230246251565e-16,0.0
0.4064999999999999,636.3541835476585,664.2971402376281,27.942956689969606,0.0,-1.1368683772161603e-13
0.40700000000000003,636.3654776949888,664.2971835211893,27.931705826200414,0.0,1.1368683772161603e-13
0.4075000000000001,636.3767720098028,664.2972268043195,27.920454794516672,-1.1102230246251565e-16,-1.1368683772161603e-13
0.408,636.388066492106,664.2972700870182,27.909203594912242,0.0,0.0
0.4085000000000001,636.3993611419037,664.2973133692858,27.89795222738212,0.0,0.0
0.40900000000000014,636.4106559592012,664.2973566511223,27.886700691921078,-1.1102230246251565e-16,0.0
0.40949999999999986,636.4219509440045,664.2973999325277,27.875448988523203,0.0,-1.1368683772161603e-13
0.4099999999999999,636.4332460963185,664.2974432135018,27.864197117183267,-2.220446049250313e-16,-1.1368683772161603e-13
0.41050000000000003,636.4445414161489,664.2974864940445,27.852945077895583,-1.1102230246251565e-16,0.0
0.4109999999999999,636.4558369035012,664.2975297741564,27.84169287065515,0.0,-1.1368683772161603e-13
0.41150000000000003,636.4671325583809,664.2975730538367,27.830440495455832,0.0,0.0
0.4120000000000001,636.4784283807933,664.2976163330859,27.819187952292623,-1.1102230246251565e-16,0.0
0.4125,636.4897243707439,664.297659611904,27.807935241160067,0.0,0.0
0.4130000000000001,636.5010205282379,664.2977028902908,27.796682362052934,0.0,1.1368683772161603e-13
0.41350000000000015,636.5123168532812,664.2977461682465,27.785429314965313,-1.1102230246251565e-16,-1.1368683772161603e-13
0.41400000000000003,636.5236133458793,664.2977894457708,27.77417609989152,-1.1102230246251565e-16,0.0
0.4144999999999999,636.5349100060371,664.2978327228639,27.76292271682678,0.0,1.1368683772161603e-13
0.41500000000000004,636.5462068337606,664.297875999526,27.751669165765406,-1.1102230246251565e-16,-1.1368683772161603e-13
0.4154999999999999,636.5575038290551,664.2979192757566,27.74041544670149,0.0,0.0
0.416,636.5688009919259,664.2979625515561,27.729161559630256,0.0,-1.1368683772161603e-13
0.41649999999999987,636.580098322378,664.2980058269243,27.717907504546247,0.0,0.0
0.417,636.591395820418,664.2980491018614,27.706653281443323,0.0,-1.1368683772161603e-13
0.4175000000000001,636.6026934860508,664.2980923763669,27.695398890316028,0.0,1.1368683772161603e-13
0.418,636.6139913192817,664.2981356504415,27.684144331159814,0.0,-1.1368683772161603e-13
0.41850000000000004,636.625289320116,664.2981789240848,27.67288960396877,0.0,-1.1368683772161603e-13
0.41900000000000015,636.6365874885598,664.2982221972968,27.661634708736983,0.0,-1.1368683772161603e-13
0.41950000000000004,636.6478858246182,664.2982654700775,27.650379645459225,-1.1102230246251565e-16,-1.1368683772161603e-13
0.41999999999999993,636.6591843282963,664.298308742427,27.63912441413072,0.0,-1.1368683772161603e-13
0.4205,636.6704829996004,664.298352014345,27.627869014744647,-1.1102230246251565e-16,0.0
0.4209999999999999,636.681781838535,664.2983952858319,27.616613447296913,-1.1102230246251565e-16,0.0
0.4215,636.6930808451064,664.2984385568875,27.605357711781153,0.0,0.0
0.4220000000000001,636.7043800193196,664.298481827512,27.594101808192363,0.0,-1.1368683772161603e-13
0.4225,636.71567936118,664.2985250977051,27.582845736525087,0.0,-1.1368683772161603e-13
0.42300000000000004,636.7269788706931,664.2985683674667,27.57158949677364,0.0,1.1368683772161603e-13
0.42350000000000015,636.7382785478649,664.2986116367974,27.560333088932566,0.0,-1.1368683772161603e-13
0.42400000000000004,636.7495783927,664.2986549056966,27.549076512996635,0.0,-1.1368683772161603e-13
0.4245000000000001,636.7608784052045,664.2986981741644,27.537819768959935,0.0,0.0
0.425,636.7721785853832,664.2987414422012,27.526562856817918,-1.1102230246251565e-16,-1.1368683772161603e-13
0.4254999999999999,636.7834789332426,664.2987847098066,27.51530577656399,0.0,-1.1368683772161603e-13
0.426,636.7947794487873,664.2988279769804,27.504048528193152,-2.220446049250313e-16,1.1368683772161603e-13
0.42650000000000005,636.806080132023,664.2988712437232,27.49279111170017,-1.1102230246251565e-16,0.0
0.42699999999999994,636.8173809829555,664.2989145100346,27.481533527079137,0.0,1.1368683772161603e-13
0.42750000000000005,636.8286820015894,664.2989577759147,27.470275774325273,-1.1102230246251565e-16,1.1368683772161603e-13
0.42799999999999994,636.839983187931,664.2990010413635,27.459017853432442,-1.1102230246251565e-16,1.1368683772161603e-13
0.42850000000000005,636.8512845419857,664.2990443063811,27.447759764395414,0.0,-1.1368683772161603e-13
0.4290000000000001,636.8625860637585,664.2990875709672,27.43650150720873,-1.1102230246251565e-16,-1.1368683772161603e-13
0.4295,636.8738877532551,664.299130835122,27.425243081866938,0.0,0.0
0.4299999999999999,636.8851896104809,664.2991740988455,27.413984488364576,0.0,1.1368683772161603e-13
0.4305,636.8964916354414,664.2992173621376,27.40272572669619,0.0,1.1368683772161603e-13
0.4309999999999999,636.9077938281423,664.2992606249986,27.39146679685632,0.0,-1.1368683772161603e-13
0.43149999999999994,636.9190961885886,664.2993038874281,27.380207698839513,-1.1102230246251565e-16,-1.1368683772161603e-13
0.43200000000000005,636.9303987167859,664.2993471494262,27.36894843264031,0.0,-1.1368683772161603e-13
0.43249999999999994,636.94170141274,664.299390410993,27.357688998253025,-1.1102230246251565e-16,-1.1368683772161603e-13
0.433,636.9530042764563,664.2994336721285,27.346429395672203,-1.1102230246251565e-16,-1.1368683772161603e-13
0.4335000000000001,636.9643073079399,664.2994769328325,27.335169624892615,-1.1102230246251565e-16,1.1368683772161603e-13
0.434,636.9756105071965,664.2995201931053,27.323909685908802,0.0,-1.1368683772161603e-13
0.4345000000000001,636.9869138742317,664.2995634529468,27.31264957871508,0.0,-1.1368683772161603e-13
0.43500000000000016,636.9982174090505,664.2996067123568,27.301389303306223,0.0,-1.1368683772161603e-13
0.4354999999999999,637.0095211116586,664.2996499713354,27.29012885967677,0.0,0.0
0.43599999999999994,637.0208249820616,664.2996932298827,27.278868247821038,0.0,0.0
0.43650000000000005,637.0321290202651,664.2997364879986,27.26760746773357,0.0,-1.1368683772161603e-13
0.43699999999999994,637.0434332262744,664.299779745683,27.25634651940868,1.1102230246251565e-16,1.1368683772161603e-13
0.4375,637.0547376000945,664.2998230029364,27.245085402841823,0.0,-1.1368683772161603e-13
0.4380000000000001,637.0660421417315,664.2998662597581,27.233824118026632,0.0,0.0
0.4385,637.0773468511904,664.2999095161485,27.222562664958105,-1.1102230246251565e-16,0.0
0.4390000000000001,637.0886517284773,664.2999527721074,27.2113010436301,0.0,0.0
0.43950000000000017,637.0999567735973,664.2999960276352,27.200039254037847,0.0,-1.1368683772161603e-13
0.44000000000000006,637.1112619865555,664.3000392827314,27.188777296175886,-1.1102230246251565e-16,-1.1368683772161603e-13
0.44049999999999995,637.122567367358,664.3000825373961,27.177515170038077,0.0,1.1368683772161603e-13
0.44099999999999984,637.13387291601,664.3001257916296,27.166252875619648,0.0,-1.1368683772161603e-13
0.44149999999999995,637.145178632517,664.3001690454316,27.154990412914685,0.0,-1.1368683772161603e-13
0.442,637.1564845168839,664.3002122988023,27.143727781918415,0.0,-1.1368683772161603e-13
0.4424999999999999,637.1677905691172,664.3002555517414,27.132464982624242,-1.1102230246251565e-16,0.0
0.443,637.1790967892216,664.3002988042492,27.12120201502762,-1.1102230246251565e-16,0.0
0.44350000000000006,637.190403177203,664.3003420563257,27.109938879122637,0.0,-1.1368683772161603e-13
0.44399999999999995,637.2017097330665,664.3003853079706,27.098675574904064,0.0,-1.1368683772161603e-13
0.44450000000000006,637.213016456818,664.3004285591842,27.087412102366216,0.0,-1.1368683772161603e-13
0.4450000000000002,637.2243233484623,664.3004718099662,27.076148461503863,-1.1102230246251565e-16,-1.1368683772161603e-13
0.44549999999999984,637.2356304080056,664.3005150603169,27.06488465231132,-1.1102230246251565e-16,-1.1368683772161603e-13
0.44599999999999995,637.2469376354534,664.300558310236,27.053620674782678,0.0,0.0
0.4465,637.25824503081,664.3006015597239,27.042356528913842,-1.1102230246251565e-16,0.0
0.4469999999999999,637.2695525940821,664.3006448087804,27.03109221469822,-1.1102230246251565e-16,-1.1368683772161603e-13
0.4475,637.280860325275,664.3006880574053,27.019827732130352,-1.1102230246251565e-16,-1.1368683772161603e-13
0.44800000000000006,637.2921682243941,664.3007313055987,27.008563081204557,0.0,-1.1368683772161603e-13
0.44849999999999995,637.303476291444,664.3007745533607,26.99729826191674,-1.1102230246251565e-16,-1.1368683772161603e-13
0.44900000000000007,637.3147845264311,664.3008178006912,26.98603327426008,-1.1102230246251565e-16,0.0
0.4495000000000001,637.3260929293613,664.3008610475904,26.97476811822912,0.0,-1.1368683772161603e-13
0.45,637.3374015002389,664.300904294058,26.96350279381909,0.0,0.0
0.4505000000000001,637.3487102390695,664.3009475400941,26.952237301024525,-1.1102230246251565e-16,0.0
0.451,637.3600191458597,664.3009907856988,26.940971639839063,0.0,1.1368683772161603e-13
0.4514999999999999,637.371328220614,664.3010340308722,26.929705810258156,0.0,-1.1368683772161603e-13
0.452,637.3826374633379,664.3010772756138,26.918439812275892,-1.1102230246251565e-16,0.0
0.4524999999999999,637.3939468740373,664.3011205199241,26.907173645886814,0.0,0.0
0.45299999999999996,637.4052564527174,664.3011637638028,26.895907311085466,0.0,1.1368683772161603e-13
0.45350000000000007,637.4165661993836,664.3012070072502,26.884640807866617,-1.1102230246251565e-16,0.0
0.45399999999999996,637.4278761140415,664.3012502502661,26.873374136224584,-1.1102230246251565e-16,0.0
0.4545,637.4391861966967,664.3012934928504,26.86210729615368,0.0,0.0
0.4550000000000001,637.4504964473547,664.3013367350034,26.85084028764868,-1.1102230246251565e-16,-1.1368683772161603e-13
0.4555,637.4618068660207,664.3013799767248,26.839573110704123,-1.1102230246251565e-16,-1.1368683772161603e-13
0.4559999999999999,637.4731174527001,664.3014232180146,26.828305765314553,-1.1102230246251565e-16,-1.1368683772161603e-13
0.4565,637.4844282073987,664.3014664588729,26.817038251474287,0.0,-1.1368683772161603e-13
0.4569999999999999,637.4957391301218,664.3015096992997,26.805770569177866,-1.1102230246251565e-16,0.0
0.45749999999999996,637.507050220875,664.3015529392951,26.794502718420063,0.0,0.0
0.4580000000000001,637.5183614796638,664.301596178859,26.78323469919519,0.0,-1.1368683772161603e-13
0.45849999999999996,637.529672906493,664.3016394179913,26.77196651149825,-1.1102230246251565e-16,-1.1368683772161603e-13
0.459,637.5409845013694,664.301682656692,26.760698155322643,-1.1102230246251565e-16,0.0
0.45950000000000013,637.5522962642972,664.3017258949612,26.749429630664054,0.0,0.0
0.46,637.5636081952825,664.3017691327991,26.738160937516568,-1.1102230246251565e-16,-1.1368683772161603e-13
0.4605000000000001,637.5749202943307,664.3018123702052,26.726892075874503,-1.1102230246251565e-16,-1.1368683772161603e-13
0.4610000000000002,637.5862325614476,664.30185560718,26.7156230457324,0.0,-1.1368683772161603e-13
0.46149999999999985,637.5975449966377,664.3018988437232,26.704353847085486,0.0,-1.1368683772161603e-13
0.46199999999999997,637.6088575999072,664.3019420798346,26.693084479927393,-1.1102230246251565e-16,0.0
0.4625000000000001,637.6201703712616,664.3019853155147,26.68181494425312,-1.1102230246251565e-16,-1.1368683772161603e-13
0.46299999999999997,637.6314833107065,664.3020285507632,26.670545240056754,-1.1102230246251565e-16,-1.1368683772161603e-13
0.4635,637.6427964182465,664.3020717855802,26.65927536733375,-2.220446049250313e-16,-1.1368683772161603e-13
0.4639999999999999,637.6541096938881,664.3021150199656,26.64800532607751,-1.1102230246251565e-16,-1.1368683772161603e-13
0.4645,637.6654231376363,664.3021582539193,26.636735116283035,-1.1102230246251565e-16,1.1368683772161603e-13
0.4650000000000001,637.6767367494967,664.3022014874416,26.625464737944867,-1.1102230246251565e-16,0.0
0.46549999999999997,637.6880505294746,664.3022447205324,26.614194191057777,-1.1102230246251565e-16,0.0
0.4660000000000001,637.699364477576,664.3022879531916,26.602923475615626,0.0,-1.1368683772161603e-13
0.46649999999999997,637.7106785938056,664.3023311854192,26.591652591613638,0.0,-1.1368683772161603e-13
0.46699999999999986,637.7219928781692,664.3023744172151,26.580381539045902,0.0,0.0
0.4674999999999999,637.7333073306725,664.3024176485796,26.56911031790719,-1.1102230246251565e-16,0.0
0.468,637.7446219513206,664.3024608795124,26.557838928191813,-2.220446049250313e-16,0.0
0.4684999999999999,637.7559367401198,664.3025041100138,26.546567369894092,0.0,-1.1368683772161603e-13
0.46900000000000003,637.7672516970742,664.3025473400835,26.53529564300925,-1.1102230246251565e-16,-1.1368683772161603e-13
0.4695000000000001,637.7785668221904,664.3025905697216,26.524023747531146,-1.1102230246251565e-16,-1.1368683772161603e-13
0.47,637.7898821154736,664.3026337989281,26.512751683454553,-1.1102230246251565e-16,-1.1368683772161603e-13
0.4705000000000001,637.8011975769291,664.3026770277031,26.501479450774013,-1.1102230246251565e-16,-1.1368683772161603e-13
0.47100000000000014,637.8125132065629,664.3027202560463,26.490207049483388,0.0,-1.1368683772161603e-13
0.47149999999999986,637.8238290043794,664.302763483958,26.478934479578584,-1.1102230246251565e-16,0.0
0.4719999999999999,637.8351449703853,664.302806711438,26.46766174105278,0.0,1.1368683772161603e-13
0.47250000000000003,637.8464611045852,664.3028499384866,26.45638883390143,-1.1102230246251565e-16,0.0
0.4729999999999999,637.8577774069852,664.3028931651036,26.44511575811839,-1.1102230246251565e-16,-1.1368683772161603e-13
0.47350000000000003,637.8690938775901,664.3029363912888,26.433842513698664,-1.1102230246251565e-16,0.0
0.4740000000000001,637.8804105164061,664.3029796170424,26.422569100636338,0.0,1.1368683772161603e-13
0.4745,637.8917273234385,664.3030228423645,26.411295518925954,0.0,0.0
0.4750000000000001,637.9030442986923,664.3030660672548,26.40002176856251,0.0,1.1368683772161603e-13
0.47550000000000014,637.9143614421735,664.3031092917138,26.388747849540323,0.0,-1.1368683772161603e-13
0.47600000000000003,637.925678753887,664.303152515741,26.377473761853935,-1.1102230246251565e-16,-1.1368683772161603e-13
0.47650000000000015,637.9369962338392,664.3031957393364,26.366199505497207,-1.1102230246251565e-16,-1.1368683772161603e-13
0.4769999999999998,637.9483138820347,664.3032389625002,26.35492508046559,0.0,0.0
0.4774999999999999,637.9596316984794,664.3032821852325,26.343650486753177,-1.1102230246251565e-16,-1.1368683772161603e-13
0.478,637.970949683179,664.3033254075331,26.33237572435405,0.0,-1.1368683772161603e-13
0.47849999999999987,637.9822678361388,664.303368629402,26.321100793263213,0.0,0.0
0.479,637.993586157364,664.3034118508392,26.309825693475204,0.0,0.0
0.4795000000000001,638.0049046468603,664.3034550718448,26.29855042498457,0.0,0.0
0.48,638.0162233046328,664.3034982924189,26.287274987786077,-2.220446049250313e-16,0.0
0.48050000000000004,638.0275421306876,664.3035415125612,26.27599938187359,-1.1102230246251565e-16,0.0
0.48100000000000015,638.03886112503,664.3035847322719,26.264723607241876,0.0,-1.1368683772161603e-13
0.48150000000000004,638.0501802876656,664.3036279515509,26.253447663885254,0.0,-1.1368683772161603e-13
0.48199999999999993,638.0614996185996,664.303671170398,26.242171551798492,0.0,0.0
0.4825,638.0728191178375,664.3037143888139,26.23089527097636,0.0,-1.1368683772161603e-13
0.4829999999999999,638.0841387853848,664.3037576067977,26.21961882141295,-1.1102230246251565e-16,0.0
0.4835,638.0954586212474,664.30380082435,26.208342203102575,0.0,0.0
0.4840000000000001,638.10677862543,664.3038440414705,26.19706541604046,0.0,1.1368683772161603e-13
0.4845,638.118098797939,664.3038872581594,26.185788460220465,0.0,0.0
0.48500000000000004,638.1294191387788,664.3039304744166,26.174511335637817,-1.1102230246251565e-16,1.1368683772161603e-13
0.48550000000000015,638.140739647956,664.3039736902422,26.16323404228615,-1.1102230246251565e-16,0.0
0.48600000000000004,638.1520603254753,664.304016905636,26.151956580160686,-1.1102230246251565e-16,0.0
0.4865000000000001,638.1633811713427,664.3040601205983,26.140678949255516,0.0,-1.1368683772161603e-13
0.4870000000000002,638.1747021855631,664.3041033351285,26.12940114956541,-2.220446049250313e-16,0.0
0.4874999999999999,638.186023368143,664.3041465492272,26.11812318108423,0.0,0.0
0.488,638.1973447190867,664.3041897628943,26.106845043807652,0.0,-1.1368683772161603e-13
0.4884999999999999,638.2086662384002,664.3042329761295,26.095566737729314,-1.1102230246251565e-16,1.1368683772161603e-13
0.48899999999999993,638.2199879260895,664.304276188933,26.08428826284353,0.0,0.0
0.48950000000000005,638.2313097821593,664.3043194013051,26.07300961914575,-1.1102230246251565e-16,-1.1368683772161603e-13
0.48999999999999994,638.2426318066152,664.3043626132451,26.06173080662984,0.0,-1.1368683772161603e-13
0.49050000000000005,638.253953999463,664.3044058247535,26.050451825290565,-1.1102230246251565e-16,-1.1368683772161603e-13
0.4910000000000001,638.2652763607082,664.30444903583,26.03917267512179,-1.1102230246251565e-16,1.1368683772161603e-13
0.4915,638.2765988903561,664.3044922464751,26.027893356118966,0.0,-1.1368683772161603e-13
0.4920000000000001,638.2879215884122,664.3045354566882,26.016613868275954,0.0,-1.1368683772161603e-13
0.4925,638.299244454882,664.3045786664698,26.00533421158775,-1.1102230246251565e-16,-1.1368683772161603e-13
0.4929999999999999,638.3105674897711,664.3046218758193,25.99405438604822,0.0,0.0
0.49349999999999994,638.3218906930849,664.3046650847373,25.982774391652356,0.0,0.0
0.49400000000000005,638.3332140648288,664.3047082932235,25.971494228394704,0.0,0.0
0.49449999999999994,638.3445376050086,664.3047515012779,25.96021389626935,0.0,0.0
0.495,638.3558613136292,664.3047947089005,25.948933395271297,0.0,0.0
0.4955000000000001,638.3671851906968,664.3048379160916,25.937652725394855,0.0,-1.1368683772161603e-13
0.496,638.3785092362161,664.3048811228507,25.92637188663457,-1.1102230246251565e-16,1.1368683772161603e-13
0.4965000000000001,638.3898334501937,664.3049243291782,25.91509087898453,-1.1102230246251565e-16,-1.1368683772161603e-13
0.49700000000000016,638.401157832634,664.3049675350737,25.90380970243973,-1.1102230246251565e-16,1.1368683772161603e-13
0.4974999999999999,638.4124823835432,664.3050107405377,25.89252835699449,0.0,0.0
0.49799999999999994,638.4238071029263,664.3050539455699,25.881246842643577,-1.1102230246251565e-16,-1.1368683772161603e-13
0.49850000000000005,638.4351319907892,664.30509715017,25.869965159380854,-1.1102230246251565e-16,0.0
0.49899999999999994,638.4464570471371,664.3051403543386,25.858683307201545,-1.1102230246251565e-16,-1.1368683772161603e-13
0.4995,638.4577822719757,664.3051835580754,25.84740128609974,0.0,-1.1368683772161603e-13
0.4999999999999999,638.46910766531,664.3052267613803,25.836119096070206,-1.1102230246251565e-16,0.0
0.5005,638.4804332271462,664.3052699642535,25.824836737107262,-2.220446049250313e-16,-1.1368683772161603e-13
0.5010000000000001,638.4917589574898,664.3053131666948,25.813554209204995,0.0,-1.1368683772161603e-13
0.5015,638.5030848563456,664.3053563687042,25.80227151235863,-1.1102230246251565e-16,1.1368683772161603e-13
0.5020000000000001,638.5144109237194,664.3053995702821,25.79098864656271,0.0,-1.1368683772161603e-13
0.5025000000000002,638.5257371596169,664.305442771428,25.779705611811096,0.0,-1.1368683772161603e-13
0.5029999999999999,638.5370635640434,664.3054859721422,25.768422408098786,-1.1102230246251565e-16,0.0
0.5035,638.5483901370044,664.3055291724245,25.757139035420096,-1.1102230246251565e-16,-1.1368683772161603e-13
0.504,638.5597168785055,664.305572372275,25.745855493769568,0.0,-1.1368683772161603e-13
0.5045,638.5710437885521,664.3056155716936,25.73457178314152,-1.1102230246251565e-16,0.0
0.505,638.5823708671498,664.3056587706806,25.723287903530718,0.0,-1.1368683772161603e-13
0.5055000000000001,638.5936981143043,664.3057019692355,25.712003854931254,1.1102230246251565e-16,-1.1368683772161603e-13
0.506,638.6050255300204,664.3057451673587,25.700719637338352,0.0,0.0
0.5065000000000001,638.6163531143036,664.3057883650501,25.689435250746556,-1.1102230246251565e-16,0.0
0.5070000000000001,638.6276808671607,664.3058315623095,25.678150695148815,0.0,0.0
0.5075000000000001,638.6390087885957,664.3058747591374,25.66686597054172,0.0,-1.1368683772161603e-13
0.5079999999999999,638.6503368786148,664.3059179555332,25.655581076918452,-1.1102230246251565e-16,-1.1368683772161603e-13
0.5085000000000001,638.6616651372235,664.3059611514973,25.644296014273777,-1.1102230246251565e-16,-1.1368683772161603e-13
0.5089999999999999,638.6729935644273,664.3060043470293,25.633010782602014,0.0,0.0
0.5095,638.6843221602317,664.3060475421296,25.62172538189793,0.0,1.1368683772161603e-13
0.5100000000000001,638.6956509246418,664.3060907367981,25.6104398121563,0.0,0.0
0.5105,638.7069798576633,664.3061339310348,25.599154073371437,-1.1102230246251565e-16,0.0
0.511,638.718308959302,664.3061771248395,25.58786816553743,0.0,0.0
0.5115000000000002,638.7296382295631,664.3062203182124,25.576582088649275,1.1102230246251565e-16,0.0
0.512,638.7409676684522,664.3062635111532,25.56529584270106,0.0,1.1368683772161603e-13
0.5125000000000002,638.7522972759746,664.3063067036624,25.554009427687788,0.0,1.1368683772161603e-13
0.5129999999999998,638.7636270521361,664.3063498957397,25.542722843603542,-1.1102230246251565e-16,0.0
0.5135,638.7749569969419,664.306393087385,25.531436090443094,0.0,1.1368683772161603e-13
0.514,638.7862871103978,664.3064362785985,25.52014916820076,-1.1102230246251565e-16,-1.1368683772161603e-13
0.5144999999999998,638.7976173925094,664.3064794693801,25.508862076870628,0.0,1.1368683772161603e-13
0.515,638.8089478432817,664.3065226597298,25.49757481644815,0.0,1.1368683772161603e-13
0.5155000000000001,638.8202784627206,664.3065658496478,25.486287386927188,0.0,-1.1368683772161603e-13
0.5159999999999999,638.8316092508312,664.3066090391335,25.474999788302284,-1.1102230246251565e-16,1.1368683772161603e-13
0.5165000000000001,638.8429402076194,664.3066522281877,25.46371202056821,0.0,0.0
0.5170000000000001,638.8542713330905,664.3066954168096,25.452424083719052,-1.1102230246251565e-16,1.1368683772161603e-13
0.5175,638.8656026272502,664.306738605,25.44113597774981,-1.1102230246251565e-16,0.0
0.5180000000000001,638.8769340901038,664.3067817927583,25.42984770265457,0.0,-1.1368683772161603e-13
0.5185,638.8882657216568,664.3068249800847,25.418559258427877,-2.220446049250313e-16,0.0
0.5189999999999999,638.8995975219148,664.306868166979,25.407270645064273,-1.1102230246251565e-16,1.1368683772161603e-13
0.5195,638.9109294908833,664.3069113534418,25.39598186255853,0.0,-1.1368683772161603e-13
0.52,638.9222616285681,664.3069545394724,25.384692910904278,0.0,0.0
0.5205,638.9335939349735,664.3069977250711,25.373403790097655,-1.1102230246251565e-16,-1.1368683772161603e-13
0.521,638.9449264101067,664.3070409102379,25.362114500131156,0.0,-1.1368683772161603e-13
0.5215000000000001,638.9562590539717,664.3070840949729,25.350825041001144,0.0,-1.1368683772161603e-13
0.522,638.967591866575,664.3071272792756,25.33953541270057,0.0,0.0
0.5225000000000001,638.9789248479219,664.3071704631466,25.32824561522466,0.0,1.1368683772161603e-13
0.5230000000000002,638.9902579980176,664.3072136465858,25.316955648568182,0.0,0.0
0.5234999999999999,639.0015913168677,664.3072568295927,25.305665512725,-1.1102230246251565e-16,1.1368683772161603e-13
0.524,639.0129248044777,664.3073000121678,25.29437520769011,-1.1102230246251565e-16,1.1368683772161603e-13
0.5244999999999999,639.0242584608536,664.3073431943112,25.2830847334576,-1.1102230246251565e-16,-1.1368683772161603e-13
0.5249999999999999,639.0355922860003,664.3073863760224,25.271794090022013,0.0,0.0
0.5255000000000001,639.0469262799236,664.3074295573017,25.26050327737812,-1.1102230246251565e-16,0.0
0.5259999999999999,639.0582604426286,664.307472738149,25.249212295520465,0.0,0.0
0.5265,639.069594774121,664.3075159185644,25.237921144443362,0.0,-1.1368683772161603e-13
0.5270000000000001,639.0809292744066,664.3075590985477,25.226629824141128,-1.1102230246251565e-16,0.0
0.5275,639.0922639434905,664.3076022780992,25.21533833460876,-1.1102230246251565e-16,-1.1368683772161603e-13
0.528,639.1035987813789,664.3076454572188,25.20404667583989,1.1102230246251565e-16,-1.1368683772161603e-13
0.5285000000000002,639.1149337880765,664.3076886359063,25.192754847829747,0.0,-1.1368683772161603e-13
0.5289999999999998,639.1262689635889,664.3077318141616,25.181462850572643,0.0,1.1368683772161603e-13
0.5295,639.1376043079222,664.3077749919853,25.170170684063123,-1.1102230246251565e-16,-1.1368683772161603e-13
0.53,639.1489398210811,664.3078181693766,25.158878348295502,-1.1102230246251565e-16,0.0
0.5305,639.160275503072,664.3078613463363,25.147585843264324,-1.1102230246251565e-16,-1.1368683772161603e-13
0.531,639.1716113538996,664.3079045228637,25.13629316896413,0.0,-1.1368683772161603e-13
0.5315000000000001,639.18294737357,664.3079476989594,25.125000325389465,-1.1102230246251565e-16,-1.1368683772161603e-13
0.532,639.1942835620882,664.3079908746229,25.113707312534643,0.0,0.0
0.5325000000000001,639.2056199194599,664.3080340498543,25.102414130394436,-1.1102230246251565e-16,0.0
0.5330000000000001,639.2169564456908,664.308077224654,25.09112077896316,-1.1102230246251565e-16,-1.1368683772161603e-13
0.5335000000000001,639.2282931407865,664.3081203990214,25.0798272582349,0.0,-1.1368683772161603e-13
0.5339999999999999,639.2396300047519,664.308163572957,25.068533568205112,-1.1102230246251565e-16,-1.1368683772161603e-13
0.5345,639.250967037593,664.3082067464604,25.057239708867428,0.0,0.0
0.5349999999999999,639.2623042393152,664.3082499195318,25.04594568021662,-1.1102230246251565e-16,0.0
0.5355,639.2736416099242,664.3082930921714,25.034651482247227,-1.1102230246251565e-16,-1.1368683772161603e-13
0.5360000000000001,639.284979149425,664.3083362643788,25.023357114953797,-1.1102230246251565e-16,-1.1368683772161603e-13
0.5365,639.2963168578237,664.3083794361542,25.012062578330415,0.0,-1.1368683772161603e-13
0.537,639.3076547351252,664.3084226074975,25.000767872372307,-1.1102230246251565e-16,-1.1368683772161603e-13
0.5375,639.3189927813355,664.3084657784086,24.989472997073108,-1.1102230246251565e-16,1.1368683772161603e-13
0.538,639.3303309964599,664.308508948888,24.97817795242804,-1.1102230246251565e-16,1.1368683772161603e-13
0.5385000000000001,639.3416693805038,664.3085521189353,24.966882738431423,-1.1102230246251565e-16,0.0
0.5389999999999998,639.3530079334732,664.3085952885506,24.95558735507734,0.0,-1.1368683772161603e-13
0.5394999999999999,639.3643466553733,664.3086384577337,24.94429180236034,-1.1102230246251565e-16,-1.1368683772161603e-13
0.54,639.3756855462091,664.3086816264847,24.932996080275643,-1.1102230246251565e-16,-1.1368683772161603e-13
0.5404999999999999,639.3870246059871,664.3087247948038,24.921700188816658,0.0,-1.1368683772161603e-13
0.541,639.3983638347117,664.3087679626906,24.910404127978836,-1.1102230246251565e-16,1.1368683772161603e-13
0.5415000000000001,639.4097032323893,664.3088111301456,24.899107897756267,-1.1102230246251565e-16,-1.1368683772161603e-13
0.5419999999999999,639.4210427990254,664.3088542971684,24.887811498143037,-1.1102230246251565e-16,0.0
0.5425000000000001,639.432382534625,664.3088974637592,24.876514929134146,0.0,0.0
0.5430000000000001,639.4437224391938,664.308940629918,24.865218190724136,0.0,-1.1368683772161603e-13
0.5435,639.4550625127374,664.3089837956445,24.853921282907095,0.0,-1.1368683772161603e-13
0.5440000000000002,639.466402755261,664.309026960939,24.84262420567802,0.0,0.0
0.5445,639.4777431667708,664.3090701258016,24.831326959030775,0.0,-1.1368683772161603e-13
0.5449999999999999,639.4890837472715,664.3091132902318,24.820029542960356,-2.220446049250313e-16,0.0
0.5455,639.500424496769,664.3091564542301,24.808731957461077,-1.1102230246251565e-16,0.0
0.546,639.5117654152693,664.3091996177964,24.79743420252703,0.0,-1.1368683772161603e-13
0.5465,639.5231065027767,664.3092427809304,24.786136278153663,-1.1102230246251565e-16,0.0
0.547,639.5344477592982,664.3092859436324,24.774838184334158,0.0,-1.1368683772161603e-13
0.5475000000000001,639.545789184838,664.3093291059024,24.76353992106442,-1.1102230246251565e-16,-1.1368683772161603e-13
0.548,639.5571307794021,664.3093722677402,24.752241488338086,-1.1102230246251565e-16,-1.1368683772161603e-13
0.5485000000000001,639.5684725429965,664.3094154291457,24.74094288614924,-1.1102230246251565e-16,0.0
0.549,639.5798144756261,664.3094585901192,24.729644114493112,-1.1102230246251565e-16,1.1368683772161603e-13
0.5494999999999999,639.5911565772967,664.3095017506607,24.718345173364014,0.0,-1.1368683772161603e-13
0.5499999999999999,639.6024988480135,664.3095449107702,24.707046062756717,0.0,-1.1368683772161603e-13
0.5504999999999999,639.6138412877822,664.3095880704473,24.695746782665083,0.0,0.0
0.5509999999999999,639.6251838966086,664.3096312296923,24.684447333083654,0.0,1.1368683772161603e-13
0.5515,639.6365266744976,664.3096743885053,24.673147714007655,0.0,0.0
0.5519999999999999,639.6478696214551,664.3097175468861,24.661847925430948,0.0,0.0
0.5525,639.6592127374868,664.3097607048348,24.650547967348075,0.0,-1.1368683772161603e-13
0.5530000000000002,639.6705560225978,664.3098038623514,24.63924783975358,-1.1102230246251565e-16,-1.1368683772161603e-13
0.5535,639.6818994767941,664.3098470194359,24.627947542641778,-1.1102230246251565e-16,-1.1368683772161603e-13
0.554,639.6932431000807,664.309890176088,24.61664707600721,0.0,0.0
0.5545000000000002,639.7045868924636,664.3099333323082,24.605346439844652,0.0,-1.1368683772161603e-13
0.5549999999999998,639.7159308539478,664.309976488096,24.594045634148188,0.0,1.1368683772161603e-13
0.5555,639.727274984539,664.3100196434518,24.582744658912816,-1.1102230246251565e-16,0.0
0.556,639.7386192842432,664.3100627983754,24.57144351413217,0.0,1.1368683772161603e-13
0.5564999999999999,639.749963753065,664.3101059528669,24.56014219980193,-1.1102230246251565e-16,1.1368683772161603e-13
0.557,639.7613083910105,664.3101491069265,24.548840715915958,-1.1102230246251565e-16,-1.1368683772161603e-13
0.5575000000000001,639.7726531980854,664.3101922605535,24.537539062468113,-1.1102230246251565e-16,-1.1368683772161603e-13
0.558,639.7839981742952,664.3102354137484,24.526237239453167,0.0,1.1368683772161603e-13
0.5585000000000001,639.7953433196446,664.3102785665112,24.51493524686657,-1.1102230246251565e-16,0.0
0.5590000000000002,639.8066886341401,664.3103217188418,24.503633084701733,0.0,1.1368683772161603e-13
0.5595000000000001,639.8180341177867,664.3103648707404,24.49233075295365,0.0,-1.1368683772161603e-13
0.5599999999999999,639.8293797705899,664.3104080222065,24.481028251616635,-1.1102230246251565e-16,1.1368683772161603e-13
0.5604999999999999,639.8407255925554,664.3104511732406,24.469725580685235,-1.1102230246251565e-16,0.0
0.5609999999999999,639.8520715836887,664.3104943238427,24.458422740153992,-1.1102230246251565e-16,-1.1368683772161603e-13
0.5615,639.8634177439953,664.3105374740121,24.447119730016766,0.0,1.1368683772161603e-13
0.5619999999999999,639.8747640734807,664.3105806237497,24.43581655026901,-1.1102230246251565e-16,0.0
0.5625,639.8861105721505,664.3106237730551,24.424513200904585,-1.1102230246251565e-16,-1.1368683772161603e-13
0.5630000000000001,639.89745724001,664.310666921928,24.413209681918033,0.0,0.0
0.5635,639.908804077065,664.3107100703689,24.4019059933039,0.0,-1.1368683772161603e-13
0.5640000000000001,639.9201510833209,664.3107532183776,24.390602135056724,0.0,0.0
0.5645000000000001,639.931498258783,664.310796365954,24.379298107171053,-1.1102230246251565e-16,0.0
0.5649999999999998,639.9428456034573,664.3108395130982,24.367993909640973,-1.1102230246251565e-16,0.0
0.5654999999999999,639.954193117349,664.3108826598102,24.356689542461254,-1.1102230246251565e-16,0.0
0.5660000000000001,639.9655408004637,664.3109258060902,24.34538500562644,-1.1102230246251565e-16,-1.1368683772161603e-13
0.5664999999999999,639.9768886528066,664.3109689519376,24.334080299131074,0.0,-1.1368683772161603e-13
0.567,639.9882366743836,664.3110120973531,24.32277542296947,-1.1102230246251565e-16,-1.1368683772161603e-13
0.5675000000000001,639.9995848652002,664.3110552423359,24.31147037713572,-1.1102230246251565e-16,1.1368683772161603e-13
0.568,640.0109332252619,664.3110983868869,24.300165161625046,-1.1102230246251565e-16,0.0
0.5685000000000001,640.0222817545744,664.3111415310054,24.28885977643108,-1.1102230246251565e-16,0.0
0.5690000000000002,640.0336304531425,664.311184674692,24.277554221549508,-1.1102230246251565e-16,-1.1368683772161603e-13
0.5695,640.0449793209723,664.311227817946,24.26624849697373,-1.1102230246251565e-16,0.0
0.5700000000000002,640.0563283580695,664.3112709607678,24.254942602698293,0.0,0.0
0.5705,640.0676775644392,664.3113141031574,24.243636538718192,-1.1102230246251565e-16,0.0
0.571,640.0790269400875,664.3113572451148,24.23233030502729,-1.1102230246251565e-16,1.1368683772161603e-13
0.5715,640.0903764850189,664.3114003866399,24.221023901621038,-1.1102230246251565e-16,0.0
0.5720000000000001,640.1017261992397,664.3114435277328,24.20971732849307,-1.1102230246251565e-16,0.0
0.5725,640.1130760827555,664.3114866683934,24.19841058563793,-1.1102230246251565e-16,-1.1368683772161603e-13
0.5730000000000001,640.1244261355714,664.3115298086216,24.18710367305016,-1.1102230246251565e-16,0.0
0.5734999999999999,640.1357763576934,664.3115729484177,24.175796590724303,0.0,-1.1368683772161603e-13
0.5740000000000001,640.1471267491265,664.3116160877814,24.164489338654903,0.0,0.0
0.5745000000000001,640.1584773098764,664.3116592267129,24.153181916836502,-1.1102230246251565e-16,0.0
0.5750000000000001,640.1698280399485,664.3117023652121,24.141874325263643,0.0,0.0
0.5754999999999999,640.1811789393487,664.3117455032791,24.130566563930415,0.0,-1.1368683772161603e-13
0.576,640.1925300080825,664.3117886409136,24.119258632831134,0.0,-1.1368683772161603e-13
0.5764999999999999,640.2038812461549,664.3118317781159,24.107950531961023,-1.1102230246251565e-16,0.0
0.577,640.215232653572,664.311874914886,24.096642261313946,-1.1102230246251565e-16,-1.1368683772161603e-13
0.5775,640.2265842303391,664.3119180512235,24.085333820884443,-1.1102230246251565e-16,1.1368683772161603e-13
0.578,640.2379359764616,664.3119611871291,24.074025210667514,-1.1102230246251565e-16,-1.1368683772161603e-13
0.5785,640.2492878919454,664.3120043226022,24.062716430656792,-1.1102230246251565e-16,-1.1368683772161603e-13
0.5790000000000001,640.2606399767958,664.3120474576431,24.051407480847274,0.0,-1.1368683772161603e-13
0.5795,640.2719922310177,664.3120905922515,24.04009836123373,-1.1102230246251565e-16,0.0
0.5800000000000001,640.2833446546181,664.3121337264276,24.02878907180957,0.0,0.0
0.5805000000000002,640.2946972476013,664.3121768601716,24.01747961257024,0.0,-1.1368683772161603e-13
0.5809999999999998,640.3060500099728,664.312219993483,24.00616998351029,-1.1102230246251565e-16,-1.1368683772161603e-13
0.5815,640.3174029417391,664.3122631263623,23.99486018462312,-1.1102230246251565e-16,-1.1368683772161603e-13
0.5820000000000001,640.3287560429051,664.312306258809,23.98355021590396,0.0,1.1368683772161603e-13
0.5824999999999999,640.3401093134758,664.3123493908236,23.972240077347806,-1.1102230246251565e-16,0.0
0.5830000000000001,640.351462753458,664.3123925224058,23.960929768947835,0.0,0.0
0.5835000000000001,640.3628163628562,664.3124356535557,23.949619290699502,0.0,0.0
0.584,640.3741701416761,664.3124787842733,23.93830864259712,0.0,0.0
0.5845000000000001,640.3855240899236,664.3125219145584,23.926997824634782,-1.1102230246251565e-16,0.0
0.585,640.396878207604,664.3125650444113,23.915686836807254,0.0,-1.1368683772161603e-13
0.5855000000000001,640.4082324947228,664.3126081738317,23.904375679108853,-1.1102230246251565e-16,1.1368683772161603e-13
0.586,640.4195869512857,664.3126513028199,23.89306435153412,-1.1102230246251565e-16,0.0
0.5864999999999999,640.430941577298,664.3126944313756,23.881752854077604,-1.1102230246251565e-16,0.0
0.587,640.4422963727652,664.312737559499,23.870441186733842,-1.1102230246251565e-16,-1.1368683772161603e-13
0.5875,640.4536513376934,664.3127806871901,23.859129349496698,0.0,-1.1368683772161603e-13
0.588,640.4650064720872,664.3128238144486,23.847817342361395,-1.1102230246251565e-16,1.1368683772161603e-13
0.5885,640.4763617759529,664.3128669412749,23.836505165322023,-1.1102230246251565e-16,0.0
0.5890000000000001,640.4877172492959,664.3129100676688,23.825192818372898,-1.1102230246251565e-16,1.1368683772161603e-13
0.5895,640.4990728921211,664.3129531936304,23.813880301509244,0.0,1.1368683772161603e-13
0.5900000000000001,640.5104287044348,664.3129963191595,23.802567614724694,-1.1102230246251565e-16,0.0
0.5905000000000001,640.5217846862424,664.3130394442564,23.79125475801402,-1.1102230246251565e-16,-1.1368683772161603e-13
0.5909999999999999,640.5331408375491,664.3130825689209,23.779941731371764,0.0,-1.1368683772161603e-13
0.5914999999999999,640.5444971583606,664.3131256931529,23.768628534792242,-1.1102230246251565e-16,-1.1368683772161603e-13
0.5920000000000001,640.5558536486826,664.3131688169524,23.75731516826977,-1.1102230246251565e-16,-1.1368683772161603e-13
0.5924999999999999,640.5672103085205,664.3132119403197,23.746001631799118,-1.1102230246251565e-16,-1.1368683772161603e-13
0.593,640.5785671378799,664.3132550632542,23.734687925374374,0.0,1.1368683772161603e-13
0.5935000000000001,640.5899241367658,664.3132981857566,23.723374048990763,0.0,1.1368683772161603e-13
0.594,640.6012813051848,664.3133413078267,23.71206000264192,0.0,0.0
0.5945,640.6126386431413,664.3133844294643,23.70074578632307,0.0,-1.1368683772161603e-13
0.5950000000000002,640.6239961506415,664.3134275506695,23.68943140002807,0.0,-1.1368683772161603e-13
0.5955,640.6353538276908,664.3134706714422,23.678116843751468,0.0,0.0
0.5960000000000001,640.6467116742945,664.3135137917825,23.666802117488032,-1.1102230246251565e-16,0.0
0.5964999999999998,640.6580696904587,664.3135569116905,23.65548722123185,0.0,-1.1368683772161603e-13
0.5969999999999999,640.6694278761884,664.3136000311658,23.64417215497747,0.0,0.0
0.5975,640.6807862314893,664.3136431502089,23.632856918719654,1.1102230246251565e-16,-1.1368683772161603e-13
0.5979999999999999,640.6921447563668,664.3136862688195,23.621541512452723,-1.1102230246251565e-16,-1.1368683772161603e-13
0.5985,640.7035034508265,664.3137293869977,23.61022593617122,-1.1102230246251565e-16,-1.1368683772161603e-13
0.5990000000000001,640.7148623148744,664.3137725047434,23.598910189869002,-1.1102230246251565e-16,-1.1368683772161603e-13
0.5994999999999999,640.7262213485155,664.3138156220566,23.58759427354107,0.0,0.0
0.6000000000000001,640.7375805517556,664.3138587389376,23.57627818718197,-1.1102230246251565e-16,-1.1368683772161603e-13
0.6005000000000001,640.7489399246001,664.3139018553859,23.564961930785785,0.0,0.0
0.601,640.7602994670544,664.3139449714017,23.553645504347287,-1.1102230246251565e-16,0.0
0.6014999999999999,640.7716591791241,664.3139880869851,23.54232890786102,0.0,1.1368683772161603e-13
0.602,640.7830190608151,664.3140312021362,23.53101214132107,0.0,0.0
0.6024999999999999,640.7943791121327,664.3140743168549,23.51969520472221,0.0,-1.1368683772161603e-13
0.603,640.8057393330821,664.3141174311409,23.508378098058756,-1.1102230246251565e-16,0.0
0.6035,640.8170997236696,664.3141605449946,23.49706082132502,0.0,-1.1368683772161603e-13
0.604,640.8284602838999,664.3142036584156,23.485743374515778,0.0,-1.1368683772161603e-13
0.6045,640.8398210137791,664.3142467714042,23.474425757625113,0.0,0.0
0.6050000000000001,640.8511819133128,664.3142898839603,23.46310797064757,0.0,1.1368683772161603e-13
0.6055,640.8625429825058,664.314332996084,23.451790013578147,0.0,1.1368683772161603e-13
0.6060000000000001,640.873904221364,664.3143761077754,23.440471886411387,-1.1102230246251565e-16,-1.1368683772161603e-13
0.6065,640.8852656298936,664.3144192190341,23.42915358914047,0.0,-1.1368683772161603e-13
0.6069999999999999,640.8966272080995,664.3144623298601,23.417835121760618,0.0,1.1368683772161603e-13
0.6074999999999999,640.9079889559873,664.3145054402539,23.406516484266604,-1.1102230246251565e-16,-1.1368683772161603e-13
0.6080000000000001,640.9193508735623,664.3145485502152,23.39519767665297,-1.1102230246251565e-16,-1.1368683772161603e-13
0.6084999999999999,640.9307129608308,664.3145916597439,23.383878698913122,0.0,0.0
0.6090000000000001,640.9420752177978,664.31463476884,23.372559551042286,1.1102230246251565e-16,0.0
0.6094999999999999,640.9534376444687,664.3146778775038,23.361240233035005,0.0,-1.1368683772161603e-13
0.61,640.9648002408492,664.314720985735,23.34992074488582,0.0,-1.1368683772161603e-13
0.6105000000000002,640.976163006945,664.3147640935338,23.338601086588824,-1.1102230246251565e-16,-1.1368683772161603e-13
0.611,640.9875259427615,664.3148072008998,23.327281258138328,-1.1102230246251565e-16,-1.1368683772161603e-13
0.6115,640.9988890483044,664.3148503078335,23.315961259529104,0.0,-1.1368683772161603e-13
0.612,641.0102523235789,664.3148934143344,23.304641090755467,0.0,0.0
0.6124999999999998,641.0216157685907,664.3149365204031,23.293320751812416,0.0,0.0
0.613,641.0329793833455,664.3149796260391,23.282000242693584,0.0,0.0
0.6135,641.0443431678486,664.3150227312426,23.27067956339397,-1.1102230246251565e-16,-1.1368683772161603e-13
0.614,641.055707122106,664.3150658360134,23.25935871390743,-1.1102230246251565e-16,1.1368683772161603e-13
0.6145,641.0670712461226,664.315108940352,23.248037694229424,-1.1102230246251565e-16,-1.1368683772161603e-13
0.6150000000000001,641.0784355399046,664.315152044258,23.236716504353353,0.0,-1.1368683772161603e-13
0.6155,641.0898000034567,664.3151951477312,23.225395144274444,-1.1102230246251565e-16,-1.1368683772161603e-13
0.6160000000000001,641.1011646367854,664.3152382507719,23.214073613986557,-1.1102230246251565e-16,-1.1368683772161603e-13
0.6165000000000002,641.1125294398955,664.3152813533802,23.20275191348469,-1.1102230246251565e-16,-1.1368683772161603e-13
0.6169999999999999,641.1238944127931,664.3153244555558,23.191430042762704,0.0,-1.1368683772161603e-13
0.6174999999999999,641.1352595554831,664.3153675572989,23.180108001815825,-1.1102230246251565e-16,0.0
0.618,641.1466248679717,664.3154106586094,23.168785790637685,0.0,-1.1368683772161603e-13
0.6184999999999999,641.1579903502641,664.3154537594874,23.157463409223283,-1.1102230246251565e-16,0.0
0.619,641.1693560023662,664.3154968599329,23.146140857566706,0.0,-1.1368683772161603e-13
0.6195000000000002,641.1807218242825,664.3155399599457,23.13481813566318,-1.1102230246251565e-16,-1.1368683772161603e-13
0.62,641.1920878160199,664.3155830595258,23.123495243505886,0.0,-1.1368683772161603e-13
0.6205,641.2034539775832,664.3156261586735,23.112172181090273,-1.1102230246251565e-16,-1.1368683772161603e-13
0.621,641.214820308978,664.3156692573884,23.10084894841043,0.0,0.0
0.6215,641.22618681021,664.3157123556709,23.0895255454609,-1.1102230246251565e-16,0.0
0.6220000000000001,641.2375534812845,664.315755453521,23.078201972236457,0.0,-1.1368683772161603e-13
0.6224999999999998,641.2489203222074,664.3157985509381,23.06687822873073,-1.1102230246251565e-16,0.0
0.6229999999999999,641.260287332984,664.3158416479228,23.055554314938718,0.0,0.0
0.6235,641.2716545136198,664.3158847444749,23.04423023085519,0.0,-1.1368683772161603e-13
0.6239999999999999,641.2830218641207,664.3159278405944,23.032905976473785,0.0,-1.1368683772161603e-13
0.6244999999999999,641.2943893844918,664.3159709362812,23.021581551789495,-1.1102230246251565e-16,-1.1368683772161603e-13
0.6250000000000001,641.3057570747387,664.3160140315354,23.01025695679664,-1.1102230246251565e-16,1.1368683772161603e-13
0.6255,641.3171249348675,664.316057126357,22.99893219148953,0.0,1.1368683772161603e-13
0.6260000000000001,641.3284929648828,664.3161002207462,22.987607255863395,-2.220446049250313e-16,-1.1368683772161603e-13
0.6265000000000002,641.3398611647913,664.3161433147027,22.976282149911412,0.0,-1.1368683772161603e-13
0.627,641.3512295345975,664.3161864082263,22.964956873628807,-1.1102230246251565e-16,1.1368683772161603e-13
0.6275,641.3625980743075,664.3162295013176,22.953631427010123,0.0,-1.1368683772161603e-13
0.628,641.3739667839268,664.316272593976,22.94230581004922,-1.1102230246251565e-16,0.0
0.6285,641.3853356634609,664.316315686202,22.930980022741096,0.0,-1.1368683772161603e-13
0.629,641.3967047129152,664.3163587779952,22.919654065080067,-1.1102230246251565e-16,-1.1368683772161603e-13
0.6295000000000001,641.4080739322953,664.3164018693558,22.90832793706045,0.0,-1.1368683772161603e-13
0.63,641.4194433216069,664.3164449602837,22.897001638676784,0.0,-1.1368683772161603e-13
0.6305000000000001,641.4308128808557,664.3164880507791,22.88567516992339,-1.1102230246251565e-16,-1.1368683772161603e-13
0.6310000000000001,641.4421826100468,664.3165311408416,22.874348530794805,0.0,1.1368683772161603e-13
0.6315000000000001,641.4535525091858,664.3165742304716,22.863021721285804,-1.1102230246251565e-16,0.0
0.6320000000000001,641.4649225782787,664.3166173196689,22.851694741390247,0.0,1.1368683772161603e-13
0.6324999999999998,641.4762928173307,664.3166604084338,22.84036759110313,0.0,-1.1368683772161603e-13
0.6329999999999999,641.4876632263472,664.3167034967657,22.829040270418545,0.0,-1.1368683772161603e-13
0.6335,641.4990338053342,664.316746584665,22.817712779330805,0.0,0.0
0.6339999999999999,641.5104045542969,664.3167896721318,22.806385117834907,-1.1102230246251565e-16,-1.1368683772161603e-13
0.6345,641.5217754732412,664.3168327591657,22.795057285924486,0.0,0.0
0.635,641.5331465621719,664.3168758457671,22.78372928359522,0.0,-1.1368683772161603e-13
0.6355,641.5445178210955,664.3169189319358,22.772401110840292,0.0,-1.1368683772161603e-13
0.636,641.5558892500171,664.3169620176716,22.76107276765447,-1.1102230246251565e-16,0.0
0.6365000000000002,641.5672608489419,664.3170051029749,22.749744254032976,0.0,-1.1368683772161603e-13
0.637,641.5786326178763,664.3170481878456,22.73841556996922,0.0,-1.1368683772161603e-13
0.6375000000000001,641.5900045568253,664.3170912722833,22.727086715457972,0.0,1.1368683772161603e-13
0.638,641.6013766657945,664.3171343562885,22.715757690494,0.0,0.0
0.6384999999999998,641.6127489447895,664.3171774398611,22.704428495071625,0.0,-1.1368683772161603e-13
0.639,641.6241213938156,664.317220523001,22.693099129185384,-1.1102230246251565e-16,-1.1368683772161603e-13
0.6395000000000001,641.6354940128783,664.3172636057079,22.681769592829596,-1.1102230246251565e-16,-1.1368683772161603e-13
0.6399999999999999,641.6468668019841,664.3173066879824,22.67043988599835,-2.220446049250313e-16,-1.1368683772161603e-13
0.6405000000000001,641.6582397611376,664.317349769824,22.65911000868641,0.0,-1.1368683772161603e-13
0.6410000000000001,641.669612890345,664.3173928512329,22.647779960887874,0.0,0.0
0.6415,641.6809861896111,664.3174359322093,22.636449742598188,-1.1102230246251565e-16,-1.1368683772161603e-13
0.6420000000000001,641.692359658942,664.3174790127528,22.62511935381076,0.0,-1.1368683772161603e-13
0.6425000000000002,641.703733298343,664.3175220928633,22.61378879452036,0.0,1.1368683772161603e-13
0.6429999999999999,641.7151071078194,664.3175651725414,22.602458064721986,-1.1102230246251565e-16,0.0
0.6435,641.7264810873778,664.3176082517869,22.591127164409045,-1.1102230246251565e-16,-1.1368683772161603e-13
0.644,641.7378552370226,664.3176513305993,22.57979609357676,0.0,0.0
0.6445,641.7492295567602,664.3176944089792,22.568464852218995,0.0,-1.1368683772161603e-13
0.645,641.7606040465953,664.3177374869263,22.557133440330972,-1.1102230246251565e-16,0.0
0.6455,641.7719787065346,664.3177805644407,22.5458018579061,0.0,-1.1368683772161603e-13
0.646,641.7833535365824,664.3178236415222,22.534470104939828,0.0,-1.1368683772161603e-13
0.6465000000000001,641.794728536745,664.317866718171,22.52313818142602,-1.1102230246251565e-16,0.0
0.647,641.8061037070279,664.3179097943871,22.51180608735922,0.0,0.0
0.6475000000000001,641.8174790474363,664.3179528701703,22.500473822733966,-1.1102230246251565e-16,1.1368683772161603e-13
0.648,641.8288545579765,664.317995945521,22.489141387544578,0.0,-1.1368683772161603e-13
0.6484999999999999,641.8402302386532,664.3180390204388,22.477808781785598,0.0,-1.1368683772161603e-13
0.6489999999999999,641.8516060894722,664.3180820949237,22.466476005451568,-1.1102230246251565e-16,0.0
0.6495000000000001,641.8629821104396,664.3181251689762,22.455143058536578,0.0,-1.1368683772161603e-13
0.6499999999999999,641.8743583015603,664.3181682425954,22.44380994103517,-1.1102230246251565e-16,1.1368683772161603e-13
0.6505,641.8857346628402,664.3182113157823,22.432476652942114,-1.1102230246251565e-16,0.0
0.6510000000000001,641.8971111942847,664.3182543885362,22.4211431942515,-1.1102230246251565e-16,-1.1368683772161603e-13
0.6515,641.9084878958995,664.3182974608574,22.409809564957868,0.0,-1.1368683772161603e-13
0.652,641.9198647676899,664.3183405327457,22.398475765055764,0.0,-1.1368683772161603e-13
0.6525000000000002,641.9312418096617,664.318383604201,22.387141794539275,0.0,1.1368683772161603e-13
0.653,641.9426190218205,664.3184266752239,22.3758076534034,-1.1102230246251565e-16,-1.1368683772161603e-13
0.6535,641.9539964041717,664.3184697458139,22.364473341642224,0.0,-1.1368683772161603e-13
0.654,641.9653739567207,664.318512815971,22.353138859250294,-1.1102230246251565e-16,0.0
0.6545,641.9767516794734,664.3185558856953,22.341804206221923,0.0,0.0
0.655,641.9881295724354,664.3185989549868,22.330469382551428,0.0,0.0
0.6555000000000001,641.999507635612,664.3186420238455,22.31913438823358,-1.1102230246251565e-16,0.0
0.656,642.0108858690087,664.3186850922716,22.30779922326292,-1.1102230246251565e-16,-1.1368683772161603e-13
0.6565000000000001,642.0222642726314,664.3187281602645,22.29646388763308,-1.1102230246251565e-16,0.0
0.6569999999999999,642.033642846485,664.3187712278248,22.285128381339746,-1.1102230246251565e-16,1.1368683772161603e-13
0.6575000000000001,642.045021590576,664.3188142949523,22.27379270437632,0.0,-1.1368683772161603e-13
0.6580000000000001,642.0564005049093,664.3188573616469,22.262456856737572,0.0,0.0
0.6584999999999999,642.067779589491,664.3189004279086,22.25112083841759,0.0,0.0
0.6589999999999999,642.079158844326,664.3189434937376,22.239784649411604,0.0,0.0
0.6595,642.0905382694202,664.3189865591337,22.22844828971347,0.0,0.0
0.6599999999999999,642.1019178647791,664.3190296240971,22.21711175931796,0.0,-1.1368683772161603e-13
0.6605,642.1132976304084,664.3190726886276,22.20577505821916,-1.1102230246251565e-16,-1.1368683772161603e-13
0.661,642.1246775663135,664.3191157527251,22.194438186411617,0.0,-1.1368683772161603e-13
0.6615,642.1360576725001,664.3191588163897,22.183101143889644,-1.1102230246251565e-16,-1.1368683772161603e-13
0.662,642.1474379489737,664.3192018796217,22.171763930648012,0.0,-1.1368683772161603e-13
0.6625000000000001,642.1588183957397,664.3192449424207,22.160426546681038,1.1102230246251565e-16,-1.1368683772161603e-13
0.663,642.1701990128038,664.3192880047868,22.149088991983035,-1.1102230246251565e-16,-1.1368683772161603e-13
0.6635000000000001,642.1815798001717,664.31933106672,22.13775126654832,0.0,0.0
0.664,642.1929607578488,664.3193741282205,22.126413370371665,0.0,-1.1368683772161603e-13
0.6644999999999999,642.2043418858404,664.3194171892881,22.11507530344761,0.0,-1.1368683772161603e-13
0.665,642.2157231841527,664.3194602499227,22.10373706577002,0.0,-1.1368683772161603e-13
0.6655000000000001,642.2271046527908,664.3195033101244,22.09239865733366,0.0,0.0
0.6659999999999999,642.2384862917606,664.3195463698933,22.081060078132623,-1.1102230246251565e-16,1.1368683772161603e-13
0.6665000000000001,642.2498681010672,664.3195894292294,22.06972132816213,0.0,-1.1368683772161603e-13
0.6670000000000001,642.2612500807163,664.3196324881326,22.058382407416275,-1.1102230246251565e-16,-1.1368683772161603e-13
0.6675,642.2726322307142,664.3196755466026,22.04704331588846,0.0,1.1368683772161603e-13
0.6680000000000001,642.2840145510654,664.31971860464,22.03570405357459,0.0,0.0
0.6685000000000002,642.2953970417759,664.3197616622444,22.024364620468532,0.0,1.1368683772161603e-13
0.6689999999999999,642.3067797028514,664.319804719416,22.013025016564598,0.0,1.1368683772161603e-13
0.6695,642.3181625342972,664.3198477761548,22.001685241857558,-1.1102230246251565e-16,-1.1368683772161603e-13
0.6699999999999998,642.3295455361192,664.3198908324605,21.990345296341275,-1.1102230246251565e-16,0.0
0.6705,642.3409287083227,664.3199338883335,21.979005180010745,0.0,-1.1368683772161603e-13
0.671,642.3523120509135,664.3199769437733,21.96766489285983,0.0,-1.1368683772161603e-13
0.6715,642.3636955638967,664.3200199987803,21.956324434883527,0.0,-1.1368683772161603e-13
0.672,642.3750792472781,664.3200630533543,21.944983806076152,-1.1102230246251565e-16,0.0
0.6725000000000001,642.3864631010638,664.3201061074953,21.933643006431566,0.0,1.1368683772161603e-13
0.673,642.3978471252587,664.3201491612037,21.922302035944995,-1.1102230246251565e-16,0.0
0.6735000000000001,642.4092313198687,664.320192214479,21.910960894610298,0.0,-1.1368683772161603e-13
0.6739999999999999,642.4206156848991,664.3202352673213,21.899619582422247,-1.1102230246251565e-16,-1.1368683772161603e-13
0.6744999999999999,642.4320002203553,664.3202783197307,21.888278099375384,-1.1102230246251565e-16,0.0
0.6749999999999999,642.4433849262437,664.3203213717072,21.87693644546357,-1.1102230246251565e-16,0.0
0.6755000000000001,642.4547698025692,664.3203644232508,21.865594620681577,0.0,0.0
0.6759999999999999,642.4661548493377,664.3204074743614,21.85425262502372,0.0,0.0
0.6765,642.4775400665542,664.3204505250392,21.842910458484994,-1.1102230246251565e-16,-1.1368683772161603e-13
0.6770000000000002,642.488925454225,664.3204935752838,21.831568121058808,-1.1102230246251565e-16,0.0
0.6775,642.500311012355,664.3205366250954,21.820225612740387,-1.1102230246251565e-16,1.1368683772161603e-13
0.678,642.5116967409504,664.3205796744744,21.808882933524046,-1.1102230246251565e-16,-1.1368683772161603e-13
0.6785000000000002,642.5230826400164,664.3206227234202,21.797540083403874,-1.1102230246251565e-16,-1.1368683772161603e-13
0.679,642.5344687095585,664.3206657719329,21.786197062374413,-2.220446049250313e-16,0.0
0.6795,642.5458549495825,664.3207088200129,21.774853870430434,-1.1102230246251565e-16,-1.1368683772161603e-13
0.68,642.5572413600939,664.3207518676597,21.763510507565798,0.0,-1.1368683772161603e-13
0.6804999999999999,642.5686279410984,664.3207949148737,21.752166973775275,0.0,0.0
0.681,642.580014692601,664.3208379616547,21.740823269053635,-1.1102230246251565e-16,-1.1368683772161603e-13
0.6814999999999999,642.5914016146082,664.3208810080027,21.729479393394513,-1.1102230246251565e-16,-1.1368683772161603e-13
0.682,642.602788707125,664.3209240539177,21.71813534679268,-1.1102230246251565e-16,-1.1368683772161603e-13
0.6825000000000001,642.6141759701568,664.3209670993997,21.7067911292429,1.1102230246251565e-16,-1.1368683772161603e-13
0.6829999999999999,642.6255634037095,664.3210101444486,21.695446740739044,-1.1102230246251565e-16,0.0
0.6835000000000001,642.6369510077884,664.3210531890645,21.684102181276103,-1.1102230246251565e-16,0.0
0.6840000000000002,642.6483387823994,664.3210962332475,21.672757450848167,-1.1102230246251565e-16,0.0
0.6844999999999999,642.6597267275479,664.3211392769977,21.66141254944978,0.0,-1.1368683772161603e-13
0.6849999999999999,642.6711148432394,664.3211823203146,21.650067477075254,-1.1102230246251565e-16,-1.1368683772161603e-13
0.6855,642.6825031294798,664.3212253631984,21.63872223371868,-1.1102230246251565e-16,1.1368683772161603e-13
0.6859999999999999,642.6938915862743,664.3212684056496,21.627376819375286,-1.1102230246251565e-16,-1.1368683772161603e-13
0.6865,642.7052802136286,664.3213114476675,21.61603123403893,-1.1102230246251565e-16,-1.1368683772161603e-13
0.687,642.7166690115484,664.3213544892524,21.604685477703924,0.0,0.0
0.6875,642.7280579800392,664.3213975304043,21.593339550365044,0.0,0.0
0.6880000000000001,642.7394471191064,664.3214405711233,21.58199345201683,0.0,-1.1368683772161603e-13
0.6885000000000001,642.7508364287557,664.3214836114091,21.570647182653374,-1.1102230246251565e-16,0.0
0.6890000000000001,642.7622259089928,664.321526651262,21.559300742269215,0.0,-1.1368683772161603e-13
0.6894999999999999,642.7736155598232,664.3215696906818,21.54795413085867,-1.1102230246251565e-16,-1.1368683772161603e-13
0.6900000000000001,642.7850053812522,664.3216127296685,21.536607348416283,0.0,0.0
0.6904999999999999,642.7963953732858,664.3216557682222,21.525260394936367,-1.1102230246251565e-16,0.0
0.691,642.8077855359295,664.321698806343,21.513913270413468,0.0,-1.1368683772161603e-13
0.6915000000000001,642.8191758691885,664.3217418440306,21.502565974842128,0.0,-1.1368683772161603e-13
0.692,642.8305663730685,664.3217848812851,21.49121850821666,-2.220446049250313e-16,0.0
0.6925000000000001,642.8419570475758,664.3218279181067,21.47987087053093,0.0,-1.1368683772161603e-13
0.693,642.853347892715,664.3218709544951,21.46852306178016,0.0,-1.1368683772161603e-13
0.6935,642.8647389084917,664.3219139904504,21.457175081958667,0.0,1.1368683772161603e-13
0.6940000000000002,642.8761300949125,664.3219570259728,21.44582693106031,-1.1102230246251565e-16,0.0
0.6945,642.8875214519821,664.3220000610622,21.434478609080088,-1.1102230246251565e-16,-1.1368683772161603e-13
0.695,642.8989129797062,664.3220430957183,21.42313011601209,-1.1102230246251565e-16,-1.1368683772161603e-13
0.6955,642.9103046780906,664.3220861299412,21.41178145185063,0.0,1.1368683772161603e-13
0.6959999999999998,642.9216965471405,664.3221291637315,21.400432616590933,0.0,-1.1368683772161603e-13
0.6965,642.9330885868617,664.3221721970885,21.389083610226862,-1.1102230246251565e-16,-1.1368683772161603e-13
0.6970000000000001,642.9444807972602,664.3222152300123,21.37773443275205,-1.1102230246251565e-16,-1.1368683772161603e-13
0.6974999999999999,642.9558731783411,664.322258262503,21.366385084161948,-1.1102230246251565e-16,0.0
0.6980000000000001,642.9672657301098,664.3223012945607,21.355035564450873,-1.1102230246251565e-16,0.0
0.6985000000000001,642.9786584525725,664.3223443261854,21.343685873612912,0.0,-1.1368683772161603e-13
0.6990000000000001,642.9900513457342,664.3223873573768,21.33233601164261,0.0,0.0
0.6995000000000001,643.0014444096005,664.3224303881352,21.320985978534736,-1.1102230246251565e-16,0.0
0.7,643.0128376441776,664.3224734184605,21.309635774282924,-1.1102230246251565e-16,0.0
0.7004999999999999,643.0242310494705,664.3225164483526,21.29828539888217,0.0,1.1368683772161603e-13
0.701,643.0356246254848,664.3225594778119,21.286934852327022,0.0,-1.1368683772161603e-13
0.7015,643.0470183722264,664.3226025068377,21.275584134611336,0.0,0.0
0.702,643.0584122897005,664.3226455354306,21.26423324573011,-1.1102230246251565e-16,-1.1368683772161603e-13
0.7025,643.069806377913,664.3226885635904,21.252882185677436,-1.1102230246251565e-16,-1.1368683772161603e-13
0.7030000000000001,643.0812006368692,664.322731591317,21.241530954447853,-1.1102230246251565e-16,-1.1368683772161603e-13
0.7035,643.0925950665749,664.3227746186105,21.23017955203568,-1.1102230246251565e-16,-1.1368683772161603e-13
0.7040000000000001,643.1039896670359,664.3228176454709,21.218827978435,0.0,-1.1368683772161603e-13
0.7045000000000002,643.115384438257,664.3228606718981,21.207476233641046,-1.1102230246251565e-16,-1.1368683772161603e-13
0.7050000000000001,643.1267793802449,664.3229036978921,21.196124317647218,0.0,-1.1368683772161603e-13
0.7055,643.138174493004,664.322946723453,21.18477223044897,-1.1102230246251565e-16,0.0
0.7059999999999998,643.1495697765406,664.3229897485808,21.173419972040165,-1.1102230246251565e-16,1.1368683772161603e-13
0.7064999999999999,643.1609652308605,664.3230327732756,21.162067542415116,0.0,-1.1368683772161603e-13
0.7070000000000001,643.1723608559685,664.3230757975371,21.150714941568594,-1.1102230246251565e-16,-1.1368683772161603e-13
0.7074999999999999,643.1837566518707,664.3231188213654,21.13936216949469,-1.1102230246251565e-16,-1.1368683772161603e-13
0.708,643.1951526185724,664.3231618447605,21.12800922618817,-1.1102230246251565e-16,-1.1368683772161603e-13
0.7085000000000001,643.2065487560799,664.3232048677226,21.11665611164267,0.0,-1.1368683772161603e-13
0.709,643.217945064398,664.3232478902514,21.105302825853414,0.0,0.0
0.7095000000000001,643.2293415435322,664.3232909123471,21.093949368814947,0.0,-1.1368683772161603e-13
0.7100000000000002,643.2407381934886,664.3233339340097,21.08259574052113,0.0,-1.1368683772161603e-13
0.7104999999999999,643.2521350142727,664.3233769552389,21.071241940966274,-1.1102230246251565e-16,0.0
0.711,643.2635320058898,664.3234199760352,21.059887970145382,0.0,-1.1368683772161603e-13
0.7115,643.2749291683458,664.3234629963981,21.048533828052314,1.1102230246251565e-16,-1.1368683772161603e-13
0.712,643.286326501646,664.3235060163279,21.03717951468184,-1.1102230246251565e-16,0.0
0.7125,643.2977240057962,664.3235490358245,21.025825030028273,0.0,1.1368683772161603e-13
0.7130000000000001,643.309121680802,664.3235920548882,21.01447037408616,0.0,-1.1368683772161603e-13
0.7135,643.3205195266687,664.3236350735183,21.003115546849585,-1.1102230246251565e-16,0.0
0.7140000000000001,643.3319175434024,664.3236780917155,20.991760548313096,0.0,-1.1368683772161603e-13
0.7145000000000001,643.343315731008,664.3237211094793,20.980405378471232,-1.1102230246251565e-16,0.0
0.7150000000000001,643.3547140894918,664.3237641268099,20.969050037318084,0.0,-1.1368683772161603e-13
0.7154999999999999,643.366112618859,664.3238071437074,20.95769452484842,0.0,-1.1368683772161603e-13
0.7160000000000001,643.3775113191148,664.3238501601716,20.946338841056786,-1.1102230246251565e-16,0.0
0.7164999999999999,643.3889101902655,664.3238931762025,20.93498298593704,0.0,0.0
0.717,643.4003092323164,664.3239361918004,20.923626959483954,-1.1102230246251565e-16,-1.1368683772161603e-13
0.7174999999999999,643.4117084452735,664.3239792069651,20.912270761691616,0.0,-1.1368683772161603e-13
0.718,643.4231078291414,664.3240222216964,20.900914392555023,0.0,-1.1368683772161603e-13
0.7185,643.4345073839263,664.3240652359946,20.889557852068265,-1.1102230246251565e-16,-1.1368683772161603e-13
0.719,643.4459071096342,664.3241082498594,20.8782011402252,0.0,0.0
0.7195,643.4573070062697,664.3241512632912,20.866844257021512,-1.1102230246251565e-16,-1.1368683772161603e-13
0.7200000000000002,643.4687070738394,664.3241942762895,20.85548720245015,0.0,0.0
0.7205,643.4801073123481,664.3242372888549,20.844129976506792,0.0,-1.1368683772161603e-13
0.721,643.4915077218018,664.3242803009866,20.832772579184848,-1.1102230246251565e-16,1.1368683772161603e-13
0.7215,643.5029083022059,664.3243233126855,20.82141501047954,0.0,-1.1368683772161603e-13
0.7219999999999999,643.5143090535662,664.3243663239509,20.810057270384732,-1.1102230246251565e-16,-1.1368683772161603e-13
0.7225,643.5257099758883,664.3244093347832,20.798699358894964,0.0,-1.1368683772161603e-13
0.7230000000000001,643.5371110691774,664.3244523451822,20.78734127600478,-1.1102230246251565e-16,-1.1368683772161603e-13
0.7234999999999999,643.5485123334392,664.3244953551477,20.775983021708498,-1.1102230246251565e-16,1.1368683772161603e-13
0.7240000000000001,643.5599137686797,664.3245383646802,20.76462459600043,-1.1102230246251565e-16,1.1368683772161603e-13
0.7245000000000001,643.5713153749043,664.3245813737794,20.753265998875122,-1.1102230246251565e-16,0.0
0.725,643.5827171521184,664.3246243824453,20.741907230326888,-1.1102230246251565e-16,-1.1368683772161603e-13
0.7255000000000001,643.5941191003278,664.3246673906781,20.73054829035027,0.0,-1.1368683772161603e-13
0.726,643.6055212195379,664.3247103984772,20.71918917893936,-1.1102230246251565e-16,0.0
0.7264999999999999,643.6169235097543,664.3247534058435,20.70782989608915,-1.1102230246251565e-16,-1.1368683772161603e-13
0.727,643.6283259709828,664.3247964127763,20.696470441793508,0.0,-1.1368683772161603e-13
0.7275,643.6397286032291,664.3248394192758,20.685110816046745,0.0,-1.1368683772161603e-13
0.728,643.6511314064983,664.3248824253421,20.67375101884386,0.0,-1.1368683772161603e-13
0.7285,643.6625343807962,664.3249254309751,20.66239105017894,0.0,-1.1368683772161603e-13
0.729,643.6739375261286,664.3249684361747,20.651030910046074,0.0,-1.1368683772161603e-13
0.7295,643.6853408425006,664.3250114409409,20.63967059844026,-1.1102230246251565e-16,0.0
0.7300000000000001,643.6967443299186,664.3250544452742,20.62831011535559,-1.1102230246251565e-16,-1.1368683772161603e-13
0.7305,643.7081479883875,664.3250974491737,20.616949460786145,0.0,1.1368683772161603e-13
0.7309999999999999,643.719551817913,664.3251404526402,20.605588634727155,-1.1102230246251565e-16,-1.1368683772161603e-13
0.7314999999999999,643.7309558185013,664.3251834556734,20.594227637172025,0.0,0.0
0.7319999999999999,643.7423599901572,664.3252264582732,20.58286646811598,0.0,0.0
0.7324999999999999,643.7537643328865,664.3252694604398,20.571505127553337,-1.1102230246251565e-16,-1.1368683772161603e-13
0.7330000000000001,643.7651688466949,664.3253124621729,20.560143615477955,0.0,-1.1368683772161603e-13
0.7334999999999999,643.7765735315879,664.3253554634728,20.548781931884832,0.0,-1.1368683772161603e-13
0.734,643.7879783875715,664.3253984643393,20.53742007676783,-1.1102230246251565e-16,-1.1368683772161603e-13
0.7345000000000002,643.7993834146505,664.3254414647724,20.526058050121947,-1.1102230246251565e-16,-1.1368683772161603e-13
0.735,643.8107886128314,664.3254844647724,20.514695851941042,-1.1102230246251565e-16,-1.1368683772161603e-13
0.7355,643.8221939821194,664.3255274643388,20.503333482219432,0.0,0.0
0.7360000000000002,643.8335995225198,664.3255704634721,20.491970940952342,-1.1102230246251565e-16,-1.1368683772161603e-13
0.7364999999999998,643.8450052340386,664.3256134621718,20.48060822813318,-1.1102230246251565e-16,1.1368683772161603e-13
0.737,643.8564111166813,664.3256564604383,20.46924534375694,0.0,1.1368683772161603e-13
0.7375,643.867817170453,664.3256994582714,20.457882287818393,-1.1102230246251565e-16,1.1368683772161603e-13
0.738,643.87922339536,664.3257424556712,20.446519060311175,-1.1102230246251565e-16,1.1368683772161603e-13
0.7385,643.890629791408,664.3257854526378,20.435155661229828,-1.1102230246251565e-16,-1.1368683772161603e-13
0.7390000000000001,643.9020363586017,664.3258284491708,20.423792090569123,-1.1102230246251565e-16,0.0
0.7395,643.9134430969475,664.3258714452706,20.412428348323147,0.0,-1.1368683772161603e-13
0.7400000000000001,643.9248500064507,664.3259144409369,20.401064434486216,0.0,0.0
0.7405000000000002,643.9362570871169,664.3259574361698,20.389700349052873,0.0,0.0
0.7410000000000001,643.9476643389517,664.3260004309695,20.37833609201789,-1.1102230246251565e-16,-1.1368683772161603e-13
0.7414999999999999,643.959071761961,664.3260434253357,20.36697166337467,-1.1102230246251565e-16,0.0
0.7419999999999999,643.9704793561498,664.3260864192687,20.355607063118896,0.0,-1.1368683772161603e-13
0.7424999999999999,643.9818871215239,664.3261294127681,20.3442422912442,-1.1102230246251565e-16,-1.1368683772161603e-13
0.743,643.9932950580894,664.3261724058341,20.33287734774467,0.0,0.0
0.7434999999999999,644.0047031658512,664.3262153984667,20.321512232615532,0.0,1.1368683772161603e-13
0.744,644.0161114448154,664.3262583906662,20.310146945850875,0.0,-1.1368683772161603e-13
0.7445,644.0275198949873,664.3263013824321,20.298781487444785,0.0,-1.1368683772161603e-13
0.745,644.0389285163724,664.3263443737646,20.28741585739226,-1.1102230246251565e-16,-1.1368683772161603e-13
0.7455,644.0503373089769,664.3263873646636,20.27605005568671,-1.1102230246251565e-16,0.0
0.7460000000000001,644.061746272806,664.3264303551293,20.264684082323356,0.0,-1.1368683772161603e-13
0.7465,644.073155407865,664.3264733451615,20.253317937296515,0.0,1.1368683772161603e-13
0.7469999999999999,644.08456471416,664.3265163347605,20.241951620600503,0.0,-1.1368683772161603e-13
0.7475,644.0959741916963,664.326559323926,20.230585132229635,0.0,-1.1368683772161603e-13
0.7479999999999999,644.1073838404798,664.326602312658,20.219218472178227,-1.1102230246251565e-16,-1.1368683772161603e-13
0.7484999999999999,644.1187936605156,664.3266453009567,20.20785164044105,0.0,-1.1368683772161603e-13
0.7490000000000001,644.1302036518098,664.326688288822,20.19648463701219,0.0,-1.1368683772161603e-13
0.7494999999999999,644.1416138143679,664.3267312762537,20.18511746188574,-1.1102230246251565e-16,-1.1368683772161603e-13
0.7500000000000001,644.1530241481951,664.326774263252,20.17375011505692,-1.1102230246251565e-16,-1.1368683772161603e-13
0.7505000000000002,644.1644346532976,664.3268172498167,20.162382596519137,-1.1102230246251565e-16,1.1368683772161603e-13
0.751,644.1758453296807,664.3268602359483,20.15101490626762,-1.1102230246251565e-16,-1.1368683772161603e-13
0.7515000000000002,644.1872561773496,664.3269032216463,20.13964704429668,-1.1102230246251565e-16,-1.1368683772161603e-13
0.752,644.1986671963109,664.3269462069109,20.128279010599954,0.0,0.0
0.7525,644.2100783865694,664.3269891917421,20.116910805172665,0.0,-1.1368683772161603e-13
0.753,644.2214897481306,664.3270321761397,20.10554242800913,-1.1102230246251565e-16,0.0
0.7534999999999998,644.232901281001,664.327075160104,20.094173879102982,-1.1102230246251565e-16,-1.1368683772161603e-13
0.754,644.2443129851852,664.3271181436346,20.082805158449446,-1.1102230246251565e-16,-1.1368683772161603e-13
0.7545000000000001,644.2557248606893,664.3271611267319,20.07143626604261,-1.1102230246251565e-16,0.0
0.755,644.267136907519,664.3272041093958,20.06006720187679,0.0,0.0
0.7555000000000001,644.2785491256795,664.3272470916263,20.048697965946758,-1.1102230246251565e-16,-1.1368683772161603e-13
0.7560000000000001,644.2899615151769,664.327290073423,20.037328558246145,-1.1102230246251565e-16,0.0
0.7565000000000001,644.3013740760164,664.3273330547865,20.025958978770177,-1.1102230246251565e-16,-1.1368683772161603e-13
0.7569999999999999,644.3127868082036,664.3273760357165,20.014589227512943,0.0,-1.1368683772161603e-13
0.7575,644.3241997117445,664.3274190162128,20.003219304468303,0.0,0.0
0.7579999999999999,644.3356127866443,664.3274619962758,19.991849209631482,-1.1102230246251565e-16,0.0
0.7585,644.3470260329086,664.3275049759054,19.980478942996797,0.0,-1.1368683772161603e-13
0.759,644.3584394505438,664.3275479551014,19.969108504557653,-1.1102230246251565e-16,-1.1368683772161603e-13
0.7595,644.3698530395541,664.3275909338638,19.95773789430973,-1.1102230246251565e-16,0.0
0.76,644.3812667999466,664.327633912193,19.946367112246435,0.0,-1.1368683772161603e-13
0.7605000000000002,644.3926807317257,664.3276768900885,19.934996158362765,-1.1102230246251565e-16,-1.1368683772161603e-13
0.761,644.4040948348977,664.3277198675503,19.92362503265258,0.0,0.0
0.7615000000000001,644.4155091094681,664.327762844579,19.91225373511088,0.0,-1.1368683772161603e-13
0.7620000000000002,644.426923555442,664.3278058211738,19.900882265731752,0.0,0.0
0.7624999999999998,644.4383381728258,664.3278487973353,19.889510624509512,-1.1102230246251565e-16,1.1368683772161603e-13
0.763,644.4497529616244,664.3278917730634,19.87813881143893,0.0,-1.1368683772161603e-13
0.7635000000000001,644.4611679218438,664.3279347483578,19.866766826514095,-1.1102230246251565e-16,-1.1368683772161603e-13
0.7639999999999999,644.4725830534896,664.3279777232187,19.855394669729094,0.0,0.0
0.7645000000000001,644.4839983565676,664.328020697646,19.84402234107847,-1.1102230246251565e-16,0.0
0.7649999999999999,644.4954138310827,664.3280636716399,19.832649840557224,-1.1102230246251565e-16,0.0
0.7655,644.5068294770413,664.3281066452003,19.821277168158986,0.0,-1.1368683772161603e-13
0.7660000000000001,644.5182452944484,664.328149618327,19.809904323878527,-1.1102230246251565e-16,0.0
0.7665,644.5296612833099,664.3281925910203,19.79853130771039,-1.1102230246251565e-16,0.0
0.7670000000000001,644.5410774436316,664.32823556328,19.78715811964844,0.0,0.0
0.7675,644.5524937754187,664.3282785351062,19.77578475968744,-1.1102230246251565e-16,-1.1368683772161603e-13
0.7679999999999999,644.563910278677,664.3283215064987,19.76441122782171,-1.1102230246251565e-16,0.0
0.7685,644.5753269534123,664.3283644774579,19.753037524045567,0.0,-1.1368683772161603e-13
0.769,644.5867437996301,664.3284074479832,19.741663648353097,0.0,1.1368683772161603e-13
0.7695,644.5981608173354,664.3284504180751,19.730289600739752,-1.1102230246251565e-16,1.1368683772161603e-13
0.77,644.6095780065345,664.3284933877337,19.718915381199167,-1.1102230246251565e-16,-1.1368683772161603e-13
0.7705000000000001,644.620995367233,664.3285363569585,19.70754098972543,-2.220446049250313e-16,-1.1368683772161603e-13
0.771,644.6324128994365,664.3285793257496,19.696166426313084,-1.1102230246251565e-16,1.1368683772161603e-13
0.7715000000000001,644.6438306031505,664.3286222941074,19.6847916909569,-1.1102230246251565e-16,-1.1368683772161603e-13
0.7720000000000001,644.6552484783806,664.3286652620313,19.673416783650737,0.0,0.0
0.7724999999999999,644.6666665251321,664.3287082295219,19.66204170438982,-1.1102230246251565e-16,0.0
0.7729999999999999,644.6780847434106,664.3287511965789,19.650666453168242,-1.1102230246251565e-16,-1.1368683772161603e-13
0.7735000000000001,644.6895031332228,664.3287941632022,19.639291029979404,0.0,-1.1368683772161603e-13
0.7739999999999999,644.700921694573,664.328837129392,19.627915434818988,0.0,-1.1368683772161603e-13
0.7745,644.7123404274676,664.3288800951482,19.616539667680627,0.0,-1.1368683772161603e-13
0.7750000000000001,644.7237593319119,664.3289230604707,19.605163728558864,-1.1102230246251565e-16,-1.1368683772161603e-13
0.7755,644.7351784079115,664.3289660253597,19.593787617448243,0.0,-1.1368683772161603e-13
0.776,644.746597655472,664.3290089898151,19.582411334343078,0.0,-1.1368683772161603e-13
0.7765000000000002,644.7580170745991,664.3290519538368,19.571034879237686,0.0,-1.1368683772161603e-13
0.777,644.7694366652986,664.3290949174248,19.559658252126155,-1.1102230246251565e-16,1.1368683772161603e-13
0.7775000000000002,644.7808564275756,664.3291378805795,19.548281453003938,-1.1102230246251565e-16,-1.1368683772161603e-13
0.7779999999999998,644.7922763614363,664.3291808433003,19.536904481863985,0.0,0.0
0.7785,644.8036964668861,664.3292238055876,19.525527338701522,0.0,0.0
0.779,644.8151167439303,664.3292667674414,19.514150023511093,0.0,0.0
0.7794999999999999,644.8265371925747,664.3293097288615,19.502772536286784,-1.1102230246251565e-16,-1.1368683772161603e-13
0.78,644.8379578128252,664.3293526898478,19.491394877022685,-1.1102230246251565e-16,-1.1368683772161603e-13
0.7805000000000001,644.8493786046872,664.3293956504008,19.480017045713566,-1.1102230246251565e-16,-1.1368683772161603e-13
0.7809999999999999,644.8607995681664,664.3294386105199,19.468639042353516,-1.1102230246251565e-16,-1.1368683772161603e-13
0.7815000000000001,644.8722207032683,664.3294815702054,19.457260866937077,0.0,-1.1368683772161603e-13
0.7820000000000001,644.8836420099983,664.3295245294573,19.44588251945902,0.0,-1.1368683772161603e-13
0.7825000000000001,644.8950634883624,664.3295674882754,19.434503999912977,-1.1102230246251565e-16,0.0
0.7829999999999999,644.9064851383662,664.3296104466601,19.423125308293947,-1.1102230246251565e-16,-1.1368683772161603e-13
0.7835,644.9179069600152,664.329653404611,19.411746444595792,0.0,0.0
0.7839999999999999,644.9293289533148,664.3296963621283,19.40036740881351,-1.1102230246251565e-16,-1.1368683772161603e-13
0.7845,644.940751118271,664.3297393192117,19.38898820094073,0.0,1.1368683772161603e-13
0.785,644.9521734548891,664.3297822758618,19.377608820972682,0.0,0.0
0.7855,644.9635959631748,664.3298252320781,19.366229268903226,-1.1102230246251565e-16,0.0
0.786,644.9750186431338,664.3298681878607,19.354849544726903,-1.1102230246251565e-16,1.1368683772161603e-13
0.7865000000000001,644.9864414947717,664.3299111432098,19.34346964843803,-1.1102230246251565e-16,0.0
0.787,644.9978645180943,664.329954098125,19.332089580030697,-1.1102230246251565e-16,0.0
0.7875000000000001,645.0092877131071,664.3299970526066,19.320709339499444,0.0,1.1368683772161603e-13
0.7880000000000003,645.0207110798156,664.3300400066546,19.309328926839044,0.0,0.0
0.7884999999999999,645.032134618225,664.3300829602688,19.29794834204381,-1.1102230246251565e-16,0.0
0.789,645.043558328342,664.3301259134494,19.286567585107377,0.0,1.1368683772161603e-13
0.7894999999999999,645.0549822101714,664.3301688661963,19.27518665602497,0.0,-1.1368683772161603e-13
0.7899999999999999,645.066406263719,664.3302118185095,19.26380555479045,0.0,-1.1368683772161603e-13
0.7905000000000002,645.07783048899,664.330254770389,19.252424281399044,-1.1102230246251565e-16,-1.1368683772161603e-13
0.7909999999999997,645.0892548859911,664.3302977218348,19.2410428358437,-1.1102230246251565e-16,-1.1368683772161603e-13
0.7915,645.1006794547272,664.3303406728467,19.229661218119418,0.0,1.1368683772161603e-13
0.7919999999999999,645.1121041952035,664.3303836234252,19.21827942822165,-1.1102230246251565e-16,0.0
0.7924999999999998,645.1235291074263,664.3304265735699,19.206897466143573,-1.1102230246251565e-16,-1.1368683772161603e-13
0.793,645.1349541914014,664.3304695232807,19.195515331879278,0.0,-1.1368683772161603e-13
0.7935,645.1463794471338,664.330512472558,19.184133025424217,-1.1102230246251565e-16,-1.1368683772161603e-13
0.7939999999999998,645.1578048746296,664.3305554214016,19.172750546772022,-1.1102230246251565e-16,-1.1368683772161603e-13
0.7945000000000002,645.169230473894,664.3305983698112,19.161367895917238,-1.1102230246251565e-16,0.0
0.795,645.1806562449328,664.3306413177872,19.149985072854406,0.0,0.0
0.7955,645.192082187752,664.3306842653296,19.138602077577616,0.0,0.0
0.7959999999999998,645.2035083023561,664.3307272124382,19.127218910082092,-1.1102230246251565e-16,1.1368683772161603e-13
0.7965000000000001,645.2149345887519,664.3307701591132,19.11583557036124,-1.1102230246251565e-16,-1.1368683772161603e-13
0.797,645.2263610469447,664.3308131053543,19.104452058409606,-1.1102230246251565e-16,-1.1368683772161603e-13
0.7974999999999999,645.2377876769401,664.3308560511616,19.093068374221502,0.0,0.0
0.7980000000000002,645.2492144787436,664.3308989965353,19.0816845177917,-1.1102230246251565e-16,-1.1368683772161603e-13
0.7985000000000001,645.2606414523609,664.3309419414752,19.070300489114288,0.0,-1.1368683772161603e-13
0.7989999999999999,645.2720685977977,664.3309848859813,19.058916288183582,0.0,-1.1368683772161603e-13
0.7995000000000002,645.2834959150591,664.3310278300537,19.04753191499458,0.0,-1.1368683772161603e-13
0.8000000000000002,645.2949234041514,664.3310707736923,19.036147369540913,0.0,-1.1368683772161603e-13
0.8005,645.30635106508,664.3311137168971,19.024762651817127,0.0,-1.1368683772161603e-13
0.8010000000000003,645.3177788978503,664.3311566596681,19.013377761817765,-1.1102230246251565e-16,0.0
0.8014999999999998,645.3292069024683,664.3311996020054,19.00199269953714,-1.1102230246251565e-16,0.0
0.802,645.3406350789396,664.331242543909,18.990607464969344,-1.1102230246251565e-16,1.1368683772161603e-13
0.8025,645.3520634272695,664.3312854853787,18.979222058109144,0.0,1.1368683772161603e-13
0.8029999999999998,645.3634919474634,664.3313284264148,18.967836478951313,-1.1102230246251565e-16,0.0
0.8035000000000001,645.3749206395282,664.331371367017,18.9564507274888,0.0,-1.1368683772161603e-13
0.804,645.3863495034677,664.3314143071855,18.94506480371774,0.0,-1.1368683772161603e-13
0.8044999999999999,645.397778539289,664.3314572469201,18.93367870763109,-1.1102230246251565e-16,-1.1368683772161603e-13
0.8050000000000003,645.409207746997,664.3315001862209,18.92229243922384,0.0,-1.1368683772161603e-13
0.8055000000000001,645.4206371265977,664.3315431250878,18.91090599849008,0.0,0.0
0.806,645.4320666780964,664.3315860635212,18.89951938542481,0.0,0.0
0.8064999999999999,645.4434964014988,664.3316290015207,18.88813260002189,0.0,-1.1368683772161603e-13
0.8069999999999998,645.454926296811,664.3316719390862,18.876745642275182,0.0,0.0
0.8075000000000001,645.4663563640379,664.331714876218,18.865358512180137,0.0,0.0
0.8079999999999999,645.4777866031852,664.3317578129161,18.853971209730844,-1.1102230246251565e-16,-1.1368683772161603e-13
0.8084999999999999,645.4892170142591,664.3318007491803,18.842583734921163,0.0,0.0
0.8090000000000002,645.500647597265,664.3318436850107,18.83119608774564,0.0,0.0
0.8095,645.5120783522082,664.3318866204072,18.81980826819904,0.0,0.0
0.8099999999999999,645.5235092790945,664.3319295553699,18.808420276275456,-1.1102230246251565e-16,0.0
0.8105000000000002,645.5349403779298,664.3319724898988,18.797032111968974,0.0,0.0
0.811,645.5463716487195,664.3320154239939,18.785643775274366,-1.1102230246251565e-16,0.0
0.8115,645.5578030914689,664.3320583576551,18.774255266186174,-1.1102230246251565e-16,1.1368683772161603e-13
0.8119999999999998,645.5692347061845,664.3321012908827,18.76286658469826,0.0,-1.1368683772161603e-13
0.8125000000000001,645.5806664928714,664.3321442236761,18.75147773080471,0.0,1.1368683772161603e-13
0.8130000000000001,645.5920984515346,664.3321871560358,18.740088704501204,-1.1102230246251565e-16,0.0
0.8134999999999999,645.6035305821808,664.3322300879618,18.728699505780924,-1.1102230246251565e-16,-1.1368683772161603e-13
0.8139999999999998,645.6149628848152,664.3322730194539,18.717310134638637,0.0,-1.1368683772161603e-13
0.8145000000000001,645.6263953594432,664.3323159505119,18.70592059106866,-1.1102230246251565e-16,0.0
0.815,645.637828006071,664.3323588811363,18.69453087506531,0.0,0.0
0.8154999999999999,645.6492608247038,664.3324018113267,18.683140986622902,0.0,0.0
0.8160000000000002,645.6606938153468,664.3324447410832,18.671750925736433,-1.1102230246251565e-16,0.0
0.8165000000000001,645.6721269780069,664.332487670406,18.66036069239908,0.0,0.0
0.817,645.6835603126883,664.3325305992948,18.648970286606527,-1.1102230246251565e-16,0.0
0.8174999999999999,645.694993819398,664.3325735277499,18.63757970835195,0.0,-1.1368683772161603e-13
0.8180000000000002,645.7064274981401,664.3326164557709,18.626188957630802,-1.1102230246251565e-16,-1.1368683772161603e-13
0.8185,645.7178613489216,664.3326593833583,18.614798034436717,0.0,-1.1368683772161603e-13
0.819,645.7292953717476,664.3327023105116,18.60340693876401,0.0,-1.1368683772161603e-13
0.8195000000000002,645.7407295666237,664.3327452372309,18.592015670607225,-1.1102230246251565e-16,-1.1368683772161603e-13
0.8200000000000001,645.7521639335553,664.3327881635164,18.58062422996113,-1.1102230246251565e-16,0.0
0.8205,645.7635984725484,664.3328310893683,18.569232616819818,-1.1102230246251565e-16,-1.1368683772161603e-13
0.8210000000000003,645.7750331836089,664.3328740147858,18.557840831176918,0.0,1.1368683772161603e-13
0.8215000000000001,645.7864680667417,664.3329169397698,18.546448873028112,0.0,-1.1368683772161603e-13
0.8220000000000001,645.7979031219529,664.3329598643197,18.535056742366805,0.0,0.0
0.8224999999999999,645.809338349248,664.3330027884358,18.52366443918777,0.0,0.0
0.8229999999999998,645.8207737486325,664.3330457121181,18.512271963485546,-1.1102230246251565e-16,-1.1368683772161603e-13
0.8235000000000001,645.8322093201125,664.3330886353663,18.50087931525377,0.0,-1.1368683772161603e-13
0.824,645.843645063693,664.3331315581806,18.489486494487664,-1.1102230246251565e-16,-1.1368683772161603e-13
0.8244999999999999,645.8550809793803,664.333174480561,18.478093501180638,-1.1102230246251565e-16,-1.1368683772161603e-13
0.8250000000000002,645.8665170671793,664.3332174025074,18.46670033532814,-1.1102230246251565e-16,-1.1368683772161603e-13
0.8255,645.8779533270963,664.3332603240201,18.45530699692381,-1.1102230246251565e-16,-1.1368683772161603e-13
0.826,645.8893897591367,664.3333032450985,18.44391348596173,0.0,1.1368683772161603e-13
0.8265000000000002,645.9008263633061,664.3333461657433,18.432519802437128,0.0,0.0
0.8269999999999997,645.9122631396096,664.333389085954,18.42112594634432,-1.1102230246251565e-16,-1.1368683772161603e-13
0.8275,645.9237000880541,664.3334320057309,18.40973191767671,-1.1102230246251565e-16,-1.1368683772161603e-13
0.8279999999999998,645.9351372086444,664.3334749250737,18.398337716429296,0.0,-1.1368683772161603e-13
0.8284999999999998,645.9465745013858,664.3335178439827,18.38694334259685,-1.1102230246251565e-16,-1.1368683772161603e-13
0.8290000000000001,645.9580119662849,664.3335607624574,18.375548796172552,-1.1102230246251565e-16,1.1368683772161603e-13
0.8295,645.9694496033462,664.3336036804988,18.364154077152534,-1.1102230246251565e-16,-1.1368683772161603e-13
0.8299999999999998,645.9808874125765,664.3336465981056,18.352759185529067,-1.1102230246251565e-16,1.1368683772161603e-13
0.8305000000000001,645.9923253939808,664.3336895152788,18.341364121298056,0.0,-1.1368683772161603e-13
0.8310000000000001,646.0037635475646,664.333732432018,18.329968884453365,-1.1102230246251565e-16,-1.1368683772161603e-13
0.8314999999999999,646.015201873334,664.3337753483231,18.31857347498908,0.0,-1.1368683772161603e-13
0.8320000000000002,646.0266403712942,664.3338182641942,18.307177892899972,-1.1102230246251565e-16,1.1368683772161603e-13
0.8325000000000001,646.038079041451,664.3338611796316,18.295782138180584,-1.1102230246251565e-16,-1.1368683772161603e-13
0.833,646.0495178838103,664.3339040946348,18.28438621082455,0.0,-1.1368683772161603e-13
0.8334999999999999,646.0609568983773,664.3339470092039,18.27299011082664,-1.1102230246251565e-16,1.1368683772161603e-13
0.8339999999999997,646.0723960851581,664.3339899233395,18.261593838181398,0.0,-1.1368683772161603e-13
0.8345,646.083835444158,664.3340328370407,18.250197392882683,0.0,0.0
0.835,646.0952749753826,664.3340757503081,18.238800774925494,0.0,-1.1368683772161603e-13
0.8355000000000002,646.1067146788378,664.3341186631415,18.22740398430369,-1.1102230246251565e-16,-1.1368683772161603e-13
0.8360000000000001,646.1181545545292,664.3341615755407,18.216007021011592,0.0,-1.1368683772161603e-13
0.8365,646.129594602462,664.334204487506,18.204609885043965,-1.1102230246251565e-16,1.1368683772161603e-13
0.8369999999999999,646.1410348226425,664.3342473990374,18.1932125763949,-1.1102230246251565e-16,0.0
0.8374999999999998,646.152475215076,664.3342903101347,18.18181509505871,0.0,-1.1368683772161603e-13
0.8380000000000001,646.1639157797681,664.334333220798,18.17041744102994,0.0,0.0
0.8384999999999999,646.1753565167244,664.3343761310275,18.159019614303133,-1.1102230246251565e-16,-1.1368683772161603e-13
0.8390000000000003,646.1867974259508,664.3344190408227,18.147621614871923,0.0,0.0
0.8394999999999997,646.1982385074527,664.334461950184,18.136223442731307,0.0,-1.1368683772161603e-13
0.8400000000000001,646.2096797612357,664.3345048591111,18.124825097875373,0.0,1.1368683772161603e-13
0.8404999999999999,646.2211211873059,664.3345477676046,18.113426580298665,-1.1102230246251565e-16,-1.1368683772161603e-13
0.8410000000000002,646.2325627856685,664.3345906756638,18.10202788999527,-1.1102230246251565e-16,-1.1368683772161603e-13
0.8415000000000001,646.2440045563292,664.3346335832889,18.090629026959732,-1.1102230246251565e-16,-1.1368683772161603e-13
0.8420000000000004,646.2554464992936,664.33467649048,18.079229991186367,-1.1102230246251565e-16,1.1368683772161603e-13
0.8424999999999999,646.2668886145675,664.3347193972372,18.067830782669716,-1.1102230246251565e-16,-1.1368683772161603e-13
0.8429999999999997,646.2783309021568,664.3347623035602,18.056431401403415,-1.1102230246251565e-16,0.0
0.8435,646.2897733620666,664.3348052094493,18.04503184738269,-1.1102230246251565e-16,-1.1368683772161603e-13
0.844,646.3012159943028,664.3348481149042,18.033632120601396,0.0,0.0
0.8445000000000003,646.3126587988709,664.3348910199252,18.02223222105431,-1.1102230246251565e-16,-1.1368683772161603e-13
0.8449999999999998,646.3241017757769,664.3349339245121,18.01083214873529,0.0,-1.1368683772161603e-13
0.8455,646.3355449250257,664.334976828665,17.999431903639334,-1.1102230246251565e-16,-1.1368683772161603e-13
0.8459999999999999,646.346988246624,664.3350197323837,17.98803148575962,0.0,0.0
0.8465000000000001,646.3584317405764,664.3350626356682,17.97663089509183,-1.1102230246251565e-16,1.1368683772161603e-13
0.8470000000000001,646.3698754068892,664.335105538519,17.965230131629824,-1.1102230246251565e-16,0.0
0.8475000000000004,646.381319245568,664.3351484409357,17.95382919536769,0.0,-1.1368683772161603e-13
0.8479999999999999,646.3927632566183,664.335191342918,17.942428086299742,0.0,0.0
0.8484999999999997,646.4042074400459,664.3352342444664,17.931026804420526,0.0,0.0
0.849,646.4156517958559,664.3352771455809,17.919625349725038,0.0,-1.1368683772161603e-13
0.8494999999999999,646.4270963240547,664.3353200462611,17.908223722206458,0.0,-1.1368683772161603e-13
0.8500000000000002,646.4385410246475,664.3353629465071,17.896821921859555,0.0,1.1368683772161603e-13
0.8505000000000001,646.4499858976399,664.3354058463192,17.885419948679328,-1.1102230246251565e-16,0.0
0.851,646.4614309430378,664.3354487456972,17.87401780265941,-1.1102230246251565e-16,-1.1368683772161603e-13
0.8514999999999999,646.4728761608467,664.335491644641,17.862615483794343,-1.1102230246251565e-16,0.0
0.8520000000000002,646.4843215510725,664.335534543151,17.851212992078445,-1.1102230246251565e-16,-1.1368683772161603e-13
0.8525,646.4957671137206,664.3355774412266,17.83981032750603,0.0,-1.1368683772161603e-13
0.8530000000000003,646.5072128487964,664.3356203388682,17.828407490071868,-1.1102230246251565e-16,-1.1368683772161603e-13
0.8535000000000003,646.5186587563062,664.3356632360756,17.817004479769366,0.0,-1.1368683772161603e-13
0.8539999999999998,646.5301048362548,664.335706132849,17.805601296594205,0.0,-1.1368683772161603e-13
0.8545,646.5415510886487,664.3357490291883,17.79419794053956,0.0,-1.1368683772161603e-13
0.8549999999999999,646.552997513493,664.3357919250932,17.782794411600207,-1.1102230246251565e-16,1.1368683772161603e-13
0.8555000000000001,646.5644441107934,664.3358348205643,17.771390709770913,0.0,0.0
0.8560000000000001,646.575890880556,664.3358777156011,17.759986835045083,0.0,1.1368683772161603e-13
0.8564999999999999,646.5873378227857,664.3359206102039,17.748582787418172,-1.1102230246251565e-16,0.0
0.8569999999999999,646.598784937489,664.3359635043726,17.737178566883586,0.0,-1.1368683772161603e-13
0.8575000000000002,646.6102322246707,664.336006398107,17.72577417343632,-1.1102230246251565e-16,-1.1368683772161603e-13
0.858,646.6216796843371,664.3360492914073,17.71436960707024,0.0,0.0
0.8584999999999999,646.6331273164938,664.3360921842736,17.702964867779883,0.0,-1.1368683772161603e-13
0.8590000000000002,646.6445751211459,664.3361350767057,17.691559955559796,-1.1102230246251565e-16,-1.1368683772161603e-13
0.8594999999999997,646.6560230982996,664.3361779687034,17.68015487040384,0.0,1.1368683772161603e-13
0.86,646.6674712479603,664.3362208602673,17.66874961230701,0.0,-1.1368683772161603e-13
0.8604999999999998,646.6789195701338,664.3362637513969,17.65734418126317,0.0,-1.1368683772161603e-13
0.8610000000000002,646.6903680648256,664.3363066420923,17.645938577266634,0.0,-1.1368683772161603e-13
0.8615,646.7018167320412,664.3363495323536,17.6345328003124,0.0,-1.1368683772161603e-13
0.8620000000000003,646.7132655717867,664.3363924221806,17.623126850393874,-1.1102230246251565e-16,0.0
0.8624999999999998,646.7247145840674,664.3364353115735,17.611720727506054,0.0,0.0
0.8630000000000001,646.7361637688889,664.3364782005324,17.600314431643483,-1.1102230246251565e-16,-1.1368683772161603e-13
0.8635,646.7476131262574,664.336521089057,17.588907962799567,0.0,-1.1368683772161603e-13
0.8639999999999999,646.759062656178,664.3365639771473,17.577501320969304,0.0,0.0
0.8645000000000002,646.7705123586566,664.3366068648036,17.56609450614701,0.0,-1.1368683772161603e-13
0.8650000000000001,646.7819622336986,664.3366497520256,17.554687518327,-1.1102230246251565e-16,0.0
0.8654999999999999,646.7934122813099,664.3366926388135,17.54328035750359,-1.1102230246251565e-16,0.0
0.8659999999999999,646.804862501496,664.3367355251671,17.531873023671096,0.0,-1.1368683772161603e-13
0.8665000000000002,646.8163128942629,664.3367784110867,17.520465516823833,0.0,-1.1368683772161603e-13
0.867,646.8277634596157,664.3368212965718,17.509057836956117,0.0,1.1368683772161603e-13
0.8675000000000003,646.8392141975605,664.336864181623,17.49764998406249,0.0,-1.1368683772161603e-13
0.8679999999999998,646.8506651081027,664.3369070662397,17.486241958137043,0.0,1.1368683772161603e-13
0.8684999999999997,646.8621161912479,664.3369499504224,17.474833759174544,-1.1102230246251565e-16,0.0
0.869,646.873567447002,664.336992834171,17.46342538716908,-1.1102230246251565e-16,-1.1368683772161603e-13
0.8694999999999998,646.8850188753709,664.3370357174852,17.45201684211429,0.0,0.0
0.8700000000000001,646.8964704763594,664.3370786003652,17.44060812400585,0.0,0.0
0.8705,646.907922249974,664.337121482811,17.429199232836936,0.0,0.0
0.8709999999999999,646.9193741962197,664.3371643648227,17.417790168603005,-1.1102230246251565e-16,-1.1368683772161603e-13
0.8714999999999998,646.9308263151026,664.3372072463999,17.406380931297235,-1.1102230246251565e-16,0.0
0.8720000000000001,646.9422786066284,664.337250127543,17.394971520914623,0.0,0.0
0.8724999999999999,646.9537310708024,664.3372930082519,17.383561937449485,-1.1102230246251565e-16,1.1368683772161603e-13
0.8730000000000003,646.9651837076306,664.3373358885267,17.372152180896137,0.0,-1.1368683772161603e-13
0.8735000000000002,646.9766365171183,664.337378768367,17.360742251248666,-1.1102230246251565e-16,0.0
0.8739999999999997,646.9880894992714,664.3374216477732,17.349332148501844,-1.1102230246251565e-16,-1.1368683772161603e-13
0.8744999999999999,646.9995426540956,664.3374645267452,17.33792187264953,-1.1102230246251565e-16,-1.1368683772161603e-13
0.8749999999999999,647.0109959815964,664.3375074052828,17.326511423686497,-1.1102230246251565e-16,-1.1368683772161603e-13
0.8755000000000002,647.0224494817796,664.3375502833862,17.315100801606604,0.0,-1.1368683772161603e-13
0.876,647.0339031546507,664.3375931610553,17.303690006404622,0.0,0.0
0.8765000000000003,647.0453570002155,664.3376360382904,17.292279038074867,0.0,-1.1368683772161603e-13
0.8769999999999998,647.0568110184795,664.3376789150909,17.280867896611426,-1.1102230246251565e-16,0.0
0.8775000000000001,647.0682652094486,664.3377217914574,17.269456582008843,0.0,-1.1368683772161603e-13
0.878,647.0797195731282,664.3377646673894,17.258045094261206,0.0,-1.1368683772161603e-13
0.8785000000000003,647.091174109524,664.3378075428873,17.246633433363286,-1.1102230246251565e-16,0.0
0.8790000000000001,647.1026288186417,664.3378504179507,17.235221599308943,0.0,1.1368683772161603e-13
0.8794999999999996,647.1140837004871,664.33789329258,17.223809592092948,-1.1102230246251565e-16,0.0
0.8799999999999999,647.1255387550657,664.3379361667751,17.21239741170939,0.0,0.0
0.8804999999999998,647.1369939823833,664.3379790405359,17.200985058152582,0.0,-1.1368683772161603e-13
0.8810000000000001,647.1484493824453,664.3380219138623,17.18957253141707,0.0,-1.1368683772161603e-13
0.8815,647.1599049552576,664.3380647867543,17.178159831496714,0.0,-1.1368683772161603e-13
0.8820000000000002,647.1713607008257,664.338107659212,17.166746958386284,0.0,1.1368683772161603e-13
0.8824999999999997,647.1828166191553,664.3381505312357,17.155333912080323,0.0,0.0
0.883,647.1942727102523,664.3381934028248,17.143920692572465,-1.1102230246251565e-16,0.0
0.8835,647.2057289741219,664.3382362739799,17.132507299857934,-1.1102230246251565e-16,-1.1368683772161603e-13
0.8840000000000002,647.2171854107703,664.3382791447004,17.121093733930138,0.0,0.0
0.8845000000000002,647.2286420202029,664.3383220149867,17.109679994783846,-1.1102230246251565e-16,-1.1368683772161603e-13
0.885,647.2400988024251,664.3383648848387,17.098266082413602,-1.1102230246251565e-16,0.0
0.8855,647.2515557574429,664.3384077542564,17.086851996813493,-1.1102230246251565e-16,-1.1368683772161603e-13
0.8859999999999998,647.263012885262,664.3384506232399,17.075437737977836,0.0,-1.1368683772161603e-13
0.8865000000000001,647.2744701858876,664.3384934917888,17.064023305901173,0.0,-1.1368683772161603e-13
0.887,647.2859276593263,664.3385363599034,17.05260870057714,0.0,1.1368683772161603e-13
0.8875000000000003,647.2973853055826,664.3385792275838,17.041193922001185,-1.1102230246251565e-16,1.1368683772161603e-13
0.8880000000000001,647.3088431246629,664.3386220948298,17.029778970166944,0.0,0.0
0.8885000000000001,647.3203011165729,664.3386649616416,17.018363845068734,0.0,-1.1368683772161603e-13
0.8889999999999999,647.3317592813175,664.3387078280189,17.006948546701324,0.0,0.0
0.8894999999999998,647.343217618903,664.3387506939621,16.99553307505903,-1.1102230246251565e-16,-1.1368683772161603e-13
0.8900000000000001,647.3546761293355,664.3387935594706,16.98411743013503,0.0,0.0
0.8905,647.3661348126195,664.338836424545,16.97270161192546,-1.1102230246251565e-16,-1.1368683772161603e-13
0.8910000000000002,647.3775936687618,664.3388792891849,16.96128562042304,-1.1102230246251565e-16,-1.1368683772161603e-13
0.8914999999999997,647.3890526977675,664.3389221533905,16.949869455623002,0.0,-1.1368683772161603e-13
0.892,647.400511899642,664.3389650171616,16.938453117519657,-1.1102230246251565e-16,1.1368683772161603e-13
0.8925,647.4119712743914,664.3390078804985,16.927036606107094,0.0,1.1368683772161603e-13
0.8930000000000002,647.4234308220214,664.339050743401,16.91561992137963,-1.1102230246251565e-16,0.0
0.8935000000000001,647.4348905425375,664.3390936058693,16.904203063331806,0.0,-1.1368683772161603e-13
0.894,647.4463504359451,664.339136467903,16.89278603195794,-1.1102230246251565e-16,-1.1368683772161603e-13
0.8944999999999999,647.4578105022506,664.3391793295023,16.881368827251663,-1.1102230246251565e-16,1.1368683772161603e-13
0.8949999999999998,647.469270741459,664.3392221906672,16.8699514492082,0.0,1.1368683772161603e-13
0.8955000000000001,647.480731153576,664.3392650513979,16.85853389782187,-1.1102230246251565e-16,0.0
0.896,647.4921917386077,664.3393079116943,16.847116173086533,0.0,-1.1368683772161603e-13
0.8965000000000003,647.5036524965597,664.3393507715559,16.835698274996275,-1.1102230246251565e-16,0.0
0.8969999999999998,647.515113427437,664.3393936309833,16.824280203546323,-1.1102230246251565e-16,1.1368683772161603e-13
0.8975000000000001,647.5265745312461,664.3394364899764,16.81286195873031,0.0,0.0
0.8979999999999999,647.538035807992,664.3394793485352,16.801443540543232,-1.1102230246251565e-16,-1.1368683772161603e-13
0.8985000000000002,647.549497257681,664.3395222066595,16.7900249489785,0.0,-1.1368683772161603e-13
0.8990000000000001,647.5609588803184,664.3395650643492,16.778606184030878,-1.1102230246251565e-16,-1.1368683772161603e-13
0.8995000000000004,647.5724206759096,664.3396079216047,16.76718724569514,-1.1102230246251565e-16,-1.1368683772161603e-13
0.8999999999999999,647.5838826444608,664.3396507784257,16.75576813396492,0.0,-1.1368683772161603e-13
0.9004999999999997,647.5953447859774,664.3396936348122,16.74434884883476,0.0,1.1368683772161603e-13
0.901,647.6068071004654,664.3397364907644,16.732929390298978,-1.1102230246251565e-16,0.0
0.9015,647.61826958793,664.3397793462821,16.721509758352113,0.0,1.1368683772161603e-13
0.9020000000000002,647.629732248377,664.3398222013655,16.710089952988483,0.0,0.0
0.9025000000000001,647.6411950818119,664.3398650560143,16.698669974202403,0.0,1.1368683772161603e-13
0.903,647.652658088241,664.3399079102289,16.68724982198796,0.0,0.0
0.9034999999999999,647.6641212676693,664.339950764009,16.675829496339702,-1.1102230246251565e-16,-1.1368683772161603e-13
0.9040000000000001,647.6755846201027,664.3399936173546,16.66440899725194,-1.1102230246251565e-16,-1.1368683772161603e-13
0.9045000000000001,647.6870481455474,664.3400364702657,16.652988324718308,0.0,-1.1368683772161603e-13
0.9049999999999999,647.6985118440082,664.3400793227424,16.64156747873426,0.0,-1.1368683772161603e-13
0.9054999999999999,647.709975715491,664.3401221747845,16.630146459293428,-1.1102230246251565e-16,1.1368683772161603e-13
0.9059999999999997,647.7214397600019,664.3401650263925,16.618725266390584,0.0,-1.1368683772161603e-13
0.9065000000000001,647.7329039775461,664.3402078775657,16.607303900019588,-1.1102230246251565e-16,0.0
0.9069999999999999,647.7443683681297,664.3402507283047,16.595882360174983,0.0,-1.1368683772161603e-13
0.9075000000000002,647.7558329317576,664.3402935786091,16.58446064685154,0.0,-1.1368683772161603e-13
0.9080000000000001,647.7672976684366,664.3403364284791,16.573038760042436,0.0,-1.1368683772161603e-13
0.9085,647.7787625781716,664.3403792779145,16.5616166997429,-1.1102230246251565e-16,0.0
0.9089999999999999,647.7902276609682,664.3404221269157,16.55019446594747,0.0,-1.1368683772161603e-13
0.9095000000000002,647.8016929168325,664.3404649754821,16.538772058649556,-1.1102230246251565e-16,0.0
0.91,647.81315834577,664.3405078236142,16.527349477844155,-1.1102230246251565e-16,-1.1368683772161603e-13
0.9105,647.8246239477864,664.3405506713116,16.515926723525126,-1.1102230246251565e-16,1.1368683772161603e-13
0.9110000000000003,647.8360897228872,664.3405935185749,16.504503795687697,-1.1102230246251565e-16,-1.1368683772161603e-13
0.9114999999999998,647.8475556710782,664.3406363654035,16.493080694325272,-1.1102230246251565e-16,-1.1368683772161603e-13
0.912,647.8590217923654,664.3406792117976,16.481657419432167,0.0,0.0
0.9124999999999999,647.8704880867538,664.3407220577571,16.47023397100338,-1.1102230246251565e-16,-1.1368683772161603e-13
0.9130000000000001,647.8819545542494,664.3407649032822,16.458810349032774,0.0,1.1368683772161603e-13
0.9135000000000001,647.8934211948583,664.340807748373,16.44738655351466,-1.1102230246251565e-16,-1.1368683772161603e-13
0.9140000000000004,647.9048880085852,664.340850593029,16.435962584443814,-1.1102230246251565e-16,0.0
0.9144999999999999,647.9163549954369,664.3408934372505,16.424538441813638,-1.1102230246251565e-16,1.1368683772161603e-13
0.9150000000000001,647.9278221554184,664.3409362810378,16.41311412561936,-1.1102230246251565e-16,-1.1368683772161603e-13
0.9155,647.9392894885352,664.3409791243903,16.401689635855064,-1.1102230246251565e-16,0.0
0.9159999999999999,647.9507569947937,664.3410219673085,16.390264972514842,-1.1102230246251565e-16,-1.1368683772161603e-13
0.9165000000000002,647.9622246741988,664.341064809792,16.378840135593236,-1.1102230246251565e-16,0.0
0.9169999999999997,647.9736925267566,664.341107651841,16.367415125084335,-1.1102230246251565e-16,0.0
0.9175,647.985160552473,664.3411504934554,16.355989940982454,0.0,0.0
0.9179999999999998,647.9966287513532,664.3411933346354,16.344564583282136,0.0,1.1368683772161603e-13
0.9185000000000002,648.0080971234029,664.341236175381,16.33313905197815,0.0,-1.1368683772161603e-13
0.919,648.019565668628,664.3412790156917,16.321713347063678,0.0,0.0
0.9195000000000003,648.031034387034,664.3413218555681,16.31028746853417,0.0,-1.1368683772161603e-13
0.9199999999999998,648.042503278627,664.3413646950098,16.298861416382806,0.0,0.0
0.9204999999999998,648.0539723434122,664.3414075340172,16.287435190605038,0.0,0.0
0.921,648.0654415813951,664.3414503725899,16.276008791194727,-1.1102230246251565e-16,0.0
0.9214999999999999,648.076910992582,664.341493210728,16.26458221814596,-1.1102230246251565e-16,0.0
0.9220000000000002,648.0883805769784,664.3415360484316,16.253155471453283,-1.1102230246251565e-16,-1.1368683772161603e-13
0.9225000000000001,648.0998503345895,664.3415788857008,16.241728551111237,-1.1102230246251565e-16,-1.1368683772161603e-13
0.9229999999999999,648.1113202654219,664.3416217225351,16.230301457113228,-1.1102230246251565e-16,0.0
0.9234999999999999,648.1227903694805,664.341664558935,16.218874189454482,0.0,1.1368683772161603e-13
0.9240000000000002,648.1342606467713,664.3417073949004,16.207446748129087,0.0,0.0
0.9245,648.1457310972996,664.3417502304312,16.196019133131585,-1.1102230246251565e-16,-1.1368683772161603e-13
0.9250000000000003,648.1572017210715,664.3417930655273,16.18459134445584,-1.1102230246251565e-16,0.0
0.9255000000000002,648.1686725180928,664.3418359001889,16.173163382096163,0.0,-1.1368683772161603e-13
0.9259999999999997,648.1801434883685,664.341878734416,16.161735246047556,0.0,-1.1368683772161603e-13
0.9265,648.1916146319052,664.3419215682084,16.150306936303195,0.0,1.1368683772161603e-13
0.9269999999999998,648.2030859487077,664.3419644015662,16.138878452858535,0.0,1.1368683772161603e-13
0.9275000000000001,648.2145574387821,664.3420072344895,16.127449795707435,0.0,0.0
0.928,648.2260291021339,664.3420500669783,16.116020964844438,-1.1102230246251565e-16,-1.1368683772161603e-13
0.9284999999999999,648.2375009387692,664.3420928990322,16.10459196026295,-1.1102230246251565e-16,0.0
0.9289999999999998,648.2489729486933,664.3421357306518,16.093162781958426,0.0,0.0
0.9295000000000001,648.2604451319121,664.3421785618366,16.081733429924498,0.0,0.0
0.93,648.271917488431,664.3422213925867,16.070303904155708,0.0,1.1368683772161603e-13
0.9305000000000003,648.2833900182561,664.3422642229025,16.058874204646372,0.0,-1.1368683772161603e-13
0.9310000000000002,648.2948627213925,664.3423070527836,16.047444331391034,-1.1102230246251565e-16,-1.1368683772161603e-13
0.9314999999999997,648.3063355978463,664.3423498822299,16.036014284383555,-1.1102230246251565e-16,-1.1368683772161603e-13
0.9319999999999999,648.3178086476232,664.3423927112417,16.024584063618477,-1.1102230246251565e-16,-1.1368683772161603e-13
0.9324999999999999,648.3292818707287,664.3424355398188,16.013153669090116,0.0,0.0
0.9330000000000002,648.3407552671686,664.3424783679613,16.001723100792788,-1.1102230246251565e-16,0.0
0.9335,648.3522288369486,664.3425211956692,15.99029235872058,0.0,0.0
0.9340000000000003,648.3637025800745,664.3425640229425,15.978861442868038,0.0,-1.1368683772161603e-13
0.9344999999999998,648.3751764965514,664.3426068497811,15.967430353229702,0.0,0.0
0.935,648.3866505863855,664.3426496761851,15.955999089799661,0.0,-1.1368683772161603e-13
0.9355,648.3981248495822,664.3426925021545,15.944567652572232,-2.220446049250313e-16,-1.1368683772161603e-13
0.9360000000000003,648.409599286148,664.3427353276891,15.933136041541047,-1.1102230246251565e-16,0.0
0.9365000000000001,648.4210738960876,664.3427781527892,15.92170425670156,0.0,-1.1368683772161603e-13
0.937,648.4325486794071,664.3428209774545,15.910272298047403,0.0,0.0
0.9374999999999999,648.444023636112,664.3428638016851,15.89884016557312,0.0,1.1368683772161603e-13
0.9379999999999998,648.4554987662077,664.3429066254812,15.88740785927348,-2.220446049250313e-16,1.1368683772161603e-13
0.9385000000000001,648.4669740697011,664.3429494488428,15.875975379141664,0.0,-1.1368683772161603e-13
0.939,648.4784495465967,664.3429922717694,15.864542725172669,0.0,-1.1368683772161603e-13
0.9395000000000003,648.4899251969005,664.3430350942615,15.853109897361037,-1.1102230246251565e-16,-1.1368683772161603e-13
0.9399999999999997,648.5014010206182,664.3430779163189,15.84167689570063,0.0,-1.1368683772161603e-13
0.9405000000000001,648.5128770177557,664.3431207379415,15.830243720185763,-1.1102230246251565e-16,0.0
0.941,648.5243531883184,664.3431635591296,15.818810370811207,-1.1102230246251565e-16,-1.1368683772161603e-13
0.9414999999999999,648.5358295323122,664.3432063798828,15.807376847570595,0.0,1.1368683772161603e-13
0.9420000000000002,648.5473060497425,664.3432492002016,15.795943150459152,0.0,-1.1368683772161603e-13
0.9425,648.5587827406152,664.3432920200855,15.784509279470285,-1.1102230246251565e-16,-1.1368683772161603e-13
0.943,648.5702596049364,664.3433348395347,15.77307523459831,0.0,-1.1368683772161603e-13
0.9434999999999998,648.5817366427107,664.3433776585493,15.761641015838677,-1.1102230246251565e-16,-1.1368683772161603e-13
0.9440000000000001,648.5932138539447,664.3434204771293,15.750206623184567,-1.1102230246251565e-16,-1.1368683772161603e-13
0.9445,648.6046912386439,664.3434632952742,15.738772056630296,0.0,1.1368683772161603e-13
0.9450000000000003,648.6161687968138,664.3435061129849,15.727337316171088,-2.220446049250313e-16,-1.1368683772161603e-13
0.9455000000000001,648.6276465284604,664.3435489302606,15.715902401800122,0.0,-1.1368683772161603e-13
0.9460000000000001,648.6391244335891,664.3435917471015,15.704467313512396,-1.1102230246251565e-16,-1.1368683772161603e-13
0.9464999999999999,648.6506025122055,664.3436345635077,15.693032051302225,0.0,1.1368683772161603e-13
0.9469999999999998,648.6620807643158,664.3436773794795,15.681596615163699,-1.1102230246251565e-16,0.0
0.9475000000000001,648.6735591899251,664.3437201950162,15.670161005091131,-1.1102230246251565e-16,1.1368683772161603e-13
0.948,648.6850377890396,664.3437630101184,15.65872522107884,0.0,0.0
0.9485000000000002,648.6965165616643,664.3438058247859,15.647289263121593,-1.1102230246251565e-16,-1.1368683772161603e-13
0.9489999999999997,648.7079955078057,664.3438486390185,15.635853131212798,-1.1102230246251565e-16,1.1368683772161603e-13
0.9495,648.7194746274693,664.3438914528165,15.624416825347225,0.0,0.0
0.95,648.7309539206599,664.3439342661798,15.612980345519873,-1.1102230246251565e-16,-1.1368683772161603e-13
0.9505000000000002,648.7424333873844,664.3439770791083,15.601543691723919,0.0,-1.1368683772161603e-13
0.9510000000000002,648.753913027648,664.3440198916019,15.590106863953906,-1.1102230246251565e-16,0.0
0.9515000000000005,648.7653928414561,664.3440627036607,15.578669862204606,0.0,1.1368683772161603e-13
0.952,648.7768728288149,664.344105515285,15.567232686470106,-1.1102230246251565e-16,-1.1368683772161603e-13
0.9524999999999998,648.7883529897299,664.3441483264744,15.555795336744495,0.0,0.0
0.9530000000000001,648.7998333242067,664.3441911372292,15.544357813022543,0.0,-1.1368683772161603e-13
0.9535,648.811313832251,664.3442339475491,15.532920115298111,-1.1102230246251565e-16,0.0
0.9540000000000003,648.8227945138685,664.3442767574343,15.521482243565742,0.0,0.0
0.9544999999999998,648.8342753690652,664.3443195668847,15.510044197819525,0.0,0.0
0.9550000000000001,648.8457563978461,664.3443623759003,15.49860597805423,-1.1102230246251565e-16,-1.1368683772161603e-13
0.9554999999999999,648.8572376002178,664.3444051844813,15.487167584263489,0.0,-1.1368683772161603e-13
0.9560000000000002,648.8687189761852,664.3444479926272,15.475729016442074,0.0,0.0
0.9565000000000001,648.8802005257544,664.3444908003385,15.464290274584073,0.0,0.0
0.957,648.8916822489309,664.344533607615,15.452851358684029,0.0,1.1368683772161603e-13
0.9574999999999999,648.9031641457202,664.3445764144567,15.441412268736485,-1.1102230246251565e-16,1.1368683772161603e-13
0.9579999999999997,648.9146462161286,664.3446192208637,15.429973004735075,-1.1102230246251565e-16,0.0
0.9585,648.9261284601616,664.3446620268357,15.418533566674114,-1.1102230246251565e-16,0.0
0.959,648.9376108778247,664.344704832373,15.407093954548372,-2.220446049250313e-16,1.1368683772161603e-13
0.9595000000000002,648.9490934691237,664.3447476374756,15.395654168351939,-1.1102230246251565e-16,1.1368683772161603e-13
0.9600000000000001,648.9605762340641,664.3447904421434,15.384214208079356,-1.1102230246251565e-16,0.0
0.9605,648.972059172652,664.3448332463763,15.372774073724258,0.0,0.0
0.9609999999999999,648.9835422848928,664.3448760501744,15.361333765281643,0.0,0.0
0.9615000000000001,648.9950255707922,664.3449188535376,15.34989328274537,0.0,1.1368683772161603e-13
0.9620000000000001,649.0065090303558,664.3449616564662,15.338452626110438,0.0,-1.1368683772161603e-13
0.9624999999999999,649.0179926635894,664.3450044589599,15.327011795370481,-1.1102230246251565e-16,-1.1368683772161603e-13
0.9630000000000003,649.029476470499,664.3450472610186,15.315570790519587,-1.1102230246251565e-16,0.0
0.9634999999999997,649.0409604510899,664.3450900626428,15.30412961155298,-1.1102230246251565e-16,-1.1368683772161603e-13
0.9640000000000001,649.0524446053678,664.3451328638319,15.292688258464068,-1.1102230246251565e-16,0.0
0.9644999999999999,649.063928933339,664.3451756645861,15.281246731247165,0.0,0.0
0.9650000000000002,649.0754134350082,664.3452184649057,15.269805029897498,0.0,-1.1368683772161603e-13
0.9655000000000001,649.086898110382,664.3452612647902,15.258363154408244,0.0,1.1368683772161603e-13
0.966,649.0983829594654,664.3453040642403,15.246921104774856,0.0,-1.1368683772161603e-13
0.9664999999999999,649.1098679822644,664.3453468632551,15.23547888099074,0.0,-1.1368683772161603e-13
0.9670000000000002,649.1213531787851,664.3453896618353,15.224036483050213,0.0,-1.1368683772161603e-13
0.9675,649.1328385490326,664.3454324599804,15.212593910947817,0.0,0.0
0.968,649.1443240930128,664.3454752576909,15.201151164678095,0.0,0.0
0.9685000000000002,649.1558098107314,664.3455180549665,15.189708244235135,-1.1102230246251565e-16,-1.1368683772161603e-13
0.9689999999999998,649.1672957021938,664.345560851807,15.178265149613253,-1.1102230246251565e-16,0.0
0.9695,649.1787817674065,664.345603648213,15.166821880806538,-1.1102230246251565e-16,-1.1368683772161603e-13
0.9699999999999999,649.1902680063745,664.345646444184,15.155378437809532,0.0,-1.1368683772161603e-13
0.9705000000000001,649.2017544191037,664.3456892397198,15.143934820616096,0.0,0.0
0.9710000000000001,649.2132410055997,664.3457320348211,15.132491029221455,-1.1102230246251565e-16,-1.1368683772161603e-13
0.9715000000000004,649.2247277658687,664.3457748294875,15.12104706361879,0.0,-1.1368683772161603e-13
0.9719999999999999,649.2362146999155,664.3458176237189,15.109602923803322,-1.1102230246251565e-16,-1.1368683772161603e-13
0.9724999999999997,649.2477018077466,664.3458604175155,15.098158609768916,-1.1102230246251565e-16,-1.1368683772161603e-13
0.973,649.2591890893673,664.3459032108772,15.086714121509885,0.0,-1.1368683772161603e-13
0.9734999999999999,649.2706765447836,664.3459460038039,15.07526945902032,-1.1102230246251565e-16,-1.1368683772161603e-13
0.9740000000000002,649.2821641740009,664.3459887962956,15.06382462229476,0.0,-1.1368683772161603e-13
0.9745000000000001,649.2936519770246,664.3460315883526,15.052379611327979,-1.1102230246251565e-16,0.0
0.975,649.3051399538615,664.3460743799747,15.040934426113154,0.0,0.0
0.9754999999999999,649.3166281045162,664.3461171711617,15.02948906664551,-1.1102230246251565e-16,1.1368683772161603e-13
0.9760000000000002,649.3281164289951,664.346159961914,15.01804353291891,0.0,0.0
0.9765,649.3396049273035,664.3462027522314,15.006597824927894,0.0,-1.1368683772161603e-13
0.9770000000000003,649.3510935994473,664.3462455421138,14.995151942666553,-1.1102230246251565e-16,0.0
0.9774999999999998,649.362582445432,664.3462883315613,14.9837058861292,0.0,0.0
0.9779999999999998,649.3740714652631,664.346331120574,14.972259655310836,-1.1102230246251565e-16,0.0
0.9785,649.385560658947,664.3463739091515,14.96081325020441,0.0,1.1368683772161603e-13
0.9789999999999999,649.3970500264891,664.3464166972942,14.949366670805148,0.0,0.0
0.9795000000000001,649.4085395678951,664.346459485002,14.93791991710691,0.0,-1.1368683772161603e-13
0.9800000000000001,649.4200292831704,664.3465022722748,14.926472989104468,0.0,0.0
0.9804999999999999,649.4315191723208,664.3465450591127,14.91502588679191,0.0,1.1368683772161603e-13
0.9809999999999999,649.4430092353525,664.3465878455158,14.903578610163322,0.0,-1.1368683772161603e-13
0.9815000000000002,649.4544994722708,664.3466306314838,14.892131159213022,-1.1102230246251565e-16,0.0
0.982,649.4659898830812,664.346673417017,14.88068353393578,-1.1102230246251565e-16,-1.1368683772161603e-13
0.9825000000000003,649.47748046779,664.346716202115,14.869235734325002,-1.1102230246251565e-16,0.0
0.9830000000000002,649.4889712264023,664.3467589867782,14.857787760375913,-1.1102230246251565e-16,-1.1368683772161603e-13
0.9834999999999997,649.5004621589242,664.3468017710063,14.846339612082147,-1.1102230246251565e-16,1.1368683772161603e-13
0.984,649.5119532653614,664.3468445547996,14.834891289438247,-1.1102230246251565e-16,0.0
0.9844999999999998,649.5234445457195,664.3468873381578,14.8234427924383,0.0,1.1368683772161603e-13
0.9850000000000002,649.5349360000039,664.3469301210812,14.811994121077305,0.0,0.0
0.9855,649.5464276282207,664.3469729035696,14.800545275348895,-1.1102230246251565e-16,-1.1368683772161603e-13
0.9860000000000003,649.5579194303759,664.3470156856229,14.789096255246932,0.0,1.1368683772161603e-13
0.9864999999999998,649.5694114064743,664.3470584672414,14.777647060767094,0.0,-1.1368683772161603e-13
0.9870000000000001,649.5809035565223,664.3471012484247,14.766197691902335,-1.1102230246251565e-16,1.1368683772161603e-13
0.9875,649.5923958805256,664.3471440291733,14.75474814864765,0.0,-1.1368683772161603e-13
0.9879999999999999,649.6038883784895,664.3471868094866,14.743298430997129,0.0,0.0
0.9885000000000002,649.6153810504202,664.347229589365,14.73184853894486,0.0,1.1368683772161603e-13
0.9889999999999997,649.6268738963226,664.3472723688085,14.72039847248584,0.0,0.0
0.9894999999999999,649.6383669162035,664.347315147817,14.708948231613476,-1.1102230246251565e-16,0.0
0.9899999999999999,649.649860110068,664.3473579263905,14.697497816322539,-1.1102230246251565e-16,-1.1368683772161603e-13
0.9905000000000002,649.6613534779217,664.347400704529,14.686047226607343,-1.1102230246251565e-16,-1.1368683772161603e-13
0.991,649.6728470197704,664.3474434822324,14.674596462461977,-1.1102230246251565e-16,0.0
0.9915000000000003,649.68434073562,664.3474862595008,14.663145523880758,0.0,0.0
0.9919999999999998,649.6958346254762,664.3475290363342,14.651694410858,0.0,0.0
0.9925,649.7073286893444,664.3475718127327,14.640243123388245,0.0,0.0
0.993,649.718822927231,664.3476145886959,14.628791661464902,1.1102230246251565e-16,1.1368683772161603e-13
0.9934999999999998,649.7303173391408,664.3476573642245,14.61734002508365,0.0,-1.1368683772161603e-13
0.9940000000000001,649.7418119250799,664.3477001393178,14.605888214237893,-1.1102230246251565e-16,-1.1368683772161603e-13
0.9945,649.7533066850544,664.3477429139759,14.594436228921495,-1.1102230246251565e-16,1.1368683772161603e-13
0.9949999999999999,649.7648016190694,664.3477856881993,14.582984069129907,-1.1102230246251565e-16,0.0
0.9954999999999998,649.776296727131,664.3478284619875,14.571531734856535,-1.1102230246251565e-16,-1.1368683772161603e-13
0.9960000000000001,649.7877920092446,664.3478712353408,14.56007922609615,0.0,-1.1368683772161603e-13
0.9965,649.7992874654165,664.3479140082588,14.548626542842385,0.0,0.0
0.9970000000000003,649.8107830956517,664.3479567807419,14.537173685090238,-1.1102230246251565e-16,0.0
0.9975000000000002,649.8222788999562,664.34799955279,14.525720652833797,0.0,0.0
0.9980000000000001,649.8337748783358,664.3480423244032,14.514267446067379,-1.1102230246251565e-16,-1.1368683772161603e-13
0.9984999999999999,649.8452710307965,664.3480850955809,14.502814064784388,0.0,1.1368683772161603e-13
0.9989999999999999,649.856767357343,664.3481278663239,14.49136050898096,-1.1102230246251565e-16,0.0
0.9995000000000002,649.8682638579819,664.3481706366317,14.47990677864982,-1.1102230246251565e-16,0.0
1.0,649.8797605327188,664.3482134065046,14.468452873785736,-1.1102230246251565e-16,-1.1368683772161603e-13
